verdict,expected_market_id,snapshot_market_id,start,end,duration_seconds,samples,max_snapshot_gap_ms
NO_ACCEPTED_PREDICTION_BOOK,6808019,6808019,2026-07-31T18:00:05.083540+00:00,2026-07-31T18:00:06.925998+00:00,1.842458,3,126.90048
ACTIVE_MATCH,6808019,6808019,2026-07-31T18:00:07.940955+00:00,2026-07-31T18:00:34.113706+00:00,26.172751,27,2541.897284
NO_MICRO_SNAPSHOT,6808019,6808019,2026-07-31T18:00:35.133671+00:00,2026-07-31T18:00:44.206029+00:00,9.072358,10,7775.474364
NO_ACCEPTED_PREDICTION_BOOK,6808019,6808019,2026-07-31T18:00:45.222318+00:00,2026-07-31T18:00:48.463327+00:00,3.241009,4,2728.236476
ACTIVE_MATCH,6808019,6808019,2026-07-31T18:00:49.266440+00:00,2026-07-31T18:01:34.711601+00:00,45.445161,46,2977.415396
NO_MICRO_SNAPSHOT,6808019,6808019,2026-07-31T18:01:35.726133+00:00,2026-07-31T18:01:42.808437+00:00,7.082304,8,7046.674404
NO_ACCEPTED_PREDICTION_BOOK,6808019,6808019,2026-07-31T18:01:43.807127+00:00,2026-07-31T18:01:45.841012+00:00,2.033885,3,2691.69326
ACTIVE_MATCH,6808019,6808019,2026-07-31T18:01:46.823649+00:00,2026-07-31T18:02:34.498760+00:00,47.675111,48,2813.041436
NO_MICRO_SNAPSHOT,6808019,6808019,2026-07-31T18:02:35.318998+00:00,2026-07-31T18:02:44.421534+00:00,9.102536,10,7944.9043
NO_ACCEPTED_PREDICTION_BOOK,6808019,6808019,2026-07-31T18:02:45.462839+00:00,2026-07-31T18:02:48.455023+00:00,2.992184,4,2836.580716
ACTIVE_MATCH,6808019,6808019,2026-07-31T18:02:49.665297+00:00,2026-07-31T18:03:33.950822+00:00,44.285525,45,2169.497444
NO_MICRO_SNAPSHOT,6808019,6808019,2026-07-31T18:03:35.156292+00:00,2026-07-31T18:03:46.009860+00:00,10.853568,12,8265.24912
NO_ACCEPTED_PREDICTION_BOOK,6808019,6808019,2026-07-31T18:03:47.011207+00:00,2026-07-31T18:03:51.164568+00:00,4.153361,5,2290.280032
ACTIVE_MATCH,6808019,6808019,2026-07-31T18:03:52.046118+00:00,2026-07-31T18:04:34.467435+00:00,42.421317,43,2654.304108
NO_MICRO_SNAPSHOT,6808019,6808019,2026-07-31T18:04:35.715894+00:00,2026-07-31T18:04:51.599208+00:00,15.883314,17,11694.331664
NO_ACCEPTED_PREDICTION_BOOK,6808019,6808019,2026-07-31T18:04:52.585543+00:00,2026-07-31T18:04:55.635785+00:00,3.050242,4,2655.311888
ACTIVE_MATCH,6808019,6808019,2026-07-31T18:04:56.635033+00:00,2026-07-31T18:04:59.726671+00:00,3.091638,4,76.94338
NO_ACCEPTED_PREDICTION_BOOK,6808027,6808027,2026-07-31T18:05:05.744361+00:00,2026-07-31T18:05:05.744361+00:00,0.0,1,93.90284
ACTIVE_MATCH,6808027,6808027,2026-07-31T18:05:06.340814+00:00,2026-07-31T18:05:33.544919+00:00,27.204105,28,1797.36434
NO_MICRO_SNAPSHOT,6808027,6808027,2026-07-31T18:05:34.757425+00:00,2026-07-31T18:05:44.674591+00:00,9.917166,11,7862.029428
NO_ACCEPTED_PREDICTION_BOOK,6808027,6808027,2026-07-31T18:05:45.656178+00:00,2026-07-31T18:05:47.684845+00:00,2.028667,3,2513.29888
ACTIVE_MATCH,6808027,6808027,2026-07-31T18:05:48.674091+00:00,2026-07-31T18:06:34.131189+00:00,45.457098,46,2344.200692
NO_MICRO_SNAPSHOT,6808027,6808027,2026-07-31T18:06:35.361341+00:00,2026-07-31T18:06:48.600771+00:00,13.23943,14,9828.91802
NO_ACCEPTED_PREDICTION_BOOK,6808027,6808027,2026-07-31T18:06:49.609496+00:00,2026-07-31T18:06:52.590412+00:00,2.980916,4,2710.456836
ACTIVE_MATCH,6808027,6808027,2026-07-31T18:06:53.593484+00:00,2026-07-31T18:07:33.979914+00:00,40.38643,41,2138.700284
NO_MICRO_SNAPSHOT,6808027,6808027,2026-07-31T18:07:34.972048+00:00,2026-07-31T18:07:50.194750+00:00,15.222702,16,11269.421308
NO_ACCEPTED_PREDICTION_BOOK,6808027,6808027,2026-07-31T18:07:51.827933+00:00,2026-07-31T18:07:55.247905+00:00,3.419972,5,2835.394716
ACTIVE_MATCH,6808027,6808027,2026-07-31T18:07:56.242506+00:00,2026-07-31T18:08:34.774499+00:00,38.531993,39,2949.628416
NO_MICRO_SNAPSHOT,6808027,6808027,2026-07-31T18:08:35.779766+00:00,2026-07-31T18:08:41.990058+00:00,6.210292,7,6186.2407
NO_ACCEPTED_PREDICTION_BOOK,6808027,6808027,2026-07-31T18:08:42.990953+00:00,2026-07-31T18:08:46.038067+00:00,3.047114,4,2994.16774
ACTIVE_MATCH,6808027,6808027,2026-07-31T18:08:47.012681+00:00,2026-07-31T18:09:34.416813+00:00,47.404132,48,2740.0542
NO_MICRO_SNAPSHOT,6808027,6808027,2026-07-31T18:09:35.436081+00:00,2026-07-31T18:09:45.543459+00:00,10.107378,11,7961.19724
NO_ACCEPTED_PREDICTION_BOOK,6808027,6808027,2026-07-31T18:09:46.535127+00:00,2026-07-31T18:09:59.642616+00:00,13.107489,14,2045.88676
NO_ACCEPTED_PREDICTION_BOOK,6808055,6808055,2026-07-31T18:10:03.554890+00:00,2026-07-31T18:10:03.554890+00:00,0.0,1,35.966016
ACTIVE_MATCH,6808055,6808055,2026-07-31T18:10:03.912181+00:00,2026-07-31T18:10:34.204880+00:00,30.292699,31,2328.371572
NO_MICRO_SNAPSHOT,6808055,6808055,2026-07-31T18:10:35.200032+00:00,2026-07-31T18:10:47.323323+00:00,12.123291,13,9390.621556
NO_ACCEPTED_PREDICTION_BOOK,6808055,6808055,2026-07-31T18:10:48.537236+00:00,2026-07-31T18:10:51.356882+00:00,2.819646,4,2947.490032
ACTIVE_MATCH,6808055,6808055,2026-07-31T18:10:52.353455+00:00,2026-07-31T18:11:34.737348+00:00,42.383893,43,2809.288496
NO_MICRO_SNAPSHOT,6808055,6808055,2026-07-31T18:11:35.721566+00:00,2026-07-31T18:11:47.880615+00:00,12.159049,13,9878.421296
NO_ACCEPTED_PREDICTION_BOOK,6808055,6808055,2026-07-31T18:11:49.146715+00:00,2026-07-31T18:11:51.930407+00:00,2.783692,4,2600.73462
ACTIVE_MATCH,6808055,6808055,2026-07-31T18:11:52.921256+00:00,2026-07-31T18:12:34.658945+00:00,41.737689,42,2843.113724
NO_MICRO_SNAPSHOT,6808055,6808055,2026-07-31T18:12:35.329398+00:00,2026-07-31T18:12:50.434361+00:00,15.104963,16,10551.35078
NO_ACCEPTED_PREDICTION_BOOK,6808055,6808055,2026-07-31T18:12:51.418430+00:00,2026-07-31T18:12:53.463291+00:00,2.044861,3,2061.227192
ACTIVE_MATCH,6808055,6808055,2026-07-31T18:12:54.483927+00:00,2026-07-31T18:13:33.917198+00:00,39.433271,40,2014.012924
NO_MICRO_SNAPSHOT,6808055,6808055,2026-07-31T18:13:35.188463+00:00,2026-07-31T18:13:49.086923+00:00,13.89846,15,10105.292028
NO_ACCEPTED_PREDICTION_BOOK,6808055,6808055,2026-07-31T18:13:50.287648+00:00,2026-07-31T18:14:34.452440+00:00,44.164792,45,2815.2068
NO_MICRO_SNAPSHOT,6808055,6808055,2026-07-31T18:14:35.857313+00:00,2026-07-31T18:14:44.656825+00:00,8.799512,10,7795.38674
NO_ACCEPTED_PREDICTION_BOOK,6808055,6808055,2026-07-31T18:14:45.683935+00:00,2026-07-31T18:14:59.636040+00:00,13.952105,15,2631.044724
ACTIVE_MATCH,6808056,6808056,2026-07-31T18:15:05.773477+00:00,2026-07-31T18:15:34.760868+00:00,28.987391,30,2862.946296
NO_MICRO_SNAPSHOT,6808056,6808056,2026-07-31T18:15:35.771682+00:00,2026-07-31T18:15:41.803399+00:00,6.031717,7,6377.812496
NO_ACCEPTED_PREDICTION_BOOK,6808056,6808056,2026-07-31T18:15:42.816020+00:00,2026-07-31T18:15:44.836693+00:00,2.020673,3,2346.767632
ACTIVE_MATCH,6808056,6808056,2026-07-31T18:15:45.825058+00:00,2026-07-31T18:16:34.386934+00:00,48.561876,49,2484.017516
NO_MICRO_SNAPSHOT,6808056,6808056,2026-07-31T18:16:35.222212+00:00,2026-07-31T18:16:45.343888+00:00,10.121676,11,8368.254572
NO_ACCEPTED_PREDICTION_BOOK,6808056,6808056,2026-07-31T18:16:46.374289+00:00,2026-07-31T18:16:48.406871+00:00,2.032582,3,2289.043348
ACTIVE_MATCH,6808056,6808056,2026-07-31T18:16:49.561153+00:00,2026-07-31T18:17:33.758591+00:00,44.197438,45,1764.010676
NO_MICRO_SNAPSHOT,6808056,6808056,2026-07-31T18:17:35.075871+00:00,2026-07-31T18:17:45.864389+00:00,10.788518,12,8191.139892
NO_ACCEPTED_PREDICTION_BOOK,6808056,6808056,2026-07-31T18:17:46.870480+00:00,2026-07-31T18:17:48.908257+00:00,2.037777,3,2135.019572
ACTIVE_MATCH,6808056,6808056,2026-07-31T18:17:50.124021+00:00,2026-07-31T18:18:34.248086+00:00,44.124065,45,2364.987716
NO_MICRO_SNAPSHOT,6808056,6808056,2026-07-31T18:18:35.549686+00:00,2026-07-31T18:18:48.396508+00:00,12.846822,14,9436.786756
NO_ACCEPTED_PREDICTION_BOOK,6808056,6808056,2026-07-31T18:18:49.379349+00:00,2026-07-31T18:18:51.396924+00:00,2.017575,3,2122.593308
ACTIVE_MATCH,6808056,6808056,2026-07-31T18:18:52.391958+00:00,2026-07-31T18:19:34.753054+00:00,42.361096,43,2684.303852
NO_MICRO_SNAPSHOT,6808056,6808056,2026-07-31T18:19:36.024425+00:00,2026-07-31T18:19:51.960746+00:00,15.936321,17,11731.363692
NO_ACCEPTED_PREDICTION_BOOK,6808056,6808056,2026-07-31T18:19:52.952281+00:00,2026-07-31T18:19:55.978475+00:00,3.026194,4,2585.781612
ACTIVE_MATCH,6808056,6808056,2026-07-31T18:19:56.979101+00:00,2026-07-31T18:19:57.983734+00:00,1.004633,2,135.815428
NO_ACCEPTED_PREDICTION_BOOK,6808056,6808056,2026-07-31T18:19:58.978900+00:00,2026-07-31T18:19:58.978900+00:00,0.0,1,2.185768
NO_MICRO_SNAPSHOT,6808070,6808070,2026-07-31T18:20:39.121756+00:00,2026-07-31T18:20:44.983134+00:00,5.861378,7,7754.298896
NO_ACCEPTED_PREDICTION_BOOK,6808070,6808070,2026-07-31T18:20:45.988494+00:00,2026-07-31T18:20:48.200343+00:00,2.211849,3,2573.458676
ACTIVE_MATCH,6808070,6808070,2026-07-31T18:20:49.037268+00:00,2026-07-31T18:21:34.385329+00:00,45.348061,46,2346.690996
NO_MICRO_SNAPSHOT,6808070,6808070,2026-07-31T18:21:35.425206+00:00,2026-07-31T18:21:43.485131+00:00,8.059925,9,7083.57626
NO_ACCEPTED_PREDICTION_BOOK,6808070,6808070,2026-07-31T18:21:44.498647+00:00,2026-07-31T18:21:46.522085+00:00,2.023438,3,2032.38906
ACTIVE_MATCH,6808070,6808070,2026-07-31T18:21:47.508367+00:00,2026-07-31T18:22:34.938413+00:00,47.430046,48,2944.6679
NO_MICRO_SNAPSHOT,6808070,6808070,2026-07-31T18:22:35.949468+00:00,2026-07-31T18:22:42.005044+00:00,6.055576,7,6183.985404
NO_ACCEPTED_PREDICTION_BOOK,6808070,6808070,2026-07-31T18:22:43.021490+00:00,2026-07-31T18:22:45.048938+00:00,2.027448,3,2142.032124
ACTIVE_MATCH,6808070,6808070,2026-07-31T18:22:46.062442+00:00,2026-07-31T18:23:34.646441+00:00,48.583999,49,2384.84376
NO_MICRO_SNAPSHOT,6808070,6808070,2026-07-31T18:23:35.505978+00:00,2026-07-31T18:23:42.589343+00:00,7.083365,8,6495.162216
NO_ACCEPTED_PREDICTION_BOOK,6808070,6808070,2026-07-31T18:23:43.568175+00:00,2026-07-31T18:23:45.584781+00:00,2.016606,3,2532.232296
ACTIVE_MATCH,6808070,6808070,2026-07-31T18:23:46.621737+00:00,2026-07-31T18:24:34.027708+00:00,47.405971,48,1850.36166
NO_MICRO_SNAPSHOT,6808070,6808070,2026-07-31T18:24:35.229824+00:00,2026-07-31T18:24:42.085740+00:00,6.855916,8,6476.278536
NO_ACCEPTED_PREDICTION_BOOK,6808070,6808070,2026-07-31T18:24:43.067482+00:00,2026-07-31T18:24:45.119952+00:00,2.05247,3,2489.537288
ACTIVE_MATCH,6808070,6808070,2026-07-31T18:24:46.102025+00:00,2026-07-31T18:24:59.192440+00:00,13.090415,14,145.486424
NO_ACCEPTED_PREDICTION_BOOK,6808080,6808080,2026-07-31T18:25:04.950599+00:00,2026-07-31T18:25:04.950599+00:00,0.0,1,5.802888
ACTIVE_MATCH,6808080,6808080,2026-07-31T18:25:05.787467+00:00,2026-07-31T18:25:35.027138+00:00,29.239671,30,2771.818848
NO_MICRO_SNAPSHOT,6808080,6808080,2026-07-31T18:25:36.032960+00:00,2026-07-31T18:25:41.076734+00:00,5.043774,6,5988.157596
NO_ACCEPTED_PREDICTION_BOOK,6808080,6808080,2026-07-31T18:25:42.072637+00:00,2026-07-31T18:25:45.077029+00:00,3.004392,4,2978.703516
ACTIVE_MATCH,6808080,6808080,2026-07-31T18:25:46.084411+00:00,2026-07-31T18:26:34.630120+00:00,48.545709,49,2395.581436
NO_MICRO_SNAPSHOT,6808080,6808080,2026-07-31T18:26:35.481273+00:00,2026-07-31T18:26:41.521853+00:00,6.04058,7,6276.654588
NO_ACCEPTED_PREDICTION_BOOK,6808080,6808080,2026-07-31T18:26:42.562124+00:00,2026-07-31T18:26:44.579918+00:00,2.017794,3,2729.873368
ACTIVE_MATCH,6808080,6808080,2026-07-31T18:26:45.583736+00:00,2026-07-31T18:27:34.016498+00:00,48.432762,49,1967.959376
NO_MICRO_SNAPSHOT,6808080,6808080,2026-07-31T18:27:35.209204+00:00,2026-07-31T18:27:44.104596+00:00,8.895392,10,7519.158536
NO_ACCEPTED_PREDICTION_BOOK,6808080,6808080,2026-07-31T18:27:45.097619+00:00,2026-07-31T18:27:47.113823+00:00,2.016204,3,2497.896456
ACTIVE_MATCH,6808080,6808080,2026-07-31T18:27:48.148696+00:00,2026-07-31T18:28:02.304636+00:00,14.15594,15,105.90744
NO_ACCEPTED_PREDICTION_BOOK,6808080,6808080,2026-07-31T18:28:03.322564+00:00,2026-07-31T18:28:34.604326+00:00,31.281762,32,2539.620088
NO_MICRO_SNAPSHOT,6808080,6808080,2026-07-31T18:28:35.841927+00:00,2026-07-31T18:28:43.697499+00:00,7.855572,9,7274.404576
NO_ACCEPTED_PREDICTION_BOOK,6808080,6808080,2026-07-31T18:28:44.693603+00:00,2026-07-31T18:29:35.011459+00:00,50.317856,48,2776.844472
NO_MICRO_SNAPSHOT,6808080,6808080,2026-07-31T18:29:36.004278+00:00,2026-07-31T18:29:44.141755+00:00,8.137477,9,7283.623344
NO_ACCEPTED_PREDICTION_BOOK,6808080,6808080,2026-07-31T18:29:45.108570+00:00,2026-07-31T18:29:59.220183+00:00,14.111613,15,2238.727088
NO_ACCEPTED_PREDICTION_BOOK,6808082,6808082,2026-07-31T18:30:04.926084+00:00,2026-07-31T18:30:04.926084+00:00,0.0,1,26.193096
ACTIVE_MATCH,6808082,6808082,2026-07-31T18:30:05.812023+00:00,2026-07-31T18:30:35.029893+00:00,29.21787,30,2708.188764
NO_MICRO_SNAPSHOT,6808082,6808082,2026-07-31T18:30:36.026972+00:00,2026-07-31T18:30:41.130677+00:00,5.103705,6,5737.182812
NO_ACCEPTED_PREDICTION_BOOK,6808082,6808082,2026-07-31T18:30:42.082362+00:00,2026-07-31T18:30:44.126527+00:00,2.044165,3,2700.567844
ACTIVE_MATCH,6808082,6808082,2026-07-31T18:30:45.119458+00:00,2026-07-31T18:31:34.712178+00:00,49.59272,50,2461.68232
NO_MICRO_SNAPSHOT,6808082,6808082,2026-07-31T18:31:35.542653+00:00,2026-07-31T18:31:42.611792+00:00,7.069139,8,6302.424464
NO_ACCEPTED_PREDICTION_BOOK,6808082,6808082,2026-07-31T18:31:43.640700+00:00,2026-07-31T18:31:45.697303+00:00,2.056603,3,2158.15794
ACTIVE_MATCH,6808082,6808082,2026-07-31T18:31:46.657370+00:00,2026-07-31T18:32:34.049234+00:00,47.391864,48,1883.21072
NO_MICRO_SNAPSHOT,6808082,6808082,2026-07-31T18:32:35.250251+00:00,2026-07-31T18:32:41.145309+00:00,5.895058,7,5907.888608
NO_ACCEPTED_PREDICTION_BOOK,6808082,6808082,2026-07-31T18:32:42.127514+00:00,2026-07-31T18:32:44.128203+00:00,2.000689,3,2053.125344
ACTIVE_MATCH,6808082,6808082,2026-07-31T18:32:45.151278+00:00,2026-07-31T18:33:34.549937+00:00,49.398659,50,2150.565696
NO_MICRO_SNAPSHOT,6808082,6808082,2026-07-31T18:33:35.715120+00:00,2026-07-31T18:33:40.620410+00:00,4.90529,6,5513.8226
NO_ACCEPTED_PREDICTION_BOOK,6808082,6808082,2026-07-31T18:33:41.616813+00:00,2026-07-31T18:33:43.635320+00:00,2.018507,3,2480.497544
ACTIVE_MATCH,6808082,6808082,2026-07-31T18:33:44.649943+00:00,2026-07-31T18:34:35.071051+00:00,50.421108,51,2881.794808
NO_MICRO_SNAPSHOT,6808082,6808082,2026-07-31T18:34:36.200742+00:00,2026-07-31T18:34:41.127961+00:00,4.927219,6,5882.829816
NO_ACCEPTED_PREDICTION_BOOK,6808082,6808082,2026-07-31T18:34:42.139189+00:00,2026-07-31T18:34:44.169420+00:00,2.030231,3,2098.774908
ACTIVE_MATCH,6808082,6808082,2026-07-31T18:34:45.160965+00:00,2026-07-31T18:34:59.267049+00:00,14.106084,15,126.875636
NO_ACCEPTED_PREDICTION_BOOK,6808093,6808093,2026-07-31T18:35:05.121256+00:00,2026-07-31T18:35:35.178481+00:00,30.057225,31,2779.102152
NO_MICRO_SNAPSHOT,6808093,6808093,2026-07-31T18:35:36.226312+00:00,2026-07-31T18:35:42.258635+00:00,6.032323,7,6065.935032
NO_ACCEPTED_PREDICTION_BOOK,6808093,6808093,2026-07-31T18:35:43.274359+00:00,2026-07-31T18:36:34.956631+00:00,51.682272,52,2456.70374
NO_MICRO_SNAPSHOT,6808093,6808093,2026-07-31T18:36:35.820355+00:00,2026-07-31T18:36:41.827713+00:00,6.007358,7,5995.954284
NO_ACCEPTED_PREDICTION_BOOK,6808093,6808093,2026-07-31T18:36:42.872910+00:00,2026-07-31T18:37:35.436027+00:00,52.563117,53,2952.267036
NO_MICRO_SNAPSHOT,6808093,6808093,2026-07-31T18:37:36.289089+00:00,2026-07-31T18:37:42.345160+00:00,6.056071,7,6169.10294
NO_ACCEPTED_PREDICTION_BOOK,6808093,6808093,2026-07-31T18:37:43.390939+00:00,2026-07-31T18:38:34.802095+00:00,51.411156,52,2436.457248
NO_MICRO_SNAPSHOT,6808093,6808093,2026-07-31T18:38:35.979339+00:00,2026-07-31T18:38:40.890260+00:00,4.910921,6,5497.117472
NO_ACCEPTED_PREDICTION_BOOK,6808093,6808093,2026-07-31T18:38:41.890254+00:00,2026-07-31T18:39:34.260966+00:00,52.370712,53,2212.31512
NO_MICRO_SNAPSHOT,6808093,6808093,2026-07-31T18:39:35.307929+00:00,2026-07-31T18:39:40.307656+00:00,4.999727,6,5670.873952
NO_ACCEPTED_PREDICTION_BOOK,6808093,6808093,2026-07-31T18:39:41.311903+00:00,2026-07-31T18:39:59.433207+00:00,18.121304,19,2654.909024
NO_ACCEPTED_PREDICTION_BOOK,6808101,6808101,2026-07-31T18:40:05.720685+00:00,2026-07-31T18:40:34.768183+00:00,29.047498,30,2266.46634
NO_MICRO_SNAPSHOT,6808101,6808101,2026-07-31T18:40:35.772525+00:00,2026-07-31T18:40:40.818308+00:00,5.045783,6,5391.781552
NO_ACCEPTED_PREDICTION_BOOK,6808101,6808101,2026-07-31T18:40:41.839845+00:00,2026-07-31T18:41:35.226786+00:00,53.386941,54,2941.068992
NO_MICRO_SNAPSHOT,6808101,6808101,2026-07-31T18:41:36.234074+00:00,2026-07-31T18:41:40.252637+00:00,4.018563,5,5959.223232
NO_ACCEPTED_PREDICTION_BOOK,6808101,6808101,2026-07-31T18:41:41.277347+00:00,2026-07-31T18:42:34.733347+00:00,53.456,54,2977.340928
NO_MICRO_SNAPSHOT,6808101,6808101,2026-07-31T18:42:35.743570+00:00,2026-07-31T18:42:40.786576+00:00,5.043006,6,5363.734416
NO_ACCEPTED_PREDICTION_BOOK,6808101,6808101,2026-07-31T18:42:41.787849+00:00,2026-07-31T18:43:35.271594+00:00,53.483745,54,2771.423884
NO_MICRO_SNAPSHOT,6808101,6808101,2026-07-31T18:43:36.321483+00:00,2026-07-31T18:43:42.365302+00:00,6.043819,7,6402.979812
NO_ACCEPTED_PREDICTION_BOOK,6808101,6808101,2026-07-31T18:43:43.355399+00:00,2026-07-31T18:44:34.831915+00:00,51.476516,52,2380.674788
NO_MICRO_SNAPSHOT,6808101,6808101,2026-07-31T18:44:35.703334+00:00,2026-07-31T18:44:40.757033+00:00,5.053699,6,5326.788272
NO_ACCEPTED_PREDICTION_BOOK,6808101,6808101,2026-07-31T18:44:41.752316+00:00,2026-07-31T18:44:58.873002+00:00,17.120686,18,2325.445296
NO_ACCEPTED_PREDICTION_BOOK,6808106,6808106,2026-07-31T18:45:05.228514+00:00,2026-07-31T18:45:35.321191+00:00,30.092677,31,2717.685868
NO_MICRO_SNAPSHOT,6808106,6808106,2026-07-31T18:45:36.344816+00:00,2026-07-31T18:45:40.386447+00:00,4.041631,5,5719.007012
NO_ACCEPTED_PREDICTION_BOOK,6808106,6808106,2026-07-31T18:45:41.387805+00:00,2026-07-31T18:46:34.848790+00:00,53.460985,54,2673.051172
NO_MICRO_SNAPSHOT,6808106,6808106,2026-07-31T18:46:35.854802+00:00,2026-07-31T18:46:40.898744+00:00,5.043942,6,5542.649184
NO_ACCEPTED_PREDICTION_BOOK,6808106,6808106,2026-07-31T18:46:41.904628+00:00,2026-07-31T18:47:35.384553+00:00,53.479925,54,2779.09576
NO_MICRO_SNAPSHOT,6808106,6808106,2026-07-31T18:47:36.430613+00:00,2026-07-31T18:47:40.448642+00:00,4.018029,5,5828.48584
NO_ACCEPTED_PREDICTION_BOOK,6808106,6808106,2026-07-31T18:47:41.442676+00:00,2026-07-31T18:48:35.024997+00:00,53.582321,54,2947.672632
NO_MICRO_SNAPSHOT,6808106,6808106,2026-07-31T18:48:35.880009+00:00,2026-07-31T18:48:40.909751+00:00,5.029742,6,5702.552144
NO_ACCEPTED_PREDICTION_BOOK,6808106,6808106,2026-07-31T18:48:41.945780+00:00,2026-07-31T18:49:35.562892+00:00,53.617112,54,2965.141332
NO_MICRO_SNAPSHOT,6808106,6808106,2026-07-31T18:49:36.392968+00:00,2026-07-31T18:49:41.440844+00:00,5.047876,6,5802.820436
NO_ACCEPTED_PREDICTION_BOOK,6808106,6808106,2026-07-31T18:49:42.449738+00:00,2026-07-31T18:49:59.576303+00:00,17.126565,18,2444.861216
NO_ACCEPTED_PREDICTION_BOOK,6808110,6808110,2026-07-31T18:50:05.167523+00:00,2026-07-31T18:50:35.294471+00:00,30.126948,31,2737.975212
NO_MICRO_SNAPSHOT,6808110,6808110,2026-07-31T18:50:36.318496+00:00,2026-07-31T18:50:41.400388+00:00,5.081892,6,5800.393388
NO_ACCEPTED_PREDICTION_BOOK,6808110,6808110,2026-07-31T18:50:42.398416+00:00,2026-07-31T18:51:34.872523+00:00,52.474107,53,2298.808408
NO_MICRO_SNAPSHOT,6808110,6808110,2026-07-31T18:51:35.885058+00:00,2026-07-31T18:51:40.919618+00:00,5.03456,6,5508.057716
NO_ACCEPTED_PREDICTION_BOOK,6808110,6808110,2026-07-31T18:51:41.942829+00:00,2026-07-31T18:52:35.360507+00:00,53.417678,54,2706.801836
NO_MICRO_SNAPSHOT,6808110,6808110,2026-07-31T18:52:36.379325+00:00,2026-07-31T18:52:40.445060+00:00,4.065735,5,5771.335596
NO_ACCEPTED_PREDICTION_BOOK,6808110,6808110,2026-07-31T18:52:41.450687+00:00,2026-07-31T18:53:35.013956+00:00,53.563269,54,2942.573824
NO_MICRO_SNAPSHOT,6808110,6808110,2026-07-31T18:53:35.863038+00:00,2026-07-31T18:53:40.923021+00:00,5.059983,6,5568.433704
NO_ACCEPTED_PREDICTION_BOOK,6808110,6808110,2026-07-31T18:53:41.938245+00:00,2026-07-31T18:54:35.534994+00:00,53.596749,54,2997.05782
NO_MICRO_SNAPSHOT,6808110,6808110,2026-07-31T18:54:36.376637+00:00,2026-07-31T18:54:40.405432+00:00,4.028795,5,5873.746388
NO_ACCEPTED_PREDICTION_BOOK,6808110,6808110,2026-07-31T18:54:41.428693+00:00,2026-07-31T18:54:59.557190+00:00,18.128497,19,2859.831508
NO_ACCEPTED_PREDICTION_BOOK,6808112,6808112,2026-07-31T18:55:04.780702+00:00,2026-07-31T18:55:34.854965+00:00,30.074263,31,2285.231192
NO_MICRO_SNAPSHOT,6808112,6808112,2026-07-31T18:55:35.866951+00:00,2026-07-31T18:55:40.924233+00:00,5.057282,6,5359.332764
NO_ACCEPTED_PREDICTION_BOOK,6808112,6808112,2026-07-31T18:55:41.941333+00:00,2026-07-31T18:56:35.380730+00:00,53.439397,54,2773.121656
NO_MICRO_SNAPSHOT,6808112,6808112,2026-07-31T18:56:36.436562+00:00,2026-07-31T18:56:40.460235+00:00,4.023673,5,5804.525688
NO_ACCEPTED_PREDICTION_BOOK,6808112,6808112,2026-07-31T18:56:41.459878+00:00,2026-07-31T18:57:34.967808+00:00,53.50793,54,2970.693812
NO_MICRO_SNAPSHOT,6808112,6808112,2026-07-31T18:57:35.806892+00:00,2026-07-31T18:57:40.862112+00:00,5.05522,6,5401.349988
NO_ACCEPTED_PREDICTION_BOOK,6808112,6808112,2026-07-31T18:57:41.860425+00:00,2026-07-31T18:58:35.428287+00:00,53.567862,54,2762.379376
NO_MICRO_SNAPSHOT,6808112,6808112,2026-07-31T18:58:36.322924+00:00,2026-07-31T18:58:40.389071+00:00,4.066147,5,5688.24536
NO_ACCEPTED_PREDICTION_BOOK,6808112,6808112,2026-07-31T18:58:41.386392+00:00,2026-07-31T18:59:34.817633+00:00,53.431241,54,2949.776336
NO_MICRO_SNAPSHOT,6808112,6808112,2026-07-31T18:59:35.977720+00:00,2026-07-31T18:59:41.889716+00:00,5.911996,7,6199.834048
NO_ACCEPTED_PREDICTION_BOOK,6808112,6808112,2026-07-31T18:59:42.906936+00:00,2026-07-31T18:59:59.058896+00:00,16.15196,17,2231.588392
NO_ACCEPTED_PREDICTION_BOOK,6808124,6808124,2026-07-31T19:00:03.459167+00:00,2026-07-31T19:00:34.986431+00:00,31.527264,29,2330.563476
NO_MICRO_SNAPSHOT,6808124,6808124,2026-07-31T19:00:35.996882+00:00,2026-07-31T19:00:41.058197+00:00,5.061315,6,5366.751636
NO_ACCEPTED_PREDICTION_BOOK,6808124,6808124,2026-07-31T19:00:42.073188+00:00,2026-07-31T19:01:35.539415+00:00,53.466227,54,2840.355584
NO_MICRO_SNAPSHOT,6808124,6808124,2026-07-31T19:01:36.524528+00:00,2026-07-31T19:01:40.559230+00:00,4.034702,5,5849.40282
NO_ACCEPTED_PREDICTION_BOOK,6808124,6808124,2026-07-31T19:01:41.555611+00:00,2026-07-31T19:02:35.153623+00:00,53.598012,54,2844.79482
NO_MICRO_SNAPSHOT,6808124,6808124,2026-07-31T19:02:35.997604+00:00,2026-07-31T19:02:41.032796+00:00,5.035192,6,5300.528164
NO_ACCEPTED_PREDICTION_BOOK,6808124,6808124,2026-07-31T19:02:42.063296+00:00,2026-07-31T19:03:34.613880+00:00,52.550584,53,2206.4849
NO_MICRO_SNAPSHOT,6808124,6808124,2026-07-31T19:03:35.789815+00:00,2026-07-31T19:03:40.680445+00:00,4.89063,6,5642.897712
NO_ACCEPTED_PREDICTION_BOOK,6808124,6808124,2026-07-31T19:03:41.691079+00:00,2026-07-31T19:04:34.533184+00:00,52.842105,53,2620.291888
NO_MICRO_SNAPSHOT,6808124,6808124,2026-07-31T19:04:35.564187+00:00,2026-07-31T19:04:41.613610+00:00,6.049423,7,6049.441144
NO_ACCEPTED_PREDICTION_BOOK,6808124,6808124,2026-07-31T19:04:42.637351+00:00,2026-07-31T19:04:58.740362+00:00,16.103011,17,2795.454988
NO_ACCEPTED_PREDICTION_BOOK,6808160,6808160,2026-07-31T19:05:04.734802+00:00,2026-07-31T19:05:34.749430+00:00,30.014628,31,2181.472016
NO_MICRO_SNAPSHOT,6808160,6808160,2026-07-31T19:05:35.774491+00:00,2026-07-31T19:05:40.826643+00:00,5.052152,6,5900.944812
NO_ACCEPTED_PREDICTION_BOOK,6808160,6808160,2026-07-31T19:05:41.880112+00:00,2026-07-31T19:06:35.378887+00:00,53.498775,54,2807.738028
NO_MICRO_SNAPSHOT,6808160,6808160,2026-07-31T19:06:36.368596+00:00,2026-07-31T19:06:41.447131+00:00,5.078535,6,5827.916744
NO_ACCEPTED_PREDICTION_BOOK,6808160,6808160,2026-07-31T19:06:42.443522+00:00,2026-07-31T19:07:34.996800+00:00,52.553278,53,2365.8674
NO_MICRO_SNAPSHOT,6808160,6808160,2026-07-31T19:07:35.839585+00:00,2026-07-31T19:07:40.917008+00:00,5.077423,6,5564.245752
NO_ACCEPTED_PREDICTION_BOOK,6808160,6808160,2026-07-31T19:07:41.956191+00:00,2026-07-31T19:08:35.473226+00:00,53.517035,54,2756.496984
NO_MICRO_SNAPSHOT,6808160,6808160,2026-07-31T19:08:36.362724+00:00,2026-07-31T19:08:41.392549+00:00,5.029825,6,5628.324952
NO_ACCEPTED_PREDICTION_BOOK,6808160,6808160,2026-07-31T19:08:42.405844+00:00,2026-07-31T19:09:34.881907+00:00,52.476063,53,1987.043432
NO_MICRO_SNAPSHOT,6808160,6808160,2026-07-31T19:09:36.018057+00:00,2026-07-31T19:09:40.999781+00:00,4.981724,6,5554.15704
NO_ACCEPTED_PREDICTION_BOOK,6808160,6808160,2026-07-31T19:09:41.940817+00:00,2026-07-31T19:09:59.116785+00:00,17.175968,18,2519.876848
NO_ACCEPTED_PREDICTION_BOOK,6808164,6808164,2026-07-31T19:10:05.744153+00:00,2026-07-31T19:10:35.791260+00:00,30.047107,31,2876.291104
NO_MICRO_SNAPSHOT,6808164,6808164,2026-07-31T19:10:36.822830+00:00,2026-07-31T19:10:40.883785+00:00,4.060955,5,5647.019268
NO_ACCEPTED_PREDICTION_BOOK,6808164,6808164,2026-07-31T19:10:41.910733+00:00,2026-07-31T19:11:35.315993+00:00,53.40526,54,2597.625388
NO_MICRO_SNAPSHOT,6808164,6808164,2026-07-31T19:11:36.337964+00:00,2026-07-31T19:11:41.397831+00:00,5.059867,6,5622.338348
NO_ACCEPTED_PREDICTION_BOOK,6808164,6808164,2026-07-31T19:11:42.385220+00:00,2026-07-31T19:12:35.773661+00:00,53.388441,54,2857.466728
NO_MICRO_SNAPSHOT,6808164,6808164,2026-07-31T19:12:36.807203+00:00,2026-07-31T19:12:40.845368+00:00,4.038165,5,5653.111004
NO_ACCEPTED_PREDICTION_BOOK,6808164,6808164,2026-07-31T19:12:41.884246+00:00,2026-07-31T19:13:35.587890+00:00,53.703644,54,2584.113884
NO_MICRO_SNAPSHOT,6808164,6808164,2026-07-31T19:13:36.461200+00:00,2026-07-31T19:13:41.523858+00:00,5.062658,6,5663.065832
NO_ACCEPTED_PREDICTION_BOOK,6808164,6808164,2026-07-31T19:13:42.506885+00:00,2026-07-31T19:14:34.877826+00:00,52.370941,53,2600.68068
NO_MICRO_SNAPSHOT,6808164,6808164,2026-07-31T19:14:36.097013+00:00,2026-07-31T19:14:40.962823+00:00,4.86581,6,5798.630804
NO_ACCEPTED_PREDICTION_BOOK,6808164,6808164,2026-07-31T19:14:41.964492+00:00,2026-07-31T19:14:59.091859+00:00,17.127367,18,2775.070868
NO_ACCEPTED_PREDICTION_BOOK,6808261,6808261,2026-07-31T19:15:03.519867+00:00,2026-07-31T19:15:35.623937+00:00,32.10407,33,2775.860968
NO_MICRO_SNAPSHOT,6808261,6808261,2026-07-31T19:15:36.656306+00:00,2026-07-31T19:15:42.708108+00:00,6.051802,7,6259.244868
NO_ACCEPTED_PREDICTION_BOOK,6808261,6808261,2026-07-31T19:15:43.734248+00:00,2026-07-31T19:16:35.098312+00:00,51.364064,52,2204.381764
NO_MICRO_SNAPSHOT,6808261,6808261,2026-07-31T19:16:36.123350+00:00,2026-07-31T19:16:41.175779+00:00,5.052429,6,5492.4642
NO_ACCEPTED_PREDICTION_BOOK,6808261,6808261,2026-07-31T19:16:42.166594+00:00,2026-07-31T19:17:35.593752+00:00,53.427158,54,2612.053008
NO_MICRO_SNAPSHOT,6808261,6808261,2026-07-31T19:17:36.680309+00:00,2026-07-31T19:17:40.932753+00:00,4.252444,5,5743.368208
NO_ACCEPTED_PREDICTION_BOOK,6808261,6808261,2026-07-31T19:17:41.932587+00:00,2026-07-31T19:18:35.388065+00:00,53.455478,54,2747.459692
NO_MICRO_SNAPSHOT,6808261,6808261,2026-07-31T19:18:36.423069+00:00,2026-07-31T19:18:41.439450+00:00,5.016381,6,5474.202268
NO_ACCEPTED_PREDICTION_BOOK,6808261,6808261,2026-07-31T19:18:42.436996+00:00,2026-07-31T19:19:35.294201+00:00,52.857205,53,2175.295632
NO_MICRO_SNAPSHOT,6808261,6808261,2026-07-31T19:19:36.169599+00:00,2026-07-31T19:19:41.220135+00:00,5.050536,6,5430.857812
NO_ACCEPTED_PREDICTION_BOOK,6808261,6808261,2026-07-31T19:19:42.240137+00:00,2026-07-31T19:19:59.448182+00:00,17.208045,18,2387.686484
NO_ACCEPTED_PREDICTION_BOOK,6808262,6808262,2026-07-31T19:20:05.228615+00:00,2026-07-31T19:20:35.313912+00:00,30.085297,31,2194.693008
NO_MICRO_SNAPSHOT,6808262,6808262,2026-07-31T19:20:36.287772+00:00,2026-07-31T19:20:42.377637+00:00,6.089865,7,6218.260368
NO_ACCEPTED_PREDICTION_BOOK,6808262,6808262,2026-07-31T19:20:43.398483+00:00,2026-07-31T19:21:35.743648+00:00,52.345165,53,2813.5206
NO_MICRO_SNAPSHOT,6808262,6808262,2026-07-31T19:21:36.779135+00:00,2026-07-31T19:21:40.838787+00:00,4.059652,5,5859.874776
NO_ACCEPTED_PREDICTION_BOOK,6808262,6808262,2026-07-31T19:21:41.808729+00:00,2026-07-31T19:22:35.177057+00:00,53.368328,54,2899.811268
NO_MICRO_SNAPSHOT,6808262,6808262,2026-07-31T19:22:36.211968+00:00,2026-07-31T19:22:41.267374+00:00,5.055406,6,5618.381448
NO_ACCEPTED_PREDICTION_BOOK,6808262,6808262,2026-07-31T19:22:42.265181+00:00,2026-07-31T19:23:35.626688+00:00,53.361507,54,2605.5712
NO_MICRO_SNAPSHOT,6808262,6808262,2026-07-31T19:23:36.643649+00:00,2026-07-31T19:23:40.715240+00:00,4.071591,5,5652.942208
NO_ACCEPTED_PREDICTION_BOOK,6808262,6808262,2026-07-31T19:23:41.727369+00:00,2026-07-31T19:24:35.281026+00:00,53.553657,54,2984.14924
NO_MICRO_SNAPSHOT,6808262,6808262,2026-07-31T19:24:36.136040+00:00,2026-07-31T19:24:41.211724+00:00,5.075684,6,5375.816628
NO_ACCEPTED_PREDICTION_BOOK,6808262,6808262,2026-07-31T19:24:42.210443+00:00,2026-07-31T19:24:59.359056+00:00,17.148613,18,2351.040692
NO_ACCEPTED_PREDICTION_BOOK,6808268,6808268,2026-07-31T19:25:05.552592+00:00,2026-07-31T19:25:35.605175+00:00,30.052583,31,2583.67784
NO_MICRO_SNAPSHOT,6808268,6808268,2026-07-31T19:25:36.592928+00:00,2026-07-31T19:25:41.628346+00:00,5.035418,6,5605.193872
NO_ACCEPTED_PREDICTION_BOOK,6808268,6808268,2026-07-31T19:25:42.677084+00:00,2026-07-31T19:26:36.007587+00:00,53.330503,54,2903.221372
NO_MICRO_SNAPSHOT,6808268,6808268,2026-07-31T19:26:37.050305+00:00,2026-07-31T19:26:41.130446+00:00,4.080141,5,5438.443676
NO_ACCEPTED_PREDICTION_BOOK,6808268,6808268,2026-07-31T19:26:42.118968+00:00,2026-07-31T19:27:35.547551+00:00,53.428583,54,2499.600876
NO_MICRO_SNAPSHOT,6808268,6808268,2026-07-31T19:27:36.505800+00:00,2026-07-31T19:27:41.635981+00:00,5.130181,6,5482.680044
NO_ACCEPTED_PREDICTION_BOOK,6808268,6808268,2026-07-31T19:27:42.625427+00:00,2026-07-31T19:28:36.009500+00:00,53.384073,54,2904.326804
NO_MICRO_SNAPSHOT,6808268,6808268,2026-07-31T19:28:37.044833+00:00,2026-07-31T19:28:41.077603+00:00,4.03277,5,5775.874332
NO_ACCEPTED_PREDICTION_BOOK,6808268,6808268,2026-07-31T19:28:42.110957+00:00,2026-07-31T19:29:35.615934+00:00,53.504977,54,2732.2975
NO_MICRO_SNAPSHOT,6808268,6808268,2026-07-31T19:29:36.495460+00:00,2026-07-31T19:29:41.527952+00:00,5.032492,6,5330.056172
NO_ACCEPTED_PREDICTION_BOOK,6808268,6808268,2026-07-31T19:29:42.556385+00:00,2026-07-31T19:29:58.712609+00:00,16.156224,17,2043.814276
NO_ACCEPTED_PREDICTION_BOOK,6808271,6808271,2026-07-31T19:30:05.655216+00:00,2026-07-31T19:34:59.625700+00:00,293.970484,293,2095.865252
NO_ACCEPTED_PREDICTION_BOOK,6808288,6808288,2026-07-31T19:35:04.700910+00:00,2026-07-31T19:38:27.162342+00:00,202.461432,202,676.180088
NO_MICRO_SNAPSHOT,6808288,,2026-07-31T19:38:54.882700+00:00,2026-07-31T19:39:11.968301+00:00,17.085601,18,20143.276568
NO_PREDICTION_MARKET_ID,6808288,,2026-07-31T19:39:12.972640+00:00,2026-07-31T19:39:14.993051+00:00,2.020411,3,2053.3366
NO_ACCEPTED_PREDICTION_BOOK,6808288,6808288,2026-07-31T19:39:15.999195+00:00,2026-07-31T19:39:27.097751+00:00,11.098556,12,136.500904
NO_PREDICTION_MARKET_ID,6808288,,2026-07-31T19:39:34.335512+00:00,2026-07-31T19:39:34.335512+00:00,0.0,1,57.291108
NO_ACCEPTED_PREDICTION_BOOK,6808288,6808288,2026-07-31T19:39:35.222944+00:00,2026-07-31T19:39:59.414708+00:00,24.191764,25,134.477768
NO_ACCEPTED_PREDICTION_BOOK,6808292,6808292,2026-07-31T19:40:06.013996+00:00,2026-07-31T19:44:59.511791+00:00,293.497795,292,1430.824656
NO_ACCEPTED_PREDICTION_BOOK,6808300,6808300,2026-07-31T19:45:03.289795+00:00,2026-07-31T19:49:59.058805+00:00,295.76901,295,824.440244
NO_ACCEPTED_PREDICTION_BOOK,6808305,6808305,2026-07-31T19:50:05.209602+00:00,2026-07-31T19:54:59.203894+00:00,293.994292,293,1761.569208
NO_ACCEPTED_PREDICTION_BOOK,6808309,6808309,2026-07-31T19:55:04.948812+00:00,2026-07-31T19:59:58.928563+00:00,293.979751,293,665.490976
NO_ACCEPTED_PREDICTION_BOOK,6808318,6808318,2026-07-31T20:00:04.750467+00:00,2026-07-31T20:03:53.522127+00:00,228.77166,228,1488.335032
NO_MICRO_SNAPSHOT,6808326,,2026-07-31T20:06:13.521668+00:00,2026-07-31T20:06:35.239737+00:00,21.718069,23,25347.17956
NO_PREDICTION_MARKET_ID,6808326,,2026-07-31T20:06:36.230356+00:00,2026-07-31T20:06:38.264869+00:00,2.034513,3,2638.491432
NO_ACCEPTED_PREDICTION_BOOK,6808326,6808326,2026-07-31T20:06:39.279186+00:00,2026-07-31T20:07:19.529314+00:00,40.250128,41,140.406304
NO_ACCEPTED_PREDICTION_BOOK,6808326,6808326,2026-07-31T20:07:29.553998+00:00,2026-07-31T20:08:31.883363+00:00,62.329365,61,2820.034472
NO_MICRO_SNAPSHOT,6808326,6808326,2026-07-31T20:08:32.895656+00:00,2026-07-31T20:08:57.076927+00:00,24.181271,25,15972.701352
NO_ACCEPTED_PREDICTION_BOOK,6808326,6808326,2026-07-31T20:08:58.100484+00:00,2026-07-31T20:09:58.657889+00:00,60.557405,61,2949.69676
NO_ACCEPTED_PREDICTION_BOOK,6808330,6808330,2026-07-31T20:10:05.711017+00:00,2026-07-31T20:10:31.459550+00:00,25.748533,27,2140.095052
NO_MICRO_SNAPSHOT,6808330,6808330,2026-07-31T20:10:32.616343+00:00,2026-07-31T20:10:43.538931+00:00,10.922588,12,8731.362456
NO_ACCEPTED_PREDICTION_BOOK,6808330,6808330,2026-07-31T20:10:44.559219+00:00,2026-07-31T20:14:58.014241+00:00,253.455022,252,2688.994456
NO_ACCEPTED_PREDICTION_BOOK,6808338,6808338,2026-07-31T20:15:03.856775+00:00,2026-07-31T20:15:31.856931+00:00,28.000156,29,2435.968072
NO_MICRO_SNAPSHOT,6808338,6808338,2026-07-31T20:15:32.995219+00:00,2026-07-31T20:15:43.941992+00:00,10.946773,12,8674.900744
NO_ACCEPTED_PREDICTION_BOOK,6808338,6808338,2026-07-31T20:15:44.968076+00:00,2026-07-31T20:19:58.237764+00:00,253.269688,252,2643.797768
NO_ACCEPTED_PREDICTION_BOOK,6808392,6808392,2026-07-31T20:20:04.604378+00:00,2026-07-31T20:20:31.619772+00:00,27.015394,28,2247.012304
NO_MICRO_SNAPSHOT,6808392,6808392,2026-07-31T20:20:32.814753+00:00,2026-07-31T20:20:34.661481+00:00,1.846728,3,4061.538624
NO_ACCEPTED_PREDICTION_BOOK,6808392,6808392,2026-07-31T20:20:35.651975+00:00,2026-07-31T20:24:31.458941+00:00,235.806966,234,2145.554028
NO_MICRO_SNAPSHOT,6808392,6808392,2026-07-31T20:24:32.465668+00:00,2026-07-31T20:24:44.544454+00:00,12.078786,13,9209.86814
NO_ACCEPTED_PREDICTION_BOOK,6808392,6808392,2026-07-31T20:24:45.578398+00:00,2026-07-31T20:24:58.658309+00:00,13.079911,14,2502.565348
NO_ACCEPTED_PREDICTION_BOOK,6808424,6808424,2026-07-31T20:25:04.232423+00:00,2026-07-31T20:29:32.349273+00:00,268.11685,267,2852.347288
NO_MICRO_SNAPSHOT,6808424,6808424,2026-07-31T20:29:33.357457+00:00,2026-07-31T20:29:44.424189+00:00,11.066732,12,8890.226072
NO_ACCEPTED_PREDICTION_BOOK,6808424,6808424,2026-07-31T20:29:45.414580+00:00,2026-07-31T20:29:58.552568+00:00,13.137988,14,2318.223176
NO_ACCEPTED_PREDICTION_BOOK,6808430,6808430,2026-07-31T20:30:03.995353+00:00,2026-07-31T20:34:58.222561+00:00,294.227208,293,1560.23614
NO_ACCEPTED_PREDICTION_BOOK,6808436,6808436,2026-07-31T20:35:04.326378+00:00,2026-07-31T20:36:32.011306+00:00,87.684928,88,2455.309484
NO_MICRO_SNAPSHOT,6808436,6808436,2026-07-31T20:36:33.153067+00:00,2026-07-31T20:36:44.104658+00:00,10.951591,12,8826.604376
NO_ACCEPTED_PREDICTION_BOOK,6808436,6808436,2026-07-31T20:36:45.111214+00:00,2026-07-31T20:39:58.664156+00:00,193.552942,192,2790.943576
NO_ACCEPTED_PREDICTION_BOOK,6808437,6808437,2026-07-31T20:40:04.008131+00:00,2026-07-31T20:40:40.202312+00:00,36.194181,37,1597.480504
NO_PREDICTION_MARKET_ID,6808437,,2026-07-31T20:40:53.177310+00:00,2026-07-31T20:40:53.177310+00:00,0.0,1,43.259452
NO_ACCEPTED_PREDICTION_BOOK,6808437,6808437,2026-07-31T20:40:53.938304+00:00,2026-07-31T20:43:55.263852+00:00,181.325548,181,2508.570376
NO_MICRO_SNAPSHOT,6808437,6808437,2026-07-31T20:43:56.251831+00:00,2026-07-31T20:44:06.372604+00:00,10.120773,11,8552.049672
NO_ACCEPTED_PREDICTION_BOOK,6808437,6808437,2026-07-31T20:44:07.395247+00:00,2026-07-31T20:44:55.297211+00:00,47.901964,46,2809.045096
NO_MICRO_SNAPSHOT,6808437,6808437,2026-07-31T20:44:56.260314+00:00,2026-07-31T20:44:57.407525+00:00,1.147211,2,4653.70092
NO_MICRO_SNAPSHOT,6808437,6808440,2026-07-31T20:44:59.025518+00:00,2026-07-31T20:44:59.025518+00:00,0.0,1,5866.297276
NO_ACCEPTED_PREDICTION_BOOK,6808440,6808440,2026-07-31T20:45:02.840136+00:00,2026-07-31T20:45:04.593857+00:00,1.753721,3,2051.679164
MARKET_ID_MISMATCH,6808440,6808437,2026-07-31T20:45:05.577631+00:00,2026-07-31T20:45:05.577631+00:00,0.0,1,65.018524
NO_ACCEPTED_PREDICTION_BOOK,6808440,6808440,2026-07-31T20:45:06.526374+00:00,2026-07-31T20:45:51.895839+00:00,45.369465,46,159.427008
NO_ACCEPTED_PREDICTION_BOOK,6808440,6808440,2026-07-31T20:46:47.900340+00:00,2026-07-31T20:49:49.894577+00:00,181.994237,182,2280.807852
NO_MICRO_SNAPSHOT,6808440,6808440,2026-07-31T20:49:50.875019+00:00,2026-07-31T20:49:55.952969+00:00,5.07795,6,5513.025432
NO_ACCEPTED_PREDICTION_BOOK,6808440,6808440,2026-07-31T20:49:56.949432+00:00,2026-07-31T20:49:57.944415+00:00,0.994983,2,2500.176792
NO_ACCEPTED_PREDICTION_BOOK,6808451,6808451,2026-07-31T20:50:04.572206+00:00,2026-07-31T20:54:50.607953+00:00,286.035747,282,2970.335252
NO_MICRO_SNAPSHOT,6808451,6808451,2026-07-31T20:54:51.605218+00:00,2026-07-31T20:54:55.606988+00:00,4.00177,5,7969.370132
NO_MICRO_SNAPSHOT,6808451,6808453,2026-07-31T20:54:56.700575+00:00,2026-07-31T20:54:58.651762+00:00,1.951187,3,8612.970268
NO_ACCEPTED_PREDICTION_BOOK,6808453,6808453,2026-07-31T20:55:02.779266+00:00,2026-07-31T20:55:04.653929+00:00,1.874663,3,2534.279452
MARKET_ID_MISMATCH,6808453,6808451,2026-07-31T20:55:05.637572+00:00,2026-07-31T20:55:05.637572+00:00,0.0,1,74.027196
NO_ACCEPTED_PREDICTION_BOOK,6808453,6808453,2026-07-31T20:55:06.666568+00:00,2026-07-31T20:59:57.987808+00:00,291.32124,290,1368.78608
NO_ACCEPTED_PREDICTION_BOOK,6808460,6808460,2026-07-31T21:00:04.893277+00:00,2026-07-31T21:00:21.843881+00:00,16.950604,18,131.957272
NO_ACCEPTED_PREDICTION_BOOK,6808460,6808460,2026-07-31T21:00:46.053012+00:00,2026-07-31T21:01:48.421725+00:00,62.368713,63,2619.497128
NO_MICRO_SNAPSHOT,6808460,6808460,2026-07-31T21:01:49.409608+00:00,2026-07-31T21:02:00.487932+00:00,11.078324,12,8622.839976
NO_ACCEPTED_PREDICTION_BOOK,6808460,6808460,2026-07-31T21:02:01.614687+00:00,2026-07-31T21:04:58.808494+00:00,177.193807,177,2365.726224
NO_ACCEPTED_PREDICTION_BOOK,6808465,6808465,2026-07-31T21:05:02.560442+00:00,2026-07-31T21:09:48.363026+00:00,285.802584,285,2578.09102
NO_MICRO_SNAPSHOT,6808465,6808465,2026-07-31T21:09:49.382046+00:00,2026-07-31T21:09:54.415552+00:00,5.033506,6,8630.6171
NO_MICRO_SNAPSHOT,6808465,6808473,2026-07-31T21:09:55.428116+00:00,2026-07-31T21:09:58.416207+00:00,2.988091,4,8054.256132
NO_ACCEPTED_PREDICTION_BOOK,6808473,6808473,2026-07-31T21:10:04.223198+00:00,2026-07-31T21:14:58.421800+00:00,294.198602,293,1462.611796
NO_ACCEPTED_PREDICTION_BOOK,6808476,6808476,2026-07-31T21:15:02.647499+00:00,2026-07-31T21:19:58.688722+00:00,296.041223,294,1569.064044
NO_ACCEPTED_PREDICTION_BOOK,6808481,6808481,2026-07-31T21:20:04.800750+00:00,2026-07-31T21:23:26.126541+00:00,201.325791,201,1501.429488
NO_PREDICTION_MARKET_ID,6808481,,2026-07-31T21:23:43.658637+00:00,2026-07-31T21:23:43.658637+00:00,0.0,1,159.377756
NO_ACCEPTED_PREDICTION_BOOK,6808481,6808481,2026-07-31T21:23:44.487434+00:00,2026-07-31T21:24:46.045144+00:00,61.55771,62,2896.006664
NO_MICRO_SNAPSHOT,6808481,6808481,2026-07-31T21:24:47.048631+00:00,2026-07-31T21:24:52.059977+00:00,5.011346,6,5912.8146
NO_ACCEPTED_PREDICTION_BOOK,6808481,6808481,2026-07-31T21:24:53.066577+00:00,2026-07-31T21:24:58.089248+00:00,5.022671,6,2595.947404
NO_ACCEPTED_PREDICTION_BOOK,6808488,6808488,2026-07-31T21:25:02.890503+00:00,2026-07-31T21:25:45.538093+00:00,42.64759,41,2287.326956
NO_MICRO_SNAPSHOT,6808488,6808488,2026-07-31T21:25:47.240559+00:00,2026-07-31T21:25:55.576557+00:00,8.335998,10,7845.667372
NO_ACCEPTED_PREDICTION_BOOK,6808488,6808488,2026-07-31T21:25:56.561345+00:00,2026-07-31T21:27:58.317691+00:00,121.756346,119,2785.202476
NO_ACCEPTED_PREDICTION_BOOK,6808488,6808488,2026-07-31T21:28:23.934456+00:00,2026-07-31T21:29:58.316934+00:00,94.382478,95,1544.115936
NO_ACCEPTED_PREDICTION_BOOK,6808494,6808494,2026-07-31T21:30:04.218126+00:00,2026-07-31T21:34:58.261740+00:00,294.043614,293,1482.658332
NO_ACCEPTED_PREDICTION_BOOK,6808498,6808498,2026-07-31T21:35:04.480128+00:00,2026-07-31T21:37:26.308245+00:00,141.828117,142,2587.368492
NO_MICRO_SNAPSHOT,6808498,6808498,2026-07-31T21:37:27.317371+00:00,2026-07-31T21:37:38.405324+00:00,11.087953,12,8628.108544
NO_ACCEPTED_PREDICTION_BOOK,6808498,6808498,2026-07-31T21:37:39.411501+00:00,2026-07-31T21:39:58.365531+00:00,138.95403,139,2696.268544
NO_ACCEPTED_PREDICTION_BOOK,6808500,6808500,2026-07-31T21:40:04.369722+00:00,2026-07-31T21:44:26.205308+00:00,261.835586,261,2349.579404
NO_MICRO_SNAPSHOT,6808500,6808500,2026-07-31T21:44:27.183830+00:00,2026-07-31T21:44:38.303570+00:00,11.11974,12,8706.850424
NO_ACCEPTED_PREDICTION_BOOK,6808500,6808500,2026-07-31T21:44:39.261734+00:00,2026-07-31T21:44:57.479378+00:00,18.217644,19,2692.936312
NO_ACCEPTED_PREDICTION_BOOK,6808505,6808505,2026-07-31T21:45:12.395240+00:00,2026-07-31T21:46:00.887914+00:00,48.492674,50,145.8653
ACTIVE_MATCH,6808505,6808505,2026-07-31T21:46:01.901047+00:00,2026-07-31T21:49:58.767744+00:00,236.866697,236,1268.992852
NO_ACCEPTED_PREDICTION_BOOK,6808511,6808511,2026-07-31T21:50:04.313229+00:00,2026-07-31T21:50:52.476163+00:00,48.162934,49,1182.907348
ACTIVE_MATCH,6808511,6808511,2026-07-31T21:50:53.448702+00:00,2026-07-31T21:52:14.101076+00:00,80.652374,81,1986.568068
NO_MICRO_SNAPSHOT,6808511,6808511,2026-07-31T21:52:15.132839+00:00,2026-07-31T21:52:28.248069+00:00,13.11523,14,9101.412996
NO_ACCEPTED_PREDICTION_BOOK,6808511,6808511,2026-07-31T21:52:29.248609+00:00,2026-07-31T21:52:31.262292+00:00,2.013683,3,2036.469976
ACTIVE_MATCH,6808511,6808511,2026-07-31T21:52:32.264483+00:00,2026-07-31T21:52:38.306797+00:00,6.042314,7,103.766092
NO_ACCEPTED_PREDICTION_BOOK,6808511,6808511,2026-07-31T21:52:39.322555+00:00,2026-07-31T21:52:39.322555+00:00,0.0,1,62.426036
ACTIVE_MATCH,6808511,6808511,2026-07-31T21:52:40.356820+00:00,2026-07-31T21:54:10.012353+00:00,89.655533,90,1265.137732
NO_ACCEPTED_PREDICTION_BOOK,6808511,6808511,2026-07-31T21:54:11.029848+00:00,2026-07-31T21:54:11.029848+00:00,0.0,1,31.316336
ACTIVE_MATCH,6808511,6808511,2026-07-31T21:54:12.056107+00:00,2026-07-31T21:54:58.309833+00:00,46.253726,47,942.121572
NO_ACCEPTED_PREDICTION_BOOK,6808514,6808514,2026-07-31T21:55:04.023352+00:00,2026-07-31T21:55:53.311967+00:00,49.288615,50,1058.57886
ACTIVE_MATCH,6808514,6808514,2026-07-31T21:55:54.264458+00:00,2026-07-31T21:57:12.955354+00:00,78.690896,79,1276.262796
NO_ACCEPTED_PREDICTION_BOOK,6808514,6808514,2026-07-31T21:57:13.971143+00:00,2026-07-31T21:57:15.008331+00:00,1.037188,2,1246.026988
ACTIVE_MATCH,6808514,6808514,2026-07-31T21:57:16.011682+00:00,2026-07-31T21:58:13.448539+00:00,57.436857,58,1431.442436
NO_ACCEPTED_PREDICTION_BOOK,6808514,6808514,2026-07-31T21:58:14.453407+00:00,2026-07-31T21:58:15.449369+00:00,0.995962,2,856.967724
ACTIVE_MATCH,6808514,6808514,2026-07-31T21:58:16.461574+00:00,2026-07-31T21:59:13.851843+00:00,57.390269,58,1705.606272
NO_ACCEPTED_PREDICTION_BOOK,6808514,6808514,2026-07-31T21:59:14.885265+00:00,2026-07-31T21:59:58.268179+00:00,43.382914,44,741.958348
NO_ACCEPTED_PREDICTION_BOOK,6808524,6808524,2026-07-31T22:00:04.150360+00:00,2026-07-31T22:00:04.966130+00:00,0.81577,2,70.94318
ACTIVE_MATCH,6808524,6808524,2026-07-31T22:00:05.988890+00:00,2026-07-31T22:00:09.933218+00:00,3.944328,5,131.578752
NO_ACCEPTED_PREDICTION_BOOK,6808524,6808524,2026-07-31T22:00:10.946011+00:00,2026-07-31T22:00:14.951487+00:00,4.005476,5,2763.836576
NO_MICRO_SNAPSHOT,6808524,6808524,2026-07-31T22:00:15.967201+00:00,2026-07-31T22:00:27.015370+00:00,11.048169,12,8827.745696
NO_ACCEPTED_PREDICTION_BOOK,6808524,6808524,2026-07-31T22:00:28.035238+00:00,2026-07-31T22:00:30.062873+00:00,2.027635,3,2010.260656
ACTIVE_MATCH,6808524,6808524,2026-07-31T22:00:31.081723+00:00,2026-07-31T22:00:36.096413+00:00,5.01469,6,113.093004
NO_ACCEPTED_PREDICTION_BOOK,6808524,6808524,2026-07-31T22:00:37.098744+00:00,2026-07-31T22:00:37.098744+00:00,0.0,1,109.317292
ACTIVE_MATCH,6808524,6808524,2026-07-31T22:00:38.096765+00:00,2026-07-31T22:01:52.641667+00:00,74.544902,75,1212.75166
NO_ACCEPTED_PREDICTION_BOOK,6808524,6808524,2026-07-31T22:01:53.653759+00:00,2026-07-31T22:01:53.653759+00:00,0.0,1,39.534676
ACTIVE_MATCH,6808524,6808524,2026-07-31T22:01:54.676920+00:00,2026-07-31T22:02:03.859675+00:00,9.182755,10,143.893492
NO_ACCEPTED_PREDICTION_BOOK,6808524,6808524,2026-07-31T22:02:04.739920+00:00,2026-07-31T22:02:04.739920+00:00,0.0,1,4.299072
ACTIVE_MATCH,6808524,6808524,2026-07-31T22:02:05.747548+00:00,2026-07-31T22:02:11.767364+00:00,6.019816,7,131.074808
NO_ACCEPTED_PREDICTION_BOOK,6808524,6808524,2026-07-31T22:02:12.794342+00:00,2026-07-31T22:02:14.793635+00:00,1.999293,3,1467.1736
ACTIVE_MATCH,6808524,6808524,2026-07-31T22:02:15.791601+00:00,2026-07-31T22:04:58.205267+00:00,162.413666,161,1406.384616
NO_ACCEPTED_PREDICTION_BOOK,6808532,6808532,2026-07-31T22:05:04.161113+00:00,2026-07-31T22:05:50.507053+00:00,46.34594,47,1233.740124
ACTIVE_MATCH,6808532,6808532,2026-07-31T22:05:51.517945+00:00,2026-07-31T22:07:14.442396+00:00,82.924451,83,2174.723104
NO_MICRO_SNAPSHOT,6808532,6808532,2026-07-31T22:07:15.453463+00:00,2026-07-31T22:07:27.545929+00:00,12.092466,13,9195.295264
NO_ACCEPTED_PREDICTION_BOOK,6808532,6808532,2026-07-31T22:07:28.576393+00:00,2026-07-31T22:07:30.559896+00:00,1.983503,3,2308.85274
ACTIVE_MATCH,6808532,6808532,2026-07-31T22:07:31.559397+00:00,2026-07-31T22:09:58.649718+00:00,147.090321,146,1502.157608
NO_ACCEPTED_PREDICTION_BOOK,6808539,6808539,2026-07-31T22:10:04.667055+00:00,2026-07-31T22:10:53.958095+00:00,49.29104,50,1107.764404
ACTIVE_MATCH,6808539,6808539,2026-07-31T22:10:54.951548+00:00,2026-07-31T22:12:14.077115+00:00,79.125567,79,1851.2544
NO_ACCEPTED_PREDICTION_BOOK,6808539,6808539,2026-07-31T22:12:15.083098+00:00,2026-07-31T22:12:17.109372+00:00,2.026274,3,1888.776444
ACTIVE_MATCH,6808539,6808539,2026-07-31T22:12:18.105384+00:00,2026-07-31T22:13:14.555027+00:00,56.449643,57,2221.436044
NO_MICRO_SNAPSHOT,6808539,6808539,2026-07-31T22:13:15.573990+00:00,2026-07-31T22:13:22.615612+00:00,7.041622,8,6579.772216
NO_ACCEPTED_PREDICTION_BOOK,6808539,6808539,2026-07-31T22:13:23.636518+00:00,2026-07-31T22:13:25.648701+00:00,2.012183,3,2691.091512
ACTIVE_MATCH,6808539,6808539,2026-07-31T22:13:27.635707+00:00,2026-07-31T22:14:15.121169+00:00,47.485462,49,2651.973652
NO_MICRO_SNAPSHOT,6808539,6808539,2026-07-31T22:14:16.127479+00:00,2026-07-31T22:14:37.282776+00:00,21.155297,22,13744.873492
NO_ACCEPTED_PREDICTION_BOOK,6808539,6808539,2026-07-31T22:14:38.275365+00:00,2026-07-31T22:14:40.269145+00:00,1.99378,3,2289.43318
ACTIVE_MATCH,6808539,6808539,2026-07-31T22:14:41.294966+00:00,2026-07-31T22:14:58.427767+00:00,17.132801,18,155.92324
NO_ACCEPTED_PREDICTION_BOOK,6808543,6808543,2026-07-31T22:15:04.237650+00:00,2026-07-31T22:15:19.151233+00:00,14.913583,16,1907.9376
ACTIVE_MATCH,6808543,6808543,2026-07-31T22:15:20.193641+00:00,2026-07-31T22:15:24.199074+00:00,4.005433,5,117.228176
NO_ACCEPTED_PREDICTION_BOOK,6808543,6808543,2026-07-31T22:15:25.198964+00:00,2026-07-31T22:15:25.198964+00:00,0.0,1,5.174576
ACTIVE_MATCH,6808543,6808543,2026-07-31T22:15:26.216516+00:00,2026-07-31T22:15:35.301885+00:00,9.085369,10,139.928708
NO_ACCEPTED_PREDICTION_BOOK,6808543,6808543,2026-07-31T22:15:36.328959+00:00,2026-07-31T22:15:37.314346+00:00,0.985387,2,79.529584
ACTIVE_MATCH,6808543,6808543,2026-07-31T22:15:38.328409+00:00,2026-07-31T22:17:14.042505+00:00,95.714096,96,1986.10384
NO_ACCEPTED_PREDICTION_BOOK,6808543,6808543,2026-07-31T22:17:15.045492+00:00,2026-07-31T22:17:17.079489+00:00,2.033997,3,2321.321632
ACTIVE_MATCH,6808543,6808543,2026-07-31T22:17:18.085592+00:00,2026-07-31T22:18:14.460146+00:00,56.374554,57,1969.18962
NO_ACCEPTED_PREDICTION_BOOK,6808543,6808543,2026-07-31T22:18:15.482208+00:00,2026-07-31T22:18:16.616957+00:00,1.134749,2,1341.2674
ACTIVE_MATCH,6808543,6808543,2026-07-31T22:18:17.519027+00:00,2026-07-31T22:19:13.943741+00:00,56.424714,57,1572.123584
NO_ACCEPTED_PREDICTION_BOOK,6808543,6808543,2026-07-31T22:19:14.923319+00:00,2026-07-31T22:19:17.082734+00:00,2.159415,3,2019.27346
ACTIVE_MATCH,6808543,6808543,2026-07-31T22:19:17.955569+00:00,2026-07-31T22:19:58.271242+00:00,40.315673,41,145.838224
NO_ACCEPTED_PREDICTION_BOOK,6808548,6808548,2026-07-31T22:20:03.828925+00:00,2026-07-31T22:20:04.685000+00:00,0.856075,2,54.877136
MARKET_ID_MISMATCH,6808548,6808543,2026-07-31T22:20:05.680791+00:00,2026-07-31T22:20:13.801918+00:00,8.121127,9,1467.715152
NO_ACCEPTED_PREDICTION_BOOK,6808548,6808548,2026-07-31T22:20:14.785949+00:00,2026-07-31T22:20:16.808566+00:00,2.022617,3,2377.987172
ACTIVE_MATCH,6808548,6808548,2026-07-31T22:20:18.188124+00:00,2026-07-31T22:20:20.818258+00:00,2.630134,4,115.330132
NO_ACCEPTED_PREDICTION_BOOK,6808548,6808548,2026-07-31T22:20:21.814805+00:00,2026-07-31T22:21:05.175181+00:00,43.360376,44,141.714132
ACTIVE_MATCH,6808548,6808548,2026-07-31T22:21:06.132263+00:00,2026-07-31T22:21:15.237109+00:00,9.104846,10,2686.332592
NO_MICRO_SNAPSHOT,6808548,6808548,2026-07-31T22:21:16.239229+00:00,2026-07-31T22:21:41.446414+00:00,25.207185,26,15772.276756
NO_ACCEPTED_PREDICTION_BOOK,6808548,6808548,2026-07-31T22:21:42.444018+00:00,2026-07-31T22:21:45.454812+00:00,3.010794,4,2658.42178
ACTIVE_MATCH,6808548,6808548,2026-07-31T22:21:46.473130+00:00,2026-07-31T22:22:14.630510+00:00,28.15738,29,2089.44828
NO_ACCEPTED_PREDICTION_BOOK,6808548,6808548,2026-07-31T22:22:15.621934+00:00,2026-07-31T22:22:16.656344+00:00,1.03441,2,1450.140676
ACTIVE_MATCH,6808548,6808548,2026-07-31T22:22:17.645269+00:00,2026-07-31T22:24:14.498662+00:00,116.853393,117,2160.92862
NO_ACCEPTED_PREDICTION_BOOK,6808548,6808548,2026-07-31T22:24:15.525498+00:00,2026-07-31T22:24:16.527232+00:00,1.001734,2,1596.964544
ACTIVE_MATCH,6808548,6808548,2026-07-31T22:24:17.519501+00:00,2026-07-31T22:24:58.793671+00:00,41.27417,42,145.660256
NO_ACCEPTED_PREDICTION_BOOK,6808551,6808551,2026-07-31T22:25:02.684277+00:00,2026-07-31T22:25:02.684277+00:00,0.0,1,59.202908
ACTIVE_MATCH,6808551,6808551,2026-07-31T22:25:03.061045+00:00,2026-07-31T22:25:07.090962+00:00,4.029917,5,121.031404
NO_ACCEPTED_PREDICTION_BOOK,6808551,6808551,2026-07-31T22:25:08.125279+00:00,2026-07-31T22:25:53.452173+00:00,45.326894,46,1766.907996
ACTIVE_MATCH,6808551,6808551,2026-07-31T22:25:54.458536+00:00,2026-07-31T22:26:14.618424+00:00,20.159888,21,2142.786064
NO_ACCEPTED_PREDICTION_BOOK,6808551,6808551,2026-07-31T22:26:15.626314+00:00,2026-07-31T22:26:16.636463+00:00,1.010149,2,1422.869816
ACTIVE_MATCH,6808551,6808551,2026-07-31T22:26:17.793748+00:00,2026-07-31T22:28:15.498388+00:00,117.70464,118,2833.816068
NO_MICRO_SNAPSHOT,6808551,6808551,2026-07-31T22:28:16.532668+00:00,2026-07-31T22:28:20.562162+00:00,4.029494,5,5502.236116
NO_ACCEPTED_PREDICTION_BOOK,6808551,6808551,2026-07-31T22:28:21.569640+00:00,2026-07-31T22:28:23.615681+00:00,2.046041,3,2634.526164
ACTIVE_MATCH,6808551,6808551,2026-07-31T22:28:24.634492+00:00,2026-07-31T22:29:14.975311+00:00,50.340819,51,2499.807104
NO_MICRO_SNAPSHOT,6808551,6808551,2026-07-31T22:29:15.945052+00:00,2026-07-31T22:29:42.220749+00:00,26.275697,27,16589.300096
NO_ACCEPTED_PREDICTION_BOOK,6808551,6808551,2026-07-31T22:29:43.193612+00:00,2026-07-31T22:29:46.222854+00:00,3.029242,4,2599.660168
ACTIVE_MATCH,6808551,6808551,2026-07-31T22:29:47.217221+00:00,2026-07-31T22:29:58.300146+00:00,11.082925,12,141.410072
NO_ACCEPTED_PREDICTION_BOOK,6808561,6808561,2026-07-31T22:30:04.505386+00:00,2026-07-31T22:30:05.308387+00:00,0.803001,2,72.52214
ACTIVE_MATCH,6808561,6808561,2026-07-31T22:30:06.328020+00:00,2026-07-31T22:30:11.387744+00:00,5.059724,6,110.9732
NO_ACCEPTED_PREDICTION_BOOK,6808561,6808561,2026-07-31T22:30:12.358157+00:00,2026-07-31T22:30:26.468030+00:00,14.109873,15,1777.549476
ACTIVE_MATCH,6808561,6808561,2026-07-31T22:30:27.491001+00:00,2026-07-31T22:32:14.170880+00:00,106.679879,107,2132.604444
NO_ACCEPTED_PREDICTION_BOOK,6808561,6808561,2026-07-31T22:32:15.244294+00:00,2026-07-31T22:32:16.340749+00:00,1.096455,2,1778.540212
ACTIVE_MATCH,6808561,6808561,2026-07-31T22:32:17.282582+00:00,2026-07-31T22:34:14.034807+00:00,116.752225,117,2074.470636
NO_ACCEPTED_PREDICTION_BOOK,6808561,6808561,2026-07-31T22:34:15.059367+00:00,2026-07-31T22:34:16.042059+00:00,0.982692,2,1950.254388
ACTIVE_MATCH,6808561,6808561,2026-07-31T22:34:17.145553+00:00,2026-07-31T22:34:58.443488+00:00,41.297935,42,149.594676
NO_ACCEPTED_PREDICTION_BOOK,6808584,6808584,2026-07-31T22:35:04.353470+00:00,2026-07-31T22:36:14.789210+00:00,70.43574,71,2229.169312
NO_MICRO_SNAPSHOT,6808584,6808584,2026-07-31T22:36:15.789352+00:00,2026-07-31T22:36:40.986405+00:00,25.197053,26,15776.89502
NO_ACCEPTED_PREDICTION_BOOK,6808584,6808584,2026-07-31T22:36:42.025911+00:00,2026-07-31T22:36:45.072797+00:00,3.046886,4,2635.54206
ACTIVE_MATCH,6808584,6808584,2026-07-31T22:36:46.095453+00:00,2026-07-31T22:37:14.348838+00:00,28.253385,29,1776.799044
NO_ACCEPTED_PREDICTION_BOOK,6808584,6808584,2026-07-31T22:37:15.370669+00:00,2026-07-31T22:37:16.379824+00:00,1.009155,2,1862.0685
ACTIVE_MATCH,6808584,6808584,2026-07-31T22:37:17.381524+00:00,2026-07-31T22:38:14.737056+00:00,57.355532,58,1956.451
NO_ACCEPTED_PREDICTION_BOOK,6808584,6808584,2026-07-31T22:38:15.726804+00:00,2026-07-31T22:38:16.738373+00:00,1.011569,2,1122.186632
ACTIVE_MATCH,6808584,6808584,2026-07-31T22:38:17.757195+00:00,2026-07-31T22:39:14.194593+00:00,56.437398,57,1504.181324
NO_ACCEPTED_PREDICTION_BOOK,6808584,6808584,2026-07-31T22:39:15.193213+00:00,2026-07-31T22:39:16.308530+00:00,1.115317,2,1758.117472
ACTIVE_MATCH,6808584,6808584,2026-07-31T22:39:17.200538+00:00,2026-07-31T22:39:58.465801+00:00,41.265263,42,148.835976
NO_ACCEPTED_PREDICTION_BOOK,6808590,6808590,2026-07-31T22:40:02.966520+00:00,2026-07-31T22:40:47.154072+00:00,44.187552,45,2092.482876
ACTIVE_MATCH,6808590,6808590,2026-07-31T22:40:48.287777+00:00,2026-07-31T22:43:15.326154+00:00,147.038377,147,2680.371184
NO_MICRO_SNAPSHOT,6808590,6808590,2026-07-31T22:43:16.333602+00:00,2026-07-31T22:43:20.366762+00:00,4.03316,5,5191.505672
NO_ACCEPTED_PREDICTION_BOOK,6808590,6808590,2026-07-31T22:43:21.376051+00:00,2026-07-31T22:43:23.405844+00:00,2.029793,3,2154.427656
ACTIVE_MATCH,6808590,6808590,2026-07-31T22:43:24.397943+00:00,2026-07-31T22:44:14.775260+00:00,50.377317,51,2131.872504
NO_MICRO_SNAPSHOT,6808590,6808590,2026-07-31T22:44:15.770886+00:00,2026-07-31T22:44:40.975928+00:00,25.205042,26,15416.73216
NO_ACCEPTED_PREDICTION_BOOK,6808590,6808590,2026-07-31T22:44:41.987377+00:00,2026-07-31T22:44:45.020721+00:00,3.033344,4,2295.567104
ACTIVE_MATCH,6808590,6808590,2026-07-31T22:44:46.045211+00:00,2026-07-31T22:44:58.114875+00:00,12.069664,13,136.89956
NO_ACCEPTED_PREDICTION_BOOK,6808620,6808620,2026-07-31T22:45:02.763350+00:00,2026-07-31T22:46:02.184173+00:00,59.420823,60,2038.075664
ACTIVE_MATCH,6808620,6808620,2026-07-31T22:46:03.069821+00:00,2026-07-31T22:46:14.111936+00:00,11.042115,12,1458.9128
NO_ACCEPTED_PREDICTION_BOOK,6808620,6808620,2026-07-31T22:46:15.117555+00:00,2026-07-31T22:46:17.269374+00:00,2.151819,3,2023.895556
ACTIVE_MATCH,6808620,6808620,2026-07-31T22:46:18.159788+00:00,2026-07-31T22:47:14.633864+00:00,56.474076,57,1957.577836
NO_ACCEPTED_PREDICTION_BOOK,6808620,6808620,2026-07-31T22:47:15.575278+00:00,2026-07-31T22:47:16.576124+00:00,1.000846,2,1585.17502
ACTIVE_MATCH,6808620,6808620,2026-07-31T22:47:17.722026+00:00,2026-07-31T22:49:57.932272+00:00,160.210246,160,1963.860208
NO_ACCEPTED_PREDICTION_BOOK,6808625,6808625,2026-07-31T22:50:04.359110+00:00,2026-07-31T22:50:28.342694+00:00,23.983584,25,1947.23508
ACTIVE_MATCH,6808625,6808625,2026-07-31T22:50:29.325387+00:00,2026-07-31T22:50:34.401240+00:00,5.075853,6,138.697508
NO_ACCEPTED_PREDICTION_BOOK,6808625,6808625,2026-07-31T22:50:35.374108+00:00,2026-07-31T22:50:42.415583+00:00,7.041475,8,101.282664
ACTIVE_MATCH,6808625,6808625,2026-07-31T22:50:43.418860+00:00,2026-07-31T22:51:15.634402+00:00,32.215542,33,2898.924048
NO_MICRO_SNAPSHOT,6808625,6808625,2026-07-31T22:51:16.658997+00:00,2026-07-31T22:51:20.695090+00:00,4.036093,5,5830.308584
NO_ACCEPTED_PREDICTION_BOOK,6808625,6808625,2026-07-31T22:51:21.706454+00:00,2026-07-31T22:51:23.713308+00:00,2.006854,3,2801.681384
ACTIVE_MATCH,6808625,6808625,2026-07-31T22:51:24.779468+00:00,2026-07-31T22:52:15.082255+00:00,50.302787,51,2333.230948
NO_MICRO_SNAPSHOT,6808625,6808625,2026-07-31T22:52:16.097303+00:00,2026-07-31T22:52:37.244214+00:00,21.146911,22,13524.630288
NO_ACCEPTED_PREDICTION_BOOK,6808625,6808625,2026-07-31T22:52:38.251714+00:00,2026-07-31T22:52:40.281537+00:00,2.029823,3,2421.499152
ACTIVE_MATCH,6808625,6808625,2026-07-31T22:52:41.287143+00:00,2026-07-31T22:54:58.327970+00:00,137.040827,137,2006.149044
NO_ACCEPTED_PREDICTION_BOOK,6808634,6808634,2026-07-31T22:55:04.399287+00:00,2026-07-31T22:55:49.308848+00:00,44.909561,46,1984.675736
ACTIVE_MATCH,6808634,6808634,2026-07-31T22:55:50.303465+00:00,2026-07-31T22:59:15.848198+00:00,205.544733,205,2975.811888
NO_MICRO_SNAPSHOT,6808634,6808634,2026-07-31T22:59:16.826676+00:00,2026-07-31T22:59:19.878387+00:00,3.051711,4,4966.687024
NO_ACCEPTED_PREDICTION_BOOK,6808634,6808634,2026-07-31T22:59:20.900294+00:00,2026-07-31T22:59:23.896017+00:00,2.995723,4,2912.898556
ACTIVE_MATCH,6808634,6808634,2026-07-31T22:59:24.931806+00:00,2026-07-31T22:59:58.099336+00:00,33.16753,34,159.552444
NO_ACCEPTED_PREDICTION_BOOK,6808641,6808641,2026-07-31T23:00:03.847398+00:00,2026-07-31T23:00:08.702192+00:00,4.854794,6,113.19228
ACTIVE_MATCH,6808641,6808641,2026-07-31T23:00:09.715342+00:00,2026-07-31T23:00:15.786348+00:00,6.071006,7,2705.591532
NO_MICRO_SNAPSHOT,6808641,6808641,2026-07-31T23:00:16.788885+00:00,2026-07-31T23:00:39.906394+00:00,23.117509,24,14812.002268
NO_ACCEPTED_PREDICTION_BOOK,6808641,6808641,2026-07-31T23:00:40.907177+00:00,2026-07-31T23:00:43.985417+00:00,3.07824,4,2724.64534
ACTIVE_MATCH,6808641,6808641,2026-07-31T23:00:44.959677+00:00,2026-07-31T23:02:14.675062+00:00,89.715385,90,1957.234616
NO_ACCEPTED_PREDICTION_BOOK,6808641,6808641,2026-07-31T23:02:15.665879+00:00,2026-07-31T23:02:16.674965+00:00,1.009086,2,1600.85006
ACTIVE_MATCH,6808641,6808641,2026-07-31T23:02:17.697112+00:00,2026-07-31T23:04:58.864260+00:00,161.167148,161,1913.69564
NO_ACCEPTED_PREDICTION_BOOK,6808656,6808656,2026-07-31T23:05:04.469149+00:00,2026-07-31T23:06:15.768866+00:00,71.299717,72,2694.152748
NO_MICRO_SNAPSHOT,6808656,6808656,2026-07-31T23:06:16.787564+00:00,2026-07-31T23:06:40.985558+00:00,24.197994,25,15374.413348
NO_ACCEPTED_PREDICTION_BOOK,6808656,6808656,2026-07-31T23:06:42.027639+00:00,2026-07-31T23:06:43.981864+00:00,1.954225,3,2200.32746
ACTIVE_MATCH,6808656,6808656,2026-07-31T23:06:45.003783+00:00,2026-07-31T23:09:58.361010+00:00,193.357227,193,2089.446232
NO_ACCEPTED_PREDICTION_BOOK,6808658,6808658,2026-07-31T23:10:04.760846+00:00,2026-07-31T23:10:25.700429+00:00,20.939583,22,1800.280952
ACTIVE_MATCH,6808658,6808658,2026-07-31T23:10:26.713222+00:00,2026-07-31T23:10:32.906295+00:00,6.193073,7,109.639888
NO_ACCEPTED_PREDICTION_BOOK,6808658,6808658,2026-07-31T23:10:33.766192+00:00,2026-07-31T23:10:39.802407+00:00,6.036215,7,131.811088
ACTIVE_MATCH,6808658,6808658,2026-07-31T23:10:40.807734+00:00,2026-07-31T23:13:15.875320+00:00,155.067586,155,2661.463364
NO_MICRO_SNAPSHOT,6808658,6808658,2026-07-31T23:13:16.886238+00:00,2026-07-31T23:13:20.904383+00:00,4.018145,5,5183.380548
NO_ACCEPTED_PREDICTION_BOOK,6808658,6808658,2026-07-31T23:13:21.919327+00:00,2026-07-31T23:13:23.963718+00:00,2.044391,3,2291.142724
ACTIVE_MATCH,6808658,6808658,2026-07-31T23:13:24.976293+00:00,2026-07-31T23:14:15.310916+00:00,50.334623,51,2218.51334
NO_MICRO_SNAPSHOT,6808658,6808658,2026-07-31T23:14:16.325371+00:00,2026-07-31T23:14:40.503633+00:00,24.178262,25,15138.012108
NO_ACCEPTED_PREDICTION_BOOK,6808658,6808658,2026-07-31T23:14:41.517995+00:00,2026-07-31T23:14:43.514580+00:00,1.996585,3,2025.542092
ACTIVE_MATCH,6808658,6808658,2026-07-31T23:14:44.546613+00:00,2026-07-31T23:14:58.616687+00:00,14.070074,15,132.330656
NO_ACCEPTED_PREDICTION_BOOK,6808663,6808663,2026-07-31T23:15:04.567714+00:00,2026-07-31T23:15:49.780086+00:00,45.212372,46,1811.757448
ACTIVE_MATCH,6808663,6808663,2026-07-31T23:15:50.788916+00:00,2026-07-31T23:18:14.884398+00:00,144.095482,144,1845.273368
NO_ACCEPTED_PREDICTION_BOOK,6808663,6808663,2026-07-31T23:18:15.872778+00:00,2026-07-31T23:18:16.885662+00:00,1.012884,2,1269.997416
ACTIVE_MATCH,6808663,6808663,2026-07-31T23:18:17.901038+00:00,2026-07-31T23:19:58.720422+00:00,100.819384,101,1966.348236
NO_ACCEPTED_PREDICTION_BOOK,6808670,6808670,2026-07-31T23:20:04.648025+00:00,2026-07-31T23:20:15.571481+00:00,10.923456,12,2441.747388
NO_MICRO_SNAPSHOT,6808670,6808670,2026-07-31T23:20:16.561547+00:00,2026-07-31T23:20:19.578469+00:00,3.016922,4,4575.916476
NO_ACCEPTED_PREDICTION_BOOK,6808670,6808670,2026-07-31T23:20:20.595305+00:00,2026-07-31T23:20:22.603082+00:00,2.007777,3,2126.72134
ACTIVE_MATCH,6808670,6808670,2026-07-31T23:20:23.612521+00:00,2026-07-31T23:20:25.619327+00:00,2.006806,3,116.86816
NO_ACCEPTED_PREDICTION_BOOK,6808670,6808670,2026-07-31T23:20:26.620654+00:00,2026-07-31T23:20:27.624291+00:00,1.003637,2,148.847684
ACTIVE_MATCH,6808670,6808670,2026-07-31T23:20:28.621798+00:00,2026-07-31T23:21:15.976173+00:00,47.354375,48,2783.3554
NO_MICRO_SNAPSHOT,6808670,6808670,2026-07-31T23:21:16.992320+00:00,2026-07-31T23:21:32.123309+00:00,15.130989,16,10847.179784
NO_ACCEPTED_PREDICTION_BOOK,6808670,6808670,2026-07-31T23:21:33.262219+00:00,2026-07-31T23:21:35.134761+00:00,1.872542,3,2540.637392
ACTIVE_MATCH,6808670,6808670,2026-07-31T23:21:36.104460+00:00,2026-07-31T23:24:58.687050+00:00,202.58259,202,1944.903304
NO_ACCEPTED_PREDICTION_BOOK,6808671,6808671,2026-07-31T23:25:04.069089+00:00,2026-07-31T23:25:50.254205+00:00,46.185116,47,1666.04336
ACTIVE_MATCH,6808671,6808671,2026-07-31T23:25:51.269553+00:00,2026-07-31T23:29:58.284859+00:00,247.015306,246,1954.246896
NO_ACCEPTED_PREDICTION_BOOK,6808679,6808679,2026-07-31T23:30:04.796729+00:00,2026-07-31T23:30:46.920411+00:00,42.123682,43,1989.223032
ACTIVE_MATCH,6808679,6808679,2026-07-31T23:30:48.061609+00:00,2026-07-31T23:34:15.459497+00:00,207.397888,207,2111.292808
NO_ACCEPTED_PREDICTION_BOOK,6808679,6808679,2026-07-31T23:34:16.493377+00:00,2026-07-31T23:34:17.481022+00:00,0.987645,2,1173.678876
ACTIVE_MATCH,6808679,6808679,2026-07-31T23:34:18.494153+00:00,2026-07-31T23:34:58.815955+00:00,40.321802,41,158.110208
NO_ACCEPTED_PREDICTION_BOOK,6808682,6808682,2026-07-31T23:35:04.385809+00:00,2026-07-31T23:35:50.605176+00:00,46.219367,47,2010.354488
ACTIVE_MATCH,6808682,6808682,2026-07-31T23:35:51.609063+00:00,2026-07-31T23:36:14.770921+00:00,23.161858,24,1247.88986
NO_ACCEPTED_PREDICTION_BOOK,6808682,6808682,2026-07-31T23:36:15.766953+00:00,2026-07-31T23:36:16.794055+00:00,1.027102,2,1709.15624
ACTIVE_MATCH,6808682,6808682,2026-07-31T23:36:17.929092+00:00,2026-07-31T23:39:15.032525+00:00,177.103433,177,2015.763908
NO_ACCEPTED_PREDICTION_BOOK,6808682,6808682,2026-07-31T23:39:16.001041+00:00,2026-07-31T23:39:17.020261+00:00,1.01922,2,1839.346704
ACTIVE_MATCH,6808682,6808682,2026-07-31T23:39:18.026354+00:00,2026-07-31T23:39:58.377692+00:00,40.351338,41,166.753052
NO_ACCEPTED_PREDICTION_BOOK,6808690,6808690,2026-07-31T23:40:02.500784+00:00,2026-07-31T23:40:02.500784+00:00,0.0,1,3.244572
ACTIVE_MATCH,6808690,6808690,2026-07-31T23:40:03.036269+00:00,2026-07-31T23:40:11.062834+00:00,8.026565,9,131.92444
NO_ACCEPTED_PREDICTION_BOOK,6808690,6808690,2026-07-31T23:40:12.049383+00:00,2026-07-31T23:40:17.224010+00:00,5.174627,6,1766.586168
ACTIVE_MATCH,6808690,6808690,2026-07-31T23:40:18.136105+00:00,2026-07-31T23:40:28.150159+00:00,10.014054,11,107.1663
NO_ACCEPTED_PREDICTION_BOOK,6808690,6808690,2026-07-31T23:40:29.187051+00:00,2026-07-31T23:40:29.187051+00:00,0.0,1,68.102608
ACTIVE_MATCH,6808690,6808690,2026-07-31T23:40:30.183713+00:00,2026-07-31T23:40:39.250392+00:00,9.066679,10,131.558672
NO_ACCEPTED_PREDICTION_BOOK,6808690,6808690,2026-07-31T23:40:40.251027+00:00,2026-07-31T23:40:41.272572+00:00,1.021545,2,47.39554
ACTIVE_MATCH,6808690,6808690,2026-07-31T23:40:42.296727+00:00,2026-07-31T23:42:14.981602+00:00,92.684875,93,1811.92638
NO_ACCEPTED_PREDICTION_BOOK,6808690,6808690,2026-07-31T23:42:15.994181+00:00,2026-07-31T23:42:17.003936+00:00,1.009755,2,1759.441536
ACTIVE_MATCH,6808690,6808690,2026-07-31T23:42:18.178341+00:00,2026-07-31T23:44:15.806864+00:00,117.628523,118,2247.914228
NO_MICRO_SNAPSHOT,6808690,6808690,2026-07-31T23:44:17.816369+00:00,2026-07-31T23:44:19.997280+00:00,2.180911,4,4412.541172
NO_ACCEPTED_PREDICTION_BOOK,6808690,6808690,2026-07-31T23:44:20.998648+00:00,2026-07-31T23:44:23.026159+00:00,2.027511,3,2132.547892
ACTIVE_MATCH,6808690,6808690,2026-07-31T23:44:24.032736+00:00,2026-07-31T23:44:58.282529+00:00,34.249793,35,133.42558
MARKET_ID_MISMATCH,6808693,6808690,2026-07-31T23:45:02.819703+00:00,2026-07-31T23:45:02.819703+00:00,0.0,1,64.08304
ACTIVE_MATCH,6808693,6808693,2026-07-31T23:45:03.386960+00:00,2026-07-31T23:45:07.412452+00:00,4.025492,5,110.269232
NO_ACCEPTED_PREDICTION_BOOK,6808693,6808693,2026-07-31T23:45:08.421717+00:00,2026-07-31T23:45:16.477659+00:00,8.055942,9,2973.67278
NO_MICRO_SNAPSHOT,6808693,6808693,2026-07-31T23:45:17.602692+00:00,2026-07-31T23:45:37.595828+00:00,19.993136,21,13083.902216
NO_ACCEPTED_PREDICTION_BOOK,6808693,6808693,2026-07-31T23:45:38.618337+00:00,2026-07-31T23:45:50.715332+00:00,12.096995,13,1990.131976
ACTIVE_MATCH,6808693,6808693,2026-07-31T23:45:51.708579+00:00,2026-07-31T23:48:15.784844+00:00,144.076265,144,2077.811732
NO_ACCEPTED_PREDICTION_BOOK,6808693,6808693,2026-07-31T23:48:16.796742+00:00,2026-07-31T23:48:17.801798+00:00,1.005056,2,1119.063412
ACTIVE_MATCH,6808693,6808693,2026-07-31T23:48:18.963258+00:00,2026-07-31T23:49:58.526885+00:00,99.563627,100,1560.126792
NO_ACCEPTED_PREDICTION_BOOK,6808703,6808703,2026-07-31T23:50:04.024890+00:00,2026-07-31T23:50:44.120639+00:00,40.095749,41,1771.406748
ACTIVE_MATCH,6808703,6808703,2026-07-31T23:50:45.147361+00:00,2026-07-31T23:51:15.418276+00:00,30.270915,31,1617.056096
NO_ACCEPTED_PREDICTION_BOOK,6808703,6808703,2026-07-31T23:51:16.450702+00:00,2026-07-31T23:51:17.457541+00:00,1.006839,2,1576.395476
ACTIVE_MATCH,6808703,6808703,2026-07-31T23:51:18.589935+00:00,2026-07-31T23:52:15.850675+00:00,57.26074,58,2094.8642
NO_MICRO_SNAPSHOT,6808703,6808703,2026-07-31T23:52:16.855664+00:00,2026-07-31T23:52:38.000070+00:00,21.144406,22,13749.293528
NO_ACCEPTED_PREDICTION_BOOK,6808703,6808703,2026-07-31T23:52:39.001501+00:00,2026-07-31T23:52:42.014593+00:00,3.013092,4,2662.304216
ACTIVE_MATCH,6808703,6808703,2026-07-31T23:52:43.033605+00:00,2026-07-31T23:54:58.104363+00:00,135.070758,135,2017.38558
NO_ACCEPTED_PREDICTION_BOOK,6808709,6808709,2026-07-31T23:55:03.800550+00:00,2026-07-31T23:56:22.303457+00:00,78.502907,79,1938.280912
ACTIVE_MATCH,6808709,6808709,2026-07-31T23:56:23.358276+00:00,2026-07-31T23:59:57.935899+00:00,214.577623,214,1821.14982
NO_ACCEPTED_PREDICTION_BOOK,6808718,6808718,2026-08-01T00:00:05.997913+00:00,2026-08-01T00:00:27.869074+00:00,21.871161,23,1586.949284
ACTIVE_MATCH,6808718,6808718,2026-08-01T00:00:28.904215+00:00,2026-08-01T00:00:34.929170+00:00,6.024955,7,98.640356
NO_ACCEPTED_PREDICTION_BOOK,6808718,6808718,2026-08-01T00:00:36.072715+00:00,2026-08-01T00:00:37.938621+00:00,1.865906,3,110.642672
ACTIVE_MATCH,6808718,6808718,2026-08-01T00:00:38.951470+00:00,2026-08-01T00:04:15.555941+00:00,216.604471,216,1903.936292
NO_ACCEPTED_PREDICTION_BOOK,6808718,6808718,2026-08-01T00:04:16.576859+00:00,2026-08-01T00:04:22.772632+00:00,6.195773,7,1077.25432
ACTIVE_MATCH,6808718,6808718,2026-08-01T00:04:23.643754+00:00,2026-08-01T00:04:43.855482+00:00,20.211728,21,143.9788
NO_ACCEPTED_PREDICTION_BOOK,6808718,6808718,2026-08-01T00:04:44.865773+00:00,2026-08-01T00:04:57.956685+00:00,13.090912,14,145.033068
NO_ACCEPTED_PREDICTION_BOOK,6808725,6808725,2026-08-01T00:05:04.503372+00:00,2026-08-01T00:05:13.417582+00:00,8.91421,10,130.044248
ACTIVE_MATCH,6808725,6808725,2026-08-01T00:05:14.428598+00:00,2026-08-01T00:05:21.497970+00:00,7.069372,8,1531.343952
NO_ACCEPTED_PREDICTION_BOOK,6808725,6808725,2026-08-01T00:05:22.486310+00:00,2026-08-01T00:05:24.512855+00:00,2.026545,3,139.48364
ACTIVE_MATCH,6808725,6808725,2026-08-01T00:05:25.511185+00:00,2026-08-01T00:05:36.593243+00:00,11.082058,12,153.4488
NO_ACCEPTED_PREDICTION_BOOK,6808725,6808725,2026-08-01T00:05:37.590034+00:00,2026-08-01T00:05:41.621689+00:00,4.031655,5,97.002212
ACTIVE_MATCH,6808725,6808725,2026-08-01T00:05:42.642654+00:00,2026-08-01T00:07:16.336332+00:00,93.693678,94,2220.582032
NO_MICRO_SNAPSHOT,6808725,6808725,2026-08-01T00:07:17.336708+00:00,2026-08-01T00:07:25.388078+00:00,8.05137,9,7250.341008
NO_ACCEPTED_PREDICTION_BOOK,6808725,6808725,2026-08-01T00:07:26.386869+00:00,2026-08-01T00:07:28.405991+00:00,2.019122,3,2623.602108
ACTIVE_MATCH,6808725,6808725,2026-08-01T00:07:29.433502+00:00,2026-08-01T00:09:58.503198+00:00,149.069696,149,1732.972224
NO_ACCEPTED_PREDICTION_BOOK,6808730,6808730,2026-08-01T00:10:07.081444+00:00,2026-08-01T00:11:22.380768+00:00,75.299324,76,1925.154856
ACTIVE_MATCH,6808730,6808730,2026-08-01T00:11:23.394267+00:00,2026-08-01T00:13:16.265367+00:00,112.8711,113,2048.27214
NO_MICRO_SNAPSHOT,6808730,6808730,2026-08-01T00:13:17.270853+00:00,2026-08-01T00:13:19.261060+00:00,1.990207,3,4121.769468
NO_ACCEPTED_PREDICTION_BOOK,6808730,6808730,2026-08-01T00:13:20.295529+00:00,2026-08-01T00:13:22.312808+00:00,2.017279,3,2201.54854
ACTIVE_MATCH,6808730,6808730,2026-08-01T00:13:23.324515+00:00,2026-08-01T00:14:16.824860+00:00,53.500345,54,2642.14916
NO_MICRO_SNAPSHOT,6808730,6808730,2026-08-01T00:14:17.828223+00:00,2026-08-01T00:14:34.964886+00:00,17.136663,18,11708.078888
NO_ACCEPTED_PREDICTION_BOOK,6808730,6808730,2026-08-01T00:14:35.963646+00:00,2026-08-01T00:14:37.962517+00:00,1.998871,3,2550.092548
ACTIVE_MATCH,6808730,6808730,2026-08-01T00:14:38.989359+00:00,2026-08-01T00:14:58.226704+00:00,19.237345,20,132.417452
NO_ACCEPTED_PREDICTION_BOOK,6808751,6808751,2026-08-01T00:15:04.221136+00:00,2026-08-01T00:16:13.551096+00:00,69.32996,70,1744.816712
ACTIVE_MATCH,6808751,6808751,2026-08-01T00:16:14.550773+00:00,2026-08-01T00:18:15.510599+00:00,120.959826,121,1858.625708
NO_ACCEPTED_PREDICTION_BOOK,6808751,6808751,2026-08-01T00:18:16.523188+00:00,2026-08-01T00:18:17.534076+00:00,1.010888,2,1720.872776
ACTIVE_MATCH,6808751,6808751,2026-08-01T00:18:18.549668+00:00,2026-08-01T00:19:15.919568+00:00,57.3699,58,1570.836728
NO_ACCEPTED_PREDICTION_BOOK,6808751,6808751,2026-08-01T00:19:16.915227+00:00,2026-08-01T00:19:17.948135+00:00,1.032908,2,1447.73522
ACTIVE_MATCH,6808751,6808751,2026-08-01T00:19:18.959665+00:00,2026-08-01T00:19:58.313159+00:00,39.353494,40,136.536536
NO_ACCEPTED_PREDICTION_BOOK,6808760,6808760,2026-08-01T00:20:04.221258+00:00,2026-08-01T00:20:11.218415+00:00,6.997157,8,104.652704
ACTIVE_MATCH,6808760,6808760,2026-08-01T00:20:12.232424+00:00,2026-08-01T00:20:15.279482+00:00,3.047058,4,1149.106556
NO_ACCEPTED_PREDICTION_BOOK,6808760,6808760,2026-08-01T00:20:16.249969+00:00,2026-08-01T00:20:19.311752+00:00,3.061783,4,1737.994704
ACTIVE_MATCH,6808760,6808760,2026-08-01T00:20:20.308368+00:00,2026-08-01T00:21:16.714700+00:00,56.406332,57,2410.855232
NO_MICRO_SNAPSHOT,6808760,6808760,2026-08-01T00:21:17.847679+00:00,2026-08-01T00:21:38.880169+00:00,21.03249,22,13518.246812
NO_ACCEPTED_PREDICTION_BOOK,6808760,6808760,2026-08-01T00:21:39.874523+00:00,2026-08-01T00:21:41.897061+00:00,2.022538,3,2407.58902
ACTIVE_MATCH,6808760,6808760,2026-08-01T00:21:42.930945+00:00,2026-08-01T00:22:17.156118+00:00,34.225173,35,2934.781616
NO_MICRO_SNAPSHOT,6808760,6808760,2026-08-01T00:22:18.304084+00:00,2026-08-01T00:23:30.901374+00:00,72.59729,73,39401.10808
NO_ACCEPTED_PREDICTION_BOOK,6808760,6808760,2026-08-01T00:23:31.911958+00:00,2026-08-01T00:23:39.994770+00:00,8.082812,9,2065.106988
ACTIVE_MATCH,6808760,6808760,2026-08-01T00:23:40.987494+00:00,2026-08-01T00:24:36.379143+00:00,55.391649,56,2627.668212
NO_ACCEPTED_PREDICTION_BOOK,6808760,6808760,2026-08-01T00:24:37.390977+00:00,2026-08-01T00:24:39.398048+00:00,2.007071,3,2053.212376
ACTIVE_MATCH,6808760,6808760,2026-08-01T00:24:40.404744+00:00,2026-08-01T00:24:58.565156+00:00,18.160412,19,153.072456
NO_ACCEPTED_PREDICTION_BOOK,6808761,6808761,2026-08-01T00:25:03.925544+00:00,2026-08-01T00:26:03.426445+00:00,59.500901,60,2191.8885
ACTIVE_MATCH,6808761,6808761,2026-08-01T00:26:04.302305+00:00,2026-08-01T00:26:35.567943+00:00,31.265638,32,1745.372468
NO_ACCEPTED_PREDICTION_BOOK,6808761,6808761,2026-08-01T00:26:36.543466+00:00,2026-08-01T00:26:38.566939+00:00,2.023473,3,2587.931216
ACTIVE_MATCH,6808761,6808761,2026-08-01T00:26:39.576704+00:00,2026-08-01T00:27:35.947376+00:00,56.370672,57,2246.620428
NO_MICRO_SNAPSHOT,6808761,6808761,2026-08-01T00:27:36.982736+00:00,2026-08-01T00:27:39.984021+00:00,3.001285,4,4267.401228
NO_ACCEPTED_PREDICTION_BOOK,6808761,6808761,2026-08-01T00:27:41.008116+00:00,2026-08-01T00:27:43.024676+00:00,2.01656,3,2097.554432
ACTIVE_MATCH,6808761,6808761,2026-08-01T00:27:44.036548+00:00,2026-08-01T00:28:36.450261+00:00,52.413713,53,2473.168792
NO_MICRO_SNAPSHOT,6808761,6808761,2026-08-01T00:28:37.469522+00:00,2026-08-01T00:28:37.469522+00:00,0.0,1,3492.42972
NO_ACCEPTED_PREDICTION_BOOK,6808761,6808761,2026-08-01T00:28:38.485362+00:00,2026-08-01T00:28:40.529464+00:00,2.044102,3,2704.157724
ACTIVE_MATCH,6808761,6808761,2026-08-01T00:28:41.511495+00:00,2026-08-01T00:29:35.895740+00:00,54.384245,55,2008.79866
NO_ACCEPTED_PREDICTION_BOOK,6808761,6808761,2026-08-01T00:29:36.902092+00:00,2026-08-01T00:29:38.958563+00:00,2.056471,3,2291.469468
ACTIVE_MATCH,6808761,6808761,2026-08-01T00:29:39.957357+00:00,2026-08-01T00:29:58.085991+00:00,18.128634,19,122.500532
NO_ACCEPTED_PREDICTION_BOOK,6808835,6808835,2026-08-01T00:30:04.046349+00:00,2026-08-01T00:32:21.889874+00:00,137.843525,138,2698.061808
ACTIVE_MATCH,6808835,6808835,2026-08-01T00:32:22.908212+00:00,2026-08-01T00:32:35.997973+00:00,13.089761,14,2079.564192
NO_ACCEPTED_PREDICTION_BOOK,6808835,6808835,2026-08-01T00:32:37.009954+00:00,2026-08-01T00:32:39.027268+00:00,2.017314,3,2231.337652
ACTIVE_MATCH,6808835,6808835,2026-08-01T00:32:40.033284+00:00,2026-08-01T00:33:36.518235+00:00,56.484951,57,2599.21438
NO_ACCEPTED_PREDICTION_BOOK,6808835,6808835,2026-08-01T00:33:37.541189+00:00,2026-08-01T00:33:38.578454+00:00,1.037265,2,1772.429036
ACTIVE_MATCH,6808835,6808835,2026-08-01T00:33:39.588140+00:00,2026-08-01T00:34:35.954435+00:00,56.366295,57,1865.981372
NO_ACCEPTED_PREDICTION_BOOK,6808835,6808835,2026-08-01T00:34:36.994578+00:00,2026-08-01T00:34:39.000625+00:00,2.006047,3,2363.25118
ACTIVE_MATCH,6808835,6808835,2026-08-01T00:34:40.003056+00:00,2026-08-01T00:34:58.186910+00:00,18.183854,19,117.745728
NO_ACCEPTED_PREDICTION_BOOK,6808839,6808839,2026-08-01T00:35:04.774821+00:00,2026-08-01T00:35:36.874273+00:00,32.099452,33,2884.269124
NO_MICRO_SNAPSHOT,6808839,6808839,2026-08-01T00:35:37.868831+00:00,2026-08-01T00:35:37.868831+00:00,0.0,1,3728.215824
NO_ACCEPTED_PREDICTION_BOOK,6808839,6808839,2026-08-01T00:35:38.882924+00:00,2026-08-01T00:35:56.054303+00:00,17.171379,18,2714.122768
ACTIVE_MATCH,6808839,6808839,2026-08-01T00:35:57.042184+00:00,2026-08-01T00:36:36.350179+00:00,39.307995,40,2238.402672
NO_MICRO_SNAPSHOT,6808839,6808839,2026-08-01T00:36:37.351406+00:00,2026-08-01T00:36:37.351406+00:00,0.0,1,3239.62968
NO_ACCEPTED_PREDICTION_BOOK,6808839,6808839,2026-08-01T00:36:38.404285+00:00,2026-08-01T00:36:40.384340+00:00,1.980055,3,2563.656172
ACTIVE_MATCH,6808839,6808839,2026-08-01T00:36:41.386547+00:00,2026-08-01T00:37:35.835512+00:00,54.448965,55,1912.832208
NO_ACCEPTED_PREDICTION_BOOK,6808839,6808839,2026-08-01T00:37:36.803897+00:00,2026-08-01T00:37:38.808826+00:00,2.004929,3,2701.659268
ACTIVE_MATCH,6808839,6808839,2026-08-01T00:37:39.864975+00:00,2026-08-01T00:38:36.247730+00:00,56.382755,57,2220.88872
NO_ACCEPTED_PREDICTION_BOOK,6808839,6808839,2026-08-01T00:38:37.276449+00:00,2026-08-01T00:38:39.290832+00:00,2.014383,3,2224.476676
ACTIVE_MATCH,6808839,6808839,2026-08-01T00:38:40.290878+00:00,2026-08-01T00:39:36.687745+00:00,56.396867,57,2600.246524
NO_ACCEPTED_PREDICTION_BOOK,6808839,6808839,2026-08-01T00:39:37.712650+00:00,2026-08-01T00:39:38.708306+00:00,0.995656,2,1653.972916
ACTIVE_MATCH,6808839,6808839,2026-08-01T00:39:39.712623+00:00,2026-08-01T00:39:58.841940+00:00,19.129317,20,144.350836
NO_ACCEPTED_PREDICTION_BOOK,6808840,6808840,2026-08-01T00:40:04.758443+00:00,2026-08-01T00:40:55.971918+00:00,51.213475,52,2707.835544
ACTIVE_MATCH,6808840,6808840,2026-08-01T00:40:56.978621+00:00,2026-08-01T00:41:36.224484+00:00,39.245863,40,2193.81344
NO_ACCEPTED_PREDICTION_BOOK,6808840,6808840,2026-08-01T00:41:37.224057+00:00,2026-08-01T00:41:39.252196+00:00,2.028139,3,1948.224168
ACTIVE_MATCH,6808840,6808840,2026-08-01T00:41:40.277467+00:00,2026-08-01T00:42:35.714530+00:00,55.437063,56,1576.918048
NO_ACCEPTED_PREDICTION_BOOK,6808840,6808840,2026-08-01T00:42:36.694308+00:00,2026-08-01T00:42:38.716376+00:00,2.022068,3,2375.671504
ACTIVE_MATCH,6808840,6808840,2026-08-01T00:42:39.723013+00:00,2026-08-01T00:43:36.125274+00:00,56.402261,57,1995.009056
NO_ACCEPTED_PREDICTION_BOOK,6808840,6808840,2026-08-01T00:43:37.155530+00:00,2026-08-01T00:43:39.182393+00:00,2.026863,3,2190.203416
ACTIVE_MATCH,6808840,6808840,2026-08-01T00:43:40.176533+00:00,2026-08-01T00:44:36.610088+00:00,56.433555,57,2563.985892
NO_ACCEPTED_PREDICTION_BOOK,6808840,6808840,2026-08-01T00:44:37.627384+00:00,2026-08-01T00:44:38.654026+00:00,1.026642,2,1674.307036
ACTIVE_MATCH,6808840,6808840,2026-08-01T00:44:39.651831+00:00,2026-08-01T00:44:58.810265+00:00,19.158434,20,114.95114
NO_ACCEPTED_PREDICTION_BOOK,6808853,6808853,2026-08-01T00:45:04.474853+00:00,2026-08-01T00:45:54.632413+00:00,50.15756,51,2418.363344
ACTIVE_MATCH,6808853,6808853,2026-08-01T00:45:55.667206+00:00,2026-08-01T00:46:35.973862+00:00,40.306656,41,1648.780188
NO_ACCEPTED_PREDICTION_BOOK,6808853,6808853,2026-08-01T00:46:37.002753+00:00,2026-08-01T00:46:39.001812+00:00,1.999059,3,2603.836676
ACTIVE_MATCH,6808853,6808853,2026-08-01T00:46:40.035355+00:00,2026-08-01T00:47:36.447413+00:00,56.412058,57,2149.572492
NO_ACCEPTED_PREDICTION_BOOK,6808853,6808853,2026-08-01T00:47:37.468778+00:00,2026-08-01T00:47:38.488562+00:00,1.019784,2,1791.102316
ACTIVE_MATCH,6808853,6808853,2026-08-01T00:47:39.484109+00:00,2026-08-01T00:48:37.002824+00:00,57.518715,58,2736.408492
NO_ACCEPTED_PREDICTION_BOOK,6808853,6808853,2026-08-01T00:48:37.919217+00:00,2026-08-01T00:48:38.943105+00:00,1.023888,2,1889.460248
ACTIVE_MATCH,6808853,6808853,2026-08-01T00:48:39.958200+00:00,2026-08-01T00:49:36.393615+00:00,56.435415,57,2124.006904
NO_ACCEPTED_PREDICTION_BOOK,6808853,6808853,2026-08-01T00:49:37.432142+00:00,2026-08-01T00:49:39.456561+00:00,2.024419,3,2365.70782
ACTIVE_MATCH,6808853,6808853,2026-08-01T00:49:40.440814+00:00,2026-08-01T00:49:58.619044+00:00,18.17823,19,129.77446
NO_ACCEPTED_PREDICTION_BOOK,6808858,6808858,2026-08-01T00:50:04.120990+00:00,2026-08-01T00:51:36.678357+00:00,92.557367,93,2353.971692
NO_MICRO_SNAPSHOT,6808858,6808858,2026-08-01T00:51:37.682020+00:00,2026-08-01T00:51:39.796272+00:00,2.114252,3,4309.830496
NO_ACCEPTED_PREDICTION_BOOK,6808858,6808858,2026-08-01T00:51:40.714551+00:00,2026-08-01T00:51:45.732642+00:00,5.018091,6,2320.57456
ACTIVE_MATCH,6808858,6808858,2026-08-01T00:51:46.774806+00:00,2026-08-01T00:52:37.231737+00:00,50.456931,51,2876.727232
NO_MICRO_SNAPSHOT,6808858,6808858,2026-08-01T00:52:38.143061+00:00,2026-08-01T00:52:39.145301+00:00,1.00224,2,3788.051392
NO_ACCEPTED_PREDICTION_BOOK,6808858,6808858,2026-08-01T00:52:40.163247+00:00,2026-08-01T00:52:42.193927+00:00,2.03068,3,2630.695496
ACTIVE_MATCH,6808858,6808858,2026-08-01T00:52:43.196575+00:00,2026-08-01T00:53:36.556577+00:00,53.360002,54,2183.529524
NO_ACCEPTED_PREDICTION_BOOK,6808858,6808858,2026-08-01T00:53:37.525654+00:00,2026-08-01T00:53:39.567697+00:00,2.042043,3,2076.939084
ACTIVE_MATCH,6808858,6808858,2026-08-01T00:53:40.583389+00:00,2026-08-01T00:54:37.007535+00:00,56.424146,57,2615.071704
NO_ACCEPTED_PREDICTION_BOOK,6808858,6808858,2026-08-01T00:54:38.042482+00:00,2026-08-01T00:54:39.042420+00:00,0.999938,2,1699.87248
ACTIVE_MATCH,6808858,6808858,2026-08-01T00:54:40.068486+00:00,2026-08-01T00:54:58.213576+00:00,18.14509,19,147.55
NO_ACCEPTED_PREDICTION_BOOK,6808861,6808861,2026-08-01T00:55:03.962716+00:00,2026-08-01T00:55:24.979676+00:00,21.01696,22,147.846764
ACTIVE_MATCH,6808861,6808861,2026-08-01T00:55:26.984586+00:00,2026-08-01T00:55:36.202583+00:00,9.217997,11,1768.88184
NO_ACCEPTED_PREDICTION_BOOK,6808861,6808861,2026-08-01T00:55:37.217304+00:00,2026-08-01T00:55:40.231837+00:00,3.014533,4,2312.881836
ACTIVE_MATCH,6808861,6808861,2026-08-01T00:55:41.241255+00:00,2026-08-01T00:56:36.704314+00:00,55.463059,56,2312.364612
NO_ACCEPTED_PREDICTION_BOOK,6808861,6808861,2026-08-01T00:56:37.712700+00:00,2026-08-01T00:56:39.733015+00:00,2.020315,3,1952.825796
ACTIVE_MATCH,6808861,6808861,2026-08-01T00:56:40.784215+00:00,2026-08-01T00:57:36.178363+00:00,55.394148,56,1798.185636
NO_ACCEPTED_PREDICTION_BOOK,6808861,6808861,2026-08-01T00:57:37.148504+00:00,2026-08-01T00:57:39.176418+00:00,2.027914,3,2468.605336
ACTIVE_MATCH,6808861,6808861,2026-08-01T00:57:40.201239+00:00,2026-08-01T00:58:36.663407+00:00,56.462168,57,2178.338104
NO_ACCEPTED_PREDICTION_BOOK,6808861,6808861,2026-08-01T00:58:37.680312+00:00,2026-08-01T00:58:38.671253+00:00,0.990941,2,1805.510792
ACTIVE_MATCH,6808861,6808861,2026-08-01T00:58:39.678318+00:00,2026-08-01T00:59:36.088124+00:00,56.409806,57,1720.34326
NO_ACCEPTED_PREDICTION_BOOK,6808861,6808861,2026-08-01T00:59:37.101938+00:00,2026-08-01T00:59:39.121917+00:00,2.019979,3,2542.73498
ACTIVE_MATCH,6808861,6808861,2026-08-01T00:59:40.170972+00:00,2026-08-01T00:59:58.232404+00:00,18.061432,19,122.914384
NO_ACCEPTED_PREDICTION_BOOK,6808870,6808870,2026-08-01T01:00:04.387112+00:00,2026-08-01T01:00:37.393516+00:00,33.006404,34,2830.971132
NO_MICRO_SNAPSHOT,6808870,6808870,2026-08-01T01:00:38.540682+00:00,2026-08-01T01:00:38.540682+00:00,0.0,1,3792.378516
NO_ACCEPTED_PREDICTION_BOOK,6808870,6808870,2026-08-01T01:00:39.433105+00:00,2026-08-01T01:01:18.772726+00:00,39.339621,40,2899.955604
ACTIVE_MATCH,6808870,6808870,2026-08-01T01:01:19.711654+00:00,2026-08-01T01:01:36.834766+00:00,17.123112,18,2160.127924
NO_MICRO_SNAPSHOT,6808870,6808870,2026-08-01T01:01:37.833414+00:00,2026-08-01T01:01:40.841203+00:00,3.007789,4,4177.856916
NO_ACCEPTED_PREDICTION_BOOK,6808870,6808870,2026-08-01T01:01:41.900737+00:00,2026-08-01T01:01:43.872512+00:00,1.971775,3,2144.854676
ACTIVE_MATCH,6808870,6808870,2026-08-01T01:01:44.892791+00:00,2026-08-01T01:02:36.230761+00:00,51.33797,52,1694.81666
NO_ACCEPTED_PREDICTION_BOOK,6808870,6808870,2026-08-01T01:02:37.231813+00:00,2026-08-01T01:02:39.243993+00:00,2.01218,3,2540.873336
ACTIVE_MATCH,6808870,6808870,2026-08-01T01:02:40.249413+00:00,2026-08-01T01:03:36.561252+00:00,56.311839,57,2022.698696
NO_ACCEPTED_PREDICTION_BOOK,6808870,6808870,2026-08-01T01:03:37.577167+00:00,2026-08-01T01:03:39.611002+00:00,2.033835,3,2224.549796
ACTIVE_MATCH,6808870,6808870,2026-08-01T01:03:40.603300+00:00,2026-08-01T01:04:37.014206+00:00,56.410906,57,2416.011452
NO_ACCEPTED_PREDICTION_BOOK,6808870,6808870,2026-08-01T01:04:38.029294+00:00,2026-08-01T01:04:40.023789+00:00,1.994495,3,2320.53672
ACTIVE_MATCH,6808870,6808870,2026-08-01T01:04:41.052457+00:00,2026-08-01T01:04:58.158416+00:00,17.105959,18,152.11972
NO_ACCEPTED_PREDICTION_BOOK,6808879,6808879,2026-08-01T01:05:04.676752+00:00,2026-08-01T01:05:53.962711+00:00,49.285959,50,2069.703344
ACTIVE_MATCH,6808879,6808879,2026-08-01T01:05:54.986806+00:00,2026-08-01T01:07:36.921135+00:00,101.934329,102,2292.884448
NO_MICRO_SNAPSHOT,6808879,6808879,2026-08-01T01:07:37.937962+00:00,2026-08-01T01:07:38.956193+00:00,1.018231,2,3883.417376
NO_ACCEPTED_PREDICTION_BOOK,6808879,6808879,2026-08-01T01:07:39.933912+00:00,2026-08-01T01:07:42.014723+00:00,2.080811,3,2905.698336
ACTIVE_MATCH,6808879,6808879,2026-08-01T01:07:43.025280+00:00,2026-08-01T01:08:36.515703+00:00,53.490423,54,1876.22594
NO_ACCEPTED_PREDICTION_BOOK,6808879,6808879,2026-08-01T01:08:37.518696+00:00,2026-08-01T01:08:39.566021+00:00,2.047325,3,2191.410808
ACTIVE_MATCH,6808879,6808879,2026-08-01T01:08:40.579940+00:00,2026-08-01T01:09:36.976410+00:00,56.39647,57,2336.915656
NO_ACCEPTED_PREDICTION_BOOK,6808879,6808879,2026-08-01T01:09:38.009232+00:00,2026-08-01T01:09:39.009043+00:00,0.999811,2,1671.908872
ACTIVE_MATCH,6808879,6808879,2026-08-01T01:09:40.023383+00:00,2026-08-01T01:09:58.136584+00:00,18.113201,19,127.023876
NO_ACCEPTED_PREDICTION_BOOK,6808884,6808884,2026-08-01T01:10:04.749604+00:00,2026-08-01T01:10:48.976605+00:00,44.227001,45,2281.891828
ACTIVE_MATCH,6808884,6808884,2026-08-01T01:10:49.988711+00:00,2026-08-01T01:11:36.299782+00:00,46.311071,47,1596.592944
NO_ACCEPTED_PREDICTION_BOOK,6808884,6808884,2026-08-01T01:11:37.303061+00:00,2026-08-01T01:11:39.313845+00:00,2.010784,3,2349.183408
ACTIVE_MATCH,6808884,6808884,2026-08-01T01:11:40.330301+00:00,2026-08-01T01:12:36.689511+00:00,56.35921,57,1955.791268
NO_ACCEPTED_PREDICTION_BOOK,6808884,6808884,2026-08-01T01:12:37.685769+00:00,2026-08-01T01:12:39.726632+00:00,2.040863,3,2129.84574
ACTIVE_MATCH,6808884,6808884,2026-08-01T01:12:40.729493+00:00,2026-08-01T01:13:37.140606+00:00,56.411113,57,2458.178352
NO_ACCEPTED_PREDICTION_BOOK,6808884,6808884,2026-08-01T01:13:38.153595+00:00,2026-08-01T01:13:39.159294+00:00,1.005699,2,1616.38732
ACTIVE_MATCH,6808884,6808884,2026-08-01T01:13:40.186199+00:00,2026-08-01T01:14:37.752198+00:00,57.565999,58,2961.412088
NO_ACCEPTED_PREDICTION_BOOK,6808884,6808884,2026-08-01T01:14:38.745100+00:00,2026-08-01T01:14:40.783339+00:00,2.038239,3,2417.034968
ACTIVE_MATCH,6808884,6808884,2026-08-01T01:14:41.790569+00:00,2026-08-01T01:14:57.927780+00:00,16.137211,17,150.302668
NO_ACCEPTED_PREDICTION_BOOK,6808945,6808945,2026-08-01T01:15:04.356060+00:00,2026-08-01T01:15:56.626229+00:00,52.270169,53,2373.237548
ACTIVE_MATCH,6808945,6808945,2026-08-01T01:15:57.607498+00:00,2026-08-01T01:16:37.009244+00:00,39.401746,40,2189.821304
NO_ACCEPTED_PREDICTION_BOOK,6808945,6808945,2026-08-01T01:16:37.949726+00:00,2026-08-01T01:16:39.917116+00:00,1.96739,3,2170.561192
ACTIVE_MATCH,6808945,6808945,2026-08-01T01:16:40.921911+00:00,2026-08-01T01:17:36.244630+00:00,55.322719,56,1452.635916
NO_ACCEPTED_PREDICTION_BOOK,6808945,6808945,2026-08-01T01:17:37.278661+00:00,2026-08-01T01:17:39.268447+00:00,1.989786,3,2285.59118
ACTIVE_MATCH,6808945,6808945,2026-08-01T01:17:40.312585+00:00,2026-08-01T01:18:36.676681+00:00,56.364096,57,1933.87396
NO_ACCEPTED_PREDICTION_BOOK,6808945,6808945,2026-08-01T01:18:37.724852+00:00,2026-08-01T01:18:39.702840+00:00,1.977988,3,2085.437732
ACTIVE_MATCH,6808945,6808945,2026-08-01T01:18:40.738056+00:00,2026-08-01T01:19:58.348543+00:00,77.610487,78,2310.0432
NO_ACCEPTED_PREDICTION_BOOK,6808947,6808947,2026-08-01T01:20:04.208091+00:00,2026-08-01T01:21:18.556757+00:00,74.348666,75,2353.275576
ACTIVE_MATCH,6808947,6808947,2026-08-01T01:21:19.562761+00:00,2026-08-01T01:21:24.623638+00:00,5.060877,6,124.705324
NO_ACCEPTED_PREDICTION_BOOK,6808947,6808947,2026-08-01T01:21:25.602173+00:00,2026-08-01T01:21:38.718367+00:00,13.116194,14,1995.981796
ACTIVE_MATCH,6808947,6808947,2026-08-01T01:21:39.736925+00:00,2026-08-01T01:22:36.202820+00:00,56.465895,57,1388.959796
NO_ACCEPTED_PREDICTION_BOOK,6808947,6808947,2026-08-01T01:22:37.244320+00:00,2026-08-01T01:22:39.264385+00:00,2.020065,3,2309.4461
ACTIVE_MATCH,6808947,6808947,2026-08-01T01:22:40.239014+00:00,2026-08-01T01:24:37.156653+00:00,116.917639,117,2334.6203
NO_ACCEPTED_PREDICTION_BOOK,6808947,6808947,2026-08-01T01:24:38.156235+00:00,2026-08-01T01:24:39.148776+00:00,0.992541,2,1543.074492
ACTIVE_MATCH,6808947,6808947,2026-08-01T01:24:40.160138+00:00,2026-08-01T01:24:58.333835+00:00,18.173697,19,126.875372
NO_ACCEPTED_PREDICTION_BOOK,6808954,6808954,2026-08-01T01:25:06.386312+00:00,2026-08-01T01:26:03.678555+00:00,57.292243,58,2266.717456
ACTIVE_MATCH,6808954,6808954,2026-08-01T01:26:04.654516+00:00,2026-08-01T01:27:37.418015+00:00,92.763499,93,2607.713976
NO_ACCEPTED_PREDICTION_BOOK,6808954,6808954,2026-08-01T01:27:38.404022+00:00,2026-08-01T01:27:41.467331+00:00,3.063309,4,2977.146084
ACTIVE_MATCH,6808954,6808954,2026-08-01T01:27:42.480447+00:00,2026-08-01T01:28:36.920361+00:00,54.439914,55,1980.49686
NO_ACCEPTED_PREDICTION_BOOK,6808954,6808954,2026-08-01T01:28:37.949379+00:00,2026-08-01T01:28:38.954423+00:00,1.005044,2,1780.727928
ACTIVE_MATCH,6808954,6808954,2026-08-01T01:28:39.928435+00:00,2026-08-01T01:29:58.583782+00:00,78.655347,79,2384.054616
NO_ACCEPTED_PREDICTION_BOOK,6808960,6808960,2026-08-01T01:30:03.565753+00:00,2026-08-01T01:30:03.565753+00:00,0.0,1,81.696812
ACTIVE_MATCH,6808960,6808960,2026-08-01T01:30:04.167733+00:00,2026-08-01T01:30:08.158327+00:00,3.990594,5,107.533956
NO_ACCEPTED_PREDICTION_BOOK,6808960,6808960,2026-08-01T01:30:09.169355+00:00,2026-08-01T01:30:51.516438+00:00,42.347083,43,2315.617316
ACTIVE_MATCH,6808960,6808960,2026-08-01T01:30:52.535009+00:00,2026-08-01T01:31:36.803577+00:00,44.268568,45,1737.961932
NO_ACCEPTED_PREDICTION_BOOK,6808960,6808960,2026-08-01T01:31:37.813025+00:00,2026-08-01T01:31:39.831197+00:00,2.018172,3,2336.324076
ACTIVE_MATCH,6808960,6808960,2026-08-01T01:31:40.854031+00:00,2026-08-01T01:32:37.344420+00:00,56.490389,57,2245.79064
NO_ACCEPTED_PREDICTION_BOOK,6808960,6808960,2026-08-01T01:32:38.349232+00:00,2026-08-01T01:32:39.372646+00:00,1.023414,2,1666.573128
ACTIVE_MATCH,6808960,6808960,2026-08-01T01:32:40.374766+00:00,2026-08-01T01:33:36.819975+00:00,56.445209,57,1571.040012
NO_ACCEPTED_PREDICTION_BOOK,6808960,6808960,2026-08-01T01:33:37.801519+00:00,2026-08-01T01:33:39.822332+00:00,2.020813,3,2223.603652
ACTIVE_MATCH,6808960,6808960,2026-08-01T01:33:40.825066+00:00,2026-08-01T01:34:37.210325+00:00,56.385259,57,2183.400092
NO_ACCEPTED_PREDICTION_BOOK,6808960,6808960,2026-08-01T01:34:38.216815+00:00,2026-08-01T01:34:40.272181+00:00,2.055366,3,2154.723196
ACTIVE_MATCH,6808960,6808960,2026-08-01T01:34:41.242484+00:00,2026-08-01T01:34:58.352909+00:00,17.110425,18,166.221608
NO_ACCEPTED_PREDICTION_BOOK,6808966,6808966,2026-08-01T01:35:04.809725+00:00,2026-08-01T01:35:54.533897+00:00,49.724172,50,2345.979124
ACTIVE_MATCH,6808966,6808966,2026-08-01T01:35:55.551393+00:00,2026-08-01T01:36:36.769627+00:00,41.218234,42,1665.671136
NO_ACCEPTED_PREDICTION_BOOK,6808966,6808966,2026-08-01T01:36:37.772922+00:00,2026-08-01T01:36:39.795458+00:00,2.022536,3,2511.424088
ACTIVE_MATCH,6808966,6808966,2026-08-01T01:36:40.791610+00:00,2026-08-01T01:37:37.202929+00:00,56.411319,57,1852.277496
NO_ACCEPTED_PREDICTION_BOOK,6808966,6808966,2026-08-01T01:37:38.220495+00:00,2026-08-01T01:37:40.239754+00:00,2.019259,3,2014.587596
ACTIVE_MATCH,6808966,6808966,2026-08-01T01:37:41.235245+00:00,2026-08-01T01:39:37.091428+00:00,115.856183,116,2209.358144
NO_ACCEPTED_PREDICTION_BOOK,6808966,6808966,2026-08-01T01:39:38.102899+00:00,2026-08-01T01:39:39.103138+00:00,1.000239,2,1697.0524
ACTIVE_MATCH,6808966,6808966,2026-08-01T01:39:40.109779+00:00,2026-08-01T01:39:58.302661+00:00,18.192882,19,127.790336
NO_ACCEPTED_PREDICTION_BOOK,6808970,6808970,2026-08-01T01:40:03.910714+00:00,2026-08-01T01:41:02.154479+00:00,58.243765,59,2124.806304
ACTIVE_MATCH,6808970,6808970,2026-08-01T01:41:03.344637+00:00,2026-08-01T01:41:37.405877+00:00,34.06124,35,2001.861092
NO_ACCEPTED_PREDICTION_BOOK,6808970,6808970,2026-08-01T01:41:38.411436+00:00,2026-08-01T01:41:40.448023+00:00,2.036587,3,1964.098168
ACTIVE_MATCH,6808970,6808970,2026-08-01T01:41:41.432758+00:00,2026-08-01T01:41:52.526377+00:00,11.093619,12,132.369624
NO_ACCEPTED_PREDICTION_BOOK,6808970,6808970,2026-08-01T01:41:53.529712+00:00,2026-08-01T01:41:54.555178+00:00,1.025466,2,85.803016
ACTIVE_MATCH,6808970,6808970,2026-08-01T01:41:55.540754+00:00,2026-08-01T01:42:36.839652+00:00,41.298898,42,1616.887796
NO_ACCEPTED_PREDICTION_BOOK,6808970,6808970,2026-08-01T01:42:37.823331+00:00,2026-08-01T01:42:39.851508+00:00,2.028177,3,2203.417028
ACTIVE_MATCH,6808970,6808970,2026-08-01T01:42:40.884543+00:00,2026-08-01T01:43:37.285061+00:00,56.400518,57,1931.347364
NO_ACCEPTED_PREDICTION_BOOK,6808970,6808970,2026-08-01T01:43:38.326973+00:00,2026-08-01T01:43:39.345010+00:00,1.018037,2,1677.414272
ACTIVE_MATCH,6808970,6808970,2026-08-01T01:43:40.354441+00:00,2026-08-01T01:44:58.000230+00:00,77.645789,78,2341.268464
NO_ACCEPTED_PREDICTION_BOOK,6808980,6808980,2026-08-01T01:45:02.906602+00:00,2026-08-01T01:45:06.242202+00:00,3.3356,5,95.7468
ACTIVE_MATCH,6808980,6808980,2026-08-01T01:45:07.249251+00:00,2026-08-01T01:45:15.330501+00:00,8.08125,9,124.873884
NO_ACCEPTED_PREDICTION_BOOK,6808980,6808980,2026-08-01T01:45:16.336134+00:00,2026-08-01T01:45:17.551750+00:00,1.215616,2,98.828988
ACTIVE_MATCH,6808980,6808980,2026-08-01T01:45:18.328349+00:00,2026-08-01T01:45:22.382078+00:00,4.053729,5,138.019528
NO_ACCEPTED_PREDICTION_BOOK,6808980,6808980,2026-08-01T01:45:23.376898+00:00,2026-08-01T01:45:25.411264+00:00,2.034366,3,108.188052
ACTIVE_MATCH,6808980,6808980,2026-08-01T01:45:26.406443+00:00,2026-08-01T01:45:30.422872+00:00,4.016429,5,128.076292
NO_ACCEPTED_PREDICTION_BOOK,6808980,6808980,2026-08-01T01:45:31.440343+00:00,2026-08-01T01:45:32.692387+00:00,1.252044,2,137.823472
ACTIVE_MATCH,6808980,6808980,2026-08-01T01:45:33.433094+00:00,2026-08-01T01:45:37.463488+00:00,4.030394,5,2159.2324
NO_ACCEPTED_PREDICTION_BOOK,6808980,6808980,2026-08-01T01:45:38.508613+00:00,2026-08-01T01:45:39.487944+00:00,0.979331,2,1743.66238
ACTIVE_MATCH,6808980,6808980,2026-08-01T01:45:40.510600+00:00,2026-08-01T01:45:44.551816+00:00,4.041216,5,121.3472
NO_ACCEPTED_PREDICTION_BOOK,6808980,6808980,2026-08-01T01:45:45.554314+00:00,2026-08-01T01:45:47.681381+00:00,2.127067,3,99.631916
ACTIVE_MATCH,6808980,6808980,2026-08-01T01:45:48.552638+00:00,2026-08-01T01:46:36.928935+00:00,48.376297,49,1371.760068
NO_ACCEPTED_PREDICTION_BOOK,6808980,6808980,2026-08-01T01:46:37.963487+00:00,2026-08-01T01:46:39.954125+00:00,1.990638,3,2195.181524
ACTIVE_MATCH,6808980,6808980,2026-08-01T01:46:40.973938+00:00,2026-08-01T01:47:37.390625+00:00,56.416687,57,1950.508924
NO_ACCEPTED_PREDICTION_BOOK,6808980,6808980,2026-08-01T01:47:38.390107+00:00,2026-08-01T01:47:39.405171+00:00,1.015064,2,1848.87182
ACTIVE_MATCH,6808980,6808980,2026-08-01T01:47:40.463550+00:00,2026-08-01T01:48:37.857494+00:00,57.393944,58,2312.265516
NO_ACCEPTED_PREDICTION_BOOK,6808980,6808980,2026-08-01T01:48:38.873453+00:00,2026-08-01T01:48:39.879005+00:00,1.005552,2,1425.5111
ACTIVE_MATCH,6808980,6808980,2026-08-01T01:48:40.890346+00:00,2026-08-01T01:49:37.330719+00:00,56.440373,57,1696.845376
NO_ACCEPTED_PREDICTION_BOOK,6808980,6808980,2026-08-01T01:49:38.335065+00:00,2026-08-01T01:49:40.337292+00:00,2.002227,3,1919.485868
ACTIVE_MATCH,6808980,6808980,2026-08-01T01:49:41.349426+00:00,2026-08-01T01:49:58.469769+00:00,17.120343,18,143.267808
NO_ACCEPTED_PREDICTION_BOOK,6808983,6808983,2026-08-01T01:50:02.374758+00:00,2026-08-01T01:50:55.276839+00:00,52.902081,54,2255.427432
ACTIVE_MATCH,6808983,6808983,2026-08-01T01:50:56.257330+00:00,2026-08-01T01:52:37.091883+00:00,100.834553,101,1944.364316
NO_ACCEPTED_PREDICTION_BOOK,6808983,6808983,2026-08-01T01:52:38.109818+00:00,2026-08-01T01:52:40.115585+00:00,2.005767,3,2295.447744
ACTIVE_MATCH,6808983,6808983,2026-08-01T01:52:41.146006+00:00,2026-08-01T01:54:58.122414+00:00,136.976408,137,2099.504492
NO_ACCEPTED_PREDICTION_BOOK,6808986,6808986,2026-08-01T01:55:04.071488+00:00,2026-08-01T01:55:53.288394+00:00,49.216906,50,2334.156472
ACTIVE_MATCH,6808986,6808986,2026-08-01T01:55:54.290211+00:00,2026-08-01T01:59:38.007197+00:00,223.716986,223,2316.177528
NO_ACCEPTED_PREDICTION_BOOK,6808986,6808986,2026-08-01T01:59:39.006728+00:00,2026-08-01T01:59:40.022906+00:00,1.016178,2,1862.389964
ACTIVE_MATCH,6808986,6808986,2026-08-01T01:59:41.029857+00:00,2026-08-01T01:59:58.179593+00:00,17.149736,18,132.682388
NO_ACCEPTED_PREDICTION_BOOK,6808995,6808995,2026-08-01T02:00:02.825810+00:00,2026-08-01T02:00:02.825810+00:00,0.0,1,110.09602
ACTIVE_MATCH,6808995,6808995,2026-08-01T02:00:03.392502+00:00,2026-08-01T02:00:07.405076+00:00,4.012574,5,113.790844
NO_ACCEPTED_PREDICTION_BOOK,6808995,6808995,2026-08-01T02:00:08.410702+00:00,2026-08-01T02:00:51.775504+00:00,43.364802,44,796.03584
ACTIVE_MATCH,6808995,6808995,2026-08-01T02:00:52.766909+00:00,2026-08-01T02:02:37.705335+00:00,104.938426,105,2120.835724
NO_ACCEPTED_PREDICTION_BOOK,6808995,6808995,2026-08-01T02:02:38.683121+00:00,2026-08-01T02:02:39.707169+00:00,1.024048,2,1680.051304
ACTIVE_MATCH,6808995,6808995,2026-08-01T02:02:40.711562+00:00,2026-08-01T02:04:37.923393+00:00,117.211831,117,1921.126224
NO_ACCEPTED_PREDICTION_BOOK,6808995,6808995,2026-08-01T02:04:38.915170+00:00,2026-08-01T02:04:39.931986+00:00,1.016816,2,1275.871652
ACTIVE_MATCH,6808995,6808995,2026-08-01T02:04:40.948675+00:00,2026-08-01T02:04:58.074900+00:00,17.126225,18,137.352976
NO_ACCEPTED_PREDICTION_BOOK,6809004,6809004,2026-08-01T02:05:04.684821+00:00,2026-08-01T02:05:55.939322+00:00,51.254501,52,1732.566656
ACTIVE_MATCH,6809004,6809004,2026-08-01T02:05:56.924221+00:00,2026-08-01T02:07:37.932729+00:00,101.008508,101,1878.589488
NO_ACCEPTED_PREDICTION_BOOK,6809004,6809004,2026-08-01T02:07:38.916546+00:00,2026-08-01T02:07:39.935350+00:00,1.018804,2,1840.066052
ACTIVE_MATCH,6809004,6809004,2026-08-01T02:07:40.962665+00:00,2026-08-01T02:08:38.488091+00:00,57.525426,58,2450.37298
NO_MICRO_SNAPSHOT,6809004,6809004,2026-08-01T02:08:39.506914+00:00,2026-08-01T02:08:40.514782+00:00,1.007868,2,3469.195892
NO_ACCEPTED_PREDICTION_BOOK,6809004,6809004,2026-08-01T02:08:41.509822+00:00,2026-08-01T02:08:43.515117+00:00,2.005295,3,2173.936048
ACTIVE_MATCH,6809004,6809004,2026-08-01T02:08:44.534282+00:00,2026-08-01T02:09:58.086311+00:00,73.552029,74,2037.0749
NO_ACCEPTED_PREDICTION_BOOK,6809006,6809006,2026-08-01T02:10:04.411443+00:00,2026-08-01T02:10:56.624219+00:00,52.212776,53,1818.956764
ACTIVE_MATCH,6809006,6809006,2026-08-01T02:10:57.594500+00:00,2026-08-01T02:13:37.840761+00:00,160.246261,160,2053.75022
NO_ACCEPTED_PREDICTION_BOOK,6809006,6809006,2026-08-01T02:13:38.861571+00:00,2026-08-01T02:13:40.870691+00:00,2.00912,3,2753.494728
ACTIVE_MATCH,6809006,6809006,2026-08-01T02:13:41.886330+00:00,2026-08-01T02:14:38.172501+00:00,56.286171,57,2008.100292
NO_ACCEPTED_PREDICTION_BOOK,6809006,6809006,2026-08-01T02:14:39.200827+00:00,2026-08-01T02:14:40.206247+00:00,1.00542,2,1295.00652
ACTIVE_MATCH,6809006,6809006,2026-08-01T02:14:41.227203+00:00,2026-08-01T02:14:58.344446+00:00,17.117243,18,343.540084
NO_ACCEPTED_PREDICTION_BOOK,6809011,6809011,2026-08-01T02:15:04.265892+00:00,2026-08-01T02:16:51.320500+00:00,107.054608,107,2290.051688
ACTIVE_MATCH,6809011,6809011,2026-08-01T02:16:52.357541+00:00,2026-08-01T02:19:58.720421+00:00,186.36288,186,1972.778648
NO_ACCEPTED_PREDICTION_BOOK,6809018,6809018,2026-08-01T02:20:03.994018+00:00,2026-08-01T02:20:05.824986+00:00,1.830968,3,140.970844
ACTIVE_MATCH,6809018,6809018,2026-08-01T02:20:06.836303+00:00,2026-08-01T02:20:16.322863+00:00,9.48656,10,128.808628
NO_ACCEPTED_PREDICTION_BOOK,6809018,6809018,2026-08-01T02:20:17.457428+00:00,2026-08-01T02:20:24.397853+00:00,6.940425,8,105.03676
ACTIVE_MATCH,6809018,6809018,2026-08-01T02:20:25.384415+00:00,2026-08-01T02:20:43.543527+00:00,18.159112,19,1742.488396
NO_ACCEPTED_PREDICTION_BOOK,6809018,6809018,2026-08-01T02:20:44.505271+00:00,2026-08-01T02:20:44.505271+00:00,0.0,1,132.15816
ACTIVE_MATCH,6809018,6809018,2026-08-01T02:20:45.533186+00:00,2026-08-01T02:21:37.871199+00:00,52.338013,53,1708.244376
NO_ACCEPTED_PREDICTION_BOOK,6809018,6809018,2026-08-01T02:21:39.062797+00:00,2026-08-01T02:21:40.878874+00:00,1.816077,3,1967.473844
ACTIVE_MATCH,6809018,6809018,2026-08-01T02:21:41.884977+00:00,2026-08-01T02:23:37.824589+00:00,115.939612,116,2259.578152
NO_ACCEPTED_PREDICTION_BOOK,6809018,6809018,2026-08-01T02:23:38.848566+00:00,2026-08-01T02:23:39.858941+00:00,1.010375,2,1698.603484
ACTIVE_MATCH,6809018,6809018,2026-08-01T02:23:40.868214+00:00,2026-08-01T02:24:58.424848+00:00,77.556634,78,2219.495404
NO_ACCEPTED_PREDICTION_BOOK,6809024,6809024,2026-08-01T02:25:04.338784+00:00,2026-08-01T02:25:10.210595+00:00,5.871811,7,133.91286
ACTIVE_MATCH,6809024,6809024,2026-08-01T02:25:11.215913+00:00,2026-08-01T02:25:16.230077+00:00,5.014164,6,147.254884
NO_ACCEPTED_PREDICTION_BOOK,6809024,6809024,2026-08-01T02:25:17.354025+00:00,2026-08-01T02:25:18.234682+00:00,0.880657,2,67.625412
ACTIVE_MATCH,6809024,6809024,2026-08-01T02:25:19.263013+00:00,2026-08-01T02:26:37.836701+00:00,78.573688,79,2164.29638
NO_ACCEPTED_PREDICTION_BOOK,6809024,6809024,2026-08-01T02:26:38.884080+00:00,2026-08-01T02:26:39.876326+00:00,0.992246,2,1491.802228
ACTIVE_MATCH,6809024,6809024,2026-08-01T02:26:40.892060+00:00,2026-08-01T02:27:38.317965+00:00,57.425905,58,2080.449156
NO_ACCEPTED_PREDICTION_BOOK,6809024,6809024,2026-08-01T02:27:39.338567+00:00,2026-08-01T02:27:40.371267+00:00,1.0327,2,1331.029788
ACTIVE_MATCH,6809024,6809024,2026-08-01T02:27:41.376957+00:00,2026-08-01T02:28:37.757884+00:00,56.380927,57,1584.880804
NO_ACCEPTED_PREDICTION_BOOK,6809024,6809024,2026-08-01T02:28:38.826510+00:00,2026-08-01T02:28:39.777823+00:00,0.951313,2,1516.18282
ACTIVE_MATCH,6809024,6809024,2026-08-01T02:28:40.782516+00:00,2026-08-01T02:29:58.372336+00:00,77.58982,78,1763.254384
ACTIVE_MATCH,6809027,6809027,2026-08-01T02:30:02.658553+00:00,2026-08-01T02:30:21.184640+00:00,18.526087,20,138.355828
NO_ACCEPTED_PREDICTION_BOOK,6809027,6809027,2026-08-01T02:30:22.195751+00:00,2026-08-01T02:30:23.281674+00:00,1.085923,2,103.175588
ACTIVE_MATCH,6809027,6809027,2026-08-01T02:30:24.197164+00:00,2026-08-01T02:30:39.317873+00:00,15.120709,16,2987.213096
NO_ACCEPTED_PREDICTION_BOOK,6809027,6809027,2026-08-01T02:30:40.315679+00:00,2026-08-01T02:30:43.362387+00:00,3.046708,4,2739.633224
ACTIVE_MATCH,6809027,6809027,2026-08-01T02:30:44.364512+00:00,2026-08-01T02:31:37.750092+00:00,53.38558,54,1278.561532
NO_ACCEPTED_PREDICTION_BOOK,6809027,6809027,2026-08-01T02:31:38.786714+00:00,2026-08-01T02:31:40.814501+00:00,2.027787,3,2294.396188
ACTIVE_MATCH,6809027,6809027,2026-08-01T02:31:41.793655+00:00,2026-08-01T02:34:58.268045+00:00,196.47439,196,2028.984992
NO_ACCEPTED_PREDICTION_BOOK,6809037,6809037,2026-08-01T02:35:06.375049+00:00,2026-08-01T02:35:53.539312+00:00,47.164263,48,2148.25518
ACTIVE_MATCH,6809037,6809037,2026-08-01T02:35:54.537286+00:00,2026-08-01T02:39:58.383071+00:00,243.845785,243,1874.28212
NO_ACCEPTED_PREDICTION_BOOK,6809042,6809042,2026-08-01T02:40:04.894846+00:00,2026-08-01T02:40:53.086364+00:00,48.191518,49,1940.021388
ACTIVE_MATCH,6809042,6809042,2026-08-01T02:40:54.094611+00:00,2026-08-01T02:42:37.854719+00:00,103.760108,104,2029.01592
NO_ACCEPTED_PREDICTION_BOOK,6809042,6809042,2026-08-01T02:42:38.842796+00:00,2026-08-01T02:42:40.881060+00:00,2.038264,3,1969.427268
ACTIVE_MATCH,6809042,6809042,2026-08-01T02:42:41.865387+00:00,2026-08-01T02:44:58.096216+00:00,136.230829,136,2035.943628
NO_ACCEPTED_PREDICTION_BOOK,6809045,6809045,2026-08-01T02:45:04.806456+00:00,2026-08-01T02:46:30.292470+00:00,85.486014,86,2210.006452
ACTIVE_MATCH,6809045,6809045,2026-08-01T02:46:31.289963+00:00,2026-08-01T02:47:37.954232+00:00,66.664269,67,1755.222596
NO_ACCEPTED_PREDICTION_BOOK,6809045,6809045,2026-08-01T02:47:38.973239+00:00,2026-08-01T02:47:40.997564+00:00,2.024325,3,2058.08776
ACTIVE_MATCH,6809045,6809045,2026-08-01T02:47:41.978083+00:00,2026-08-01T02:48:38.402410+00:00,56.424327,57,1834.222284
NO_ACCEPTED_PREDICTION_BOOK,6809045,6809045,2026-08-01T02:48:39.411781+00:00,2026-08-01T02:48:41.423946+00:00,2.012165,3,2634.07678
ACTIVE_MATCH,6809045,6809045,2026-08-01T02:48:42.436125+00:00,2026-08-01T02:49:38.893683+00:00,56.457558,57,2161.118044
NO_ACCEPTED_PREDICTION_BOOK,6809045,6809045,2026-08-01T02:49:39.918674+00:00,2026-08-01T02:49:40.942150+00:00,1.023476,2,1267.10588
ACTIVE_MATCH,6809045,6809045,2026-08-01T02:49:41.944338+00:00,2026-08-01T02:49:58.051496+00:00,16.107158,17,134.811224
NO_ACCEPTED_PREDICTION_BOOK,6809053,6809053,2026-08-01T02:50:04.900593+00:00,2026-08-01T02:50:20.824811+00:00,15.924218,17,130.698896
ACTIVE_MATCH,6809053,6809053,2026-08-01T02:50:21.852871+00:00,2026-08-01T02:53:38.259645+00:00,196.406774,196,2075.911704
NO_ACCEPTED_PREDICTION_BOOK,6809053,6809053,2026-08-01T02:53:39.290896+00:00,2026-08-01T02:53:41.300615+00:00,2.009719,3,2279.141128
ACTIVE_MATCH,6809053,6809053,2026-08-01T02:53:42.292062+00:00,2026-08-01T02:54:38.705322+00:00,56.41326,57,1971.653384
NO_ACCEPTED_PREDICTION_BOOK,6809053,6809053,2026-08-01T02:54:39.693996+00:00,2026-08-01T02:54:41.711866+00:00,2.01787,3,2193.533468
ACTIVE_MATCH,6809053,6809053,2026-08-01T02:54:42.714034+00:00,2026-08-01T02:54:58.830431+00:00,16.116397,17,133.529868
NO_ACCEPTED_PREDICTION_BOOK,6809062,6809062,2026-08-01T02:55:02.622149+00:00,2026-08-01T02:56:00.612810+00:00,57.990661,59,1933.56792
ACTIVE_MATCH,6809062,6809062,2026-08-01T02:56:01.600789+00:00,2026-08-01T02:56:38.895394+00:00,37.294605,38,2178.018848
NO_MICRO_SNAPSHOT,6809062,6809062,2026-08-01T02:56:39.884203+00:00,2026-08-01T02:56:40.916788+00:00,1.032585,2,3564.058976
NO_ACCEPTED_PREDICTION_BOOK,6809062,6809062,2026-08-01T02:56:41.930847+00:00,2026-08-01T02:56:43.944000+00:00,2.013153,3,2550.000224
ACTIVE_MATCH,6809062,6809062,2026-08-01T02:56:44.957731+00:00,2026-08-01T02:57:39.390323+00:00,54.432592,55,2508.658744
NO_ACCEPTED_PREDICTION_BOOK,6809062,6809062,2026-08-01T02:57:40.425584+00:00,2026-08-01T02:57:42.434112+00:00,2.008528,3,2321.138372
ACTIVE_MATCH,6809062,6809062,2026-08-01T02:57:43.432081+00:00,2026-08-01T02:59:58.428376+00:00,134.996295,135,2243.91164
NO_ACCEPTED_PREDICTION_BOOK,6809073,6809073,2026-08-01T03:00:04.991541+00:00,2026-08-01T03:00:23.942738+00:00,18.951197,20,131.208748
ACTIVE_MATCH,6809073,6809073,2026-08-01T03:00:24.971401+00:00,2026-08-01T03:00:38.035758+00:00,13.064357,14,1057.56098
NO_ACCEPTED_PREDICTION_BOOK,6809073,6809073,2026-08-01T03:00:39.072326+00:00,2026-08-01T03:00:41.090587+00:00,2.018261,3,2082.527112
ACTIVE_MATCH,6809073,6809073,2026-08-01T03:00:42.088239+00:00,2026-08-01T03:01:38.508231+00:00,56.419992,57,1694.235212
NO_ACCEPTED_PREDICTION_BOOK,6809073,6809073,2026-08-01T03:01:39.530682+00:00,2026-08-01T03:01:40.542821+00:00,1.012139,2,1559.296888
ACTIVE_MATCH,6809073,6809073,2026-08-01T03:01:41.565701+00:00,2026-08-01T03:02:39.013615+00:00,57.447914,58,2060.054948
NO_ACCEPTED_PREDICTION_BOOK,6809073,6809073,2026-08-01T03:02:40.018994+00:00,2026-08-01T03:02:41.045749+00:00,1.026755,2,1747.267824
ACTIVE_MATCH,6809073,6809073,2026-08-01T03:02:42.044568+00:00,2026-08-01T03:03:38.380613+00:00,56.336045,57,1485.09902
NO_ACCEPTED_PREDICTION_BOOK,6809073,6809073,2026-08-01T03:03:39.398315+00:00,2026-08-01T03:03:41.397966+00:00,1.999651,3,2454.781992
ACTIVE_MATCH,6809073,6809073,2026-08-01T03:03:42.398126+00:00,2026-08-01T03:04:58.032888+00:00,75.634762,76,1887.730484
NO_ACCEPTED_PREDICTION_BOOK,6809090,6809090,2026-08-01T03:05:04.815925+00:00,2026-08-01T03:05:42.851178+00:00,38.035253,39,1801.91782
ACTIVE_MATCH,6809090,6809090,2026-08-01T03:05:43.870964+00:00,2026-08-01T03:06:39.220260+00:00,55.349296,56,2276.27964
NO_ACCEPTED_PREDICTION_BOOK,6809090,6809090,2026-08-01T03:06:40.237741+00:00,2026-08-01T03:06:42.254695+00:00,2.016954,3,2272.089344
ACTIVE_MATCH,6809090,6809090,2026-08-01T03:06:43.237370+00:00,2026-08-01T03:09:38.565864+00:00,175.328494,175,1969.648032
NO_ACCEPTED_PREDICTION_BOOK,6809090,6809090,2026-08-01T03:09:39.600393+00:00,2026-08-01T03:09:40.590617+00:00,0.990224,2,1379.61194
ACTIVE_MATCH,6809090,6809090,2026-08-01T03:09:41.611258+00:00,2026-08-01T03:09:58.763199+00:00,17.151941,18,134.009216
NO_ACCEPTED_PREDICTION_BOOK,6809105,6809105,2026-08-01T03:10:04.816388+00:00,2026-08-01T03:13:17.000546+00:00,192.184158,192,1842.339348
ACTIVE_MATCH,6809105,6809105,2026-08-01T03:13:18.020020+00:00,2026-08-01T03:13:39.151152+00:00,21.131132,22,2167.207872
NO_ACCEPTED_PREDICTION_BOOK,6809105,6809105,2026-08-01T03:13:40.215562+00:00,2026-08-01T03:13:41.202746+00:00,0.987184,2,1149.031516
ACTIVE_MATCH,6809105,6809105,2026-08-01T03:13:42.201277+00:00,2026-08-01T03:14:39.605927+00:00,57.40465,58,2491.297512
NO_ACCEPTED_PREDICTION_BOOK,6809105,6809105,2026-08-01T03:14:40.651460+00:00,2026-08-01T03:14:41.640410+00:00,0.98895,2,1611.49166
ACTIVE_MATCH,6809105,6809105,2026-08-01T03:14:42.640966+00:00,2026-08-01T03:14:58.752788+00:00,16.111822,17,121.428524
NO_ACCEPTED_PREDICTION_BOOK,6809111,6809111,2026-08-01T03:15:04.157490+00:00,2026-08-01T03:15:53.269264+00:00,49.111774,50,1936.5794
ACTIVE_MATCH,6809111,6809111,2026-08-01T03:15:54.289278+00:00,2026-08-01T03:18:38.467472+00:00,164.178194,164,1835.42786
NO_ACCEPTED_PREDICTION_BOOK,6809111,6809111,2026-08-01T03:18:39.474762+00:00,2026-08-01T03:18:41.498078+00:00,2.023316,3,1893.490616
ACTIVE_MATCH,6809111,6809111,2026-08-01T03:18:42.498597+00:00,2026-08-01T03:19:38.831885+00:00,56.333288,57,1680.434756
NO_ACCEPTED_PREDICTION_BOOK,6809111,6809111,2026-08-01T03:19:39.827148+00:00,2026-08-01T03:19:40.857717+00:00,1.030569,2,1404.073468
ACTIVE_MATCH,6809111,6809111,2026-08-01T03:19:41.860072+00:00,2026-08-01T03:19:57.967814+00:00,16.107742,17,136.158492
NO_ACCEPTED_PREDICTION_BOOK,6809116,6809116,2026-08-01T03:20:04.205489+00:00,2026-08-01T03:20:04.205489+00:00,0.0,1,37.707796
ACTIVE_MATCH,6809116,6809116,2026-08-01T03:20:05.040561+00:00,2026-08-01T03:20:10.060955+00:00,5.020394,6,111.026196
NO_ACCEPTED_PREDICTION_BOOK,6809116,6809116,2026-08-01T03:20:11.076298+00:00,2026-08-01T03:20:20.101788+00:00,9.02549,10,124.924156
ACTIVE_MATCH,6809116,6809116,2026-08-01T03:20:21.117713+00:00,2026-08-01T03:20:39.204753+00:00,18.08704,19,1974.229296
NO_ACCEPTED_PREDICTION_BOOK,6809116,6809116,2026-08-01T03:20:40.216640+00:00,2026-08-01T03:20:43.219082+00:00,3.002442,4,1572.2533
ACTIVE_MATCH,6809116,6809116,2026-08-01T03:20:44.244341+00:00,2026-08-01T03:21:38.660490+00:00,54.416149,55,1369.486384
NO_ACCEPTED_PREDICTION_BOOK,6809116,6809116,2026-08-01T03:21:39.686381+00:00,2026-08-01T03:21:40.684879+00:00,0.998498,2,1663.190544
ACTIVE_MATCH,6809116,6809116,2026-08-01T03:21:41.711930+00:00,2026-08-01T03:22:40.060451+00:00,58.348521,59,2669.107772
NO_ACCEPTED_PREDICTION_BOOK,6809116,6809116,2026-08-01T03:22:41.090320+00:00,2026-08-01T03:22:42.086670+00:00,0.99635,2,1845.875272
ACTIVE_MATCH,6809116,6809116,2026-08-01T03:22:43.084203+00:00,2026-08-01T03:24:38.899771+00:00,115.815568,116,1914.965744
NO_ACCEPTED_PREDICTION_BOOK,6809116,6809116,2026-08-01T03:24:39.921929+00:00,2026-08-01T03:24:40.943541+00:00,1.021612,2,1641.28344
ACTIVE_MATCH,6809116,6809116,2026-08-01T03:24:41.950598+00:00,2026-08-01T03:24:58.042987+00:00,16.092389,17,155.572576
NO_ACCEPTED_PREDICTION_BOOK,6809121,6809121,2026-08-01T03:25:04.755339+00:00,2026-08-01T03:25:09.630316+00:00,4.874977,6,136.869192
ACTIVE_MATCH,6809121,6809121,2026-08-01T03:25:10.619365+00:00,2026-08-01T03:25:15.646210+00:00,5.026845,6,109.698652
NO_ACCEPTED_PREDICTION_BOOK,6809121,6809121,2026-08-01T03:25:16.660399+00:00,2026-08-01T03:25:18.723413+00:00,2.063014,3,91.091108
ACTIVE_MATCH,6809121,6809121,2026-08-01T03:25:19.674372+00:00,2026-08-01T03:25:38.819195+00:00,19.144823,20,1430.789836
NO_ACCEPTED_PREDICTION_BOOK,6809121,6809121,2026-08-01T03:25:39.807910+00:00,2026-08-01T03:25:40.841620+00:00,1.03371,2,1836.238212
ACTIVE_MATCH,6809121,6809121,2026-08-01T03:25:41.858228+00:00,2026-08-01T03:26:39.216512+00:00,57.358284,58,1640.917
NO_ACCEPTED_PREDICTION_BOOK,6809121,6809121,2026-08-01T03:26:40.207910+00:00,2026-08-01T03:26:41.252384+00:00,1.044474,2,1386.244956
ACTIVE_MATCH,6809121,6809121,2026-08-01T03:26:42.250225+00:00,2026-08-01T03:29:58.610270+00:00,196.360045,196,2104.735568
NO_ACCEPTED_PREDICTION_BOOK,6809127,6809127,2026-08-01T03:30:04.717553+00:00,2026-08-01T03:31:00.998456+00:00,56.280903,57,1909.362852
ACTIVE_MATCH,6809127,6809127,2026-08-01T03:31:01.972767+00:00,2026-08-01T03:34:58.757717+00:00,236.78495,236,1960.509708
NO_ACCEPTED_PREDICTION_BOOK,6809129,6809129,2026-08-01T03:35:04.283449+00:00,2026-08-01T03:36:25.655941+00:00,81.372492,82,1710.472776
ACTIVE_MATCH,6809129,6809129,2026-08-01T03:36:26.652337+00:00,2026-08-01T03:39:58.197748+00:00,211.545411,211,1967.70002
NO_ACCEPTED_PREDICTION_BOOK,6809134,6809134,2026-08-01T03:40:02.727908+00:00,2026-08-01T03:40:55.491450+00:00,52.763542,54,1517.346584
ACTIVE_MATCH,6809134,6809134,2026-08-01T03:40:56.494345+00:00,2026-08-01T03:41:39.794177+00:00,43.299832,44,2066.076124
NO_ACCEPTED_PREDICTION_BOOK,6809134,6809134,2026-08-01T03:41:40.808889+00:00,2026-08-01T03:41:41.806849+00:00,0.99796,2,1097.371668
ACTIVE_MATCH,6809134,6809134,2026-08-01T03:41:42.821458+00:00,2026-08-01T03:44:58.200740+00:00,195.379282,195,1695.1883
NO_ACCEPTED_PREDICTION_BOOK,6809139,6809139,2026-08-01T03:45:04.574469+00:00,2026-08-01T03:45:53.767963+00:00,49.193494,50,2306.369112
ACTIVE_MATCH,6809139,6809139,2026-08-01T03:45:54.771370+00:00,2026-08-01T03:49:58.502820+00:00,243.73145,243,1947.409448
NO_ACCEPTED_PREDICTION_BOOK,6809146,6809146,2026-08-01T03:50:04.852886+00:00,2026-08-01T03:50:51.998161+00:00,47.145275,48,842.458592
ACTIVE_MATCH,6809146,6809146,2026-08-01T03:50:52.997791+00:00,2026-08-01T03:51:40.332849+00:00,47.335058,48,2309.742652
NO_MICRO_SNAPSHOT,6809146,6809146,2026-08-01T03:51:41.369287+00:00,2026-08-01T03:51:41.369287+00:00,0.0,1,3031.632188
NO_ACCEPTED_PREDICTION_BOOK,6809146,6809146,2026-08-01T03:51:42.383682+00:00,2026-08-01T03:51:44.397218+00:00,2.013536,3,2017.237052
ACTIVE_MATCH,6809146,6809146,2026-08-01T03:51:45.411822+00:00,2026-08-01T03:52:39.770194+00:00,54.358372,55,1814.846676
NO_ACCEPTED_PREDICTION_BOOK,6809146,6809146,2026-08-01T03:52:40.783903+00:00,2026-08-01T03:52:41.805343+00:00,1.02144,2,1225.702324
ACTIVE_MATCH,6809146,6809146,2026-08-01T03:52:42.804698+00:00,2026-08-01T03:54:58.827801+00:00,136.023103,136,1748.33526
NO_ACCEPTED_PREDICTION_BOOK,6809150,6809150,2026-08-01T03:55:04.162387+00:00,2026-08-01T03:55:58.377368+00:00,54.214981,55,1889.407704
ACTIVE_MATCH,6809150,6809150,2026-08-01T03:55:59.370136+00:00,2026-08-01T03:57:40.051621+00:00,100.681485,101,1846.477864
NO_ACCEPTED_PREDICTION_BOOK,6809150,6809150,2026-08-01T03:57:41.075506+00:00,2026-08-01T03:57:42.116751+00:00,1.041245,2,997.70858
ACTIVE_MATCH,6809150,6809150,2026-08-01T03:57:43.112060+00:00,2026-08-01T03:59:39.906822+00:00,116.794762,117,1710.715288
NO_ACCEPTED_PREDICTION_BOOK,6809150,6809150,2026-08-01T03:59:40.942874+00:00,2026-08-01T03:59:41.942130+00:00,0.999256,2,1078.223544
ACTIVE_MATCH,6809150,6809150,2026-08-01T03:59:42.934382+00:00,2026-08-01T03:59:58.077639+00:00,15.143257,16,130.61878
NO_ACCEPTED_PREDICTION_BOOK,6809160,6809160,2026-08-01T04:00:05.195426+00:00,2026-08-01T04:00:24.159055+00:00,18.963629,20,158.534048
ACTIVE_MATCH,6809160,6809160,2026-08-01T04:00:25.174715+00:00,2026-08-01T04:00:40.263015+00:00,15.0883,16,2114.826012
NO_ACCEPTED_PREDICTION_BOOK,6809160,6809160,2026-08-01T04:00:41.281322+00:00,2026-08-01T04:00:43.329245+00:00,2.047923,3,2720.346816
ACTIVE_MATCH,6809160,6809160,2026-08-01T04:00:44.325442+00:00,2026-08-01T04:04:58.441511+00:00,254.116069,253,1872.336396
NO_ACCEPTED_PREDICTION_BOOK,6809167,6809167,2026-08-01T04:05:04.289568+00:00,2026-08-01T04:05:42.524946+00:00,38.235378,39,2069.755356
ACTIVE_MATCH,6809167,6809167,2026-08-01T04:05:43.537535+00:00,2026-08-01T04:09:58.292206+00:00,254.754671,254,2013.538952
NO_ACCEPTED_PREDICTION_BOOK,6809174,6809174,2026-08-01T04:10:05.348048+00:00,2026-08-01T04:11:06.616601+00:00,61.268553,62,1954.449912
ACTIVE_MATCH,6809174,6809174,2026-08-01T04:11:07.608363+00:00,2026-08-01T04:12:40.263683+00:00,92.65532,93,1853.297772
NO_ACCEPTED_PREDICTION_BOOK,6809174,6809174,2026-08-01T04:12:41.301923+00:00,2026-08-01T04:12:42.299104+00:00,0.997181,2,1090.121128
ACTIVE_MATCH,6809174,6809174,2026-08-01T04:12:43.327514+00:00,2026-08-01T04:14:58.298561+00:00,134.971047,135,1614.373568
NO_ACCEPTED_PREDICTION_BOOK,6809211,6809211,2026-08-01T04:15:04.206389+00:00,2026-08-01T04:15:57.452677+00:00,53.246288,54,1674.981344
ACTIVE_MATCH,6809211,6809211,2026-08-01T04:15:58.444227+00:00,2026-08-01T04:19:58.111268+00:00,239.667041,239,1748.744728
NO_ACCEPTED_PREDICTION_BOOK,6809215,6809215,2026-08-01T04:20:04.259230+00:00,2026-08-01T04:20:31.274370+00:00,27.01514,28,140.380776
ACTIVE_MATCH,6809215,6809215,2026-08-01T04:20:32.391337+00:00,2026-08-01T04:24:58.163694+00:00,265.772357,265,1755.895512
NO_ACCEPTED_PREDICTION_BOOK,6809263,6809263,2026-08-01T04:25:04.346306+00:00,2026-08-01T04:25:16.300598+00:00,11.954292,13,131.817752
ACTIVE_MATCH,6809263,6809263,2026-08-01T04:25:17.467516+00:00,2026-08-01T04:29:58.521016+00:00,281.0535,280,1820.749296
NO_ACCEPTED_PREDICTION_BOOK,6809268,6809268,2026-08-01T04:30:02.996785+00:00,2026-08-01T04:30:18.078574+00:00,15.081789,16,137.60858
ACTIVE_MATCH,6809268,6809268,2026-08-01T04:30:18.953048+00:00,2026-08-01T04:30:30.049638+00:00,11.09659,12,133.030584
NO_ACCEPTED_PREDICTION_BOOK,6809268,6809268,2026-08-01T04:30:31.065507+00:00,2026-08-01T04:30:37.088686+00:00,6.023179,7,128.334828
ACTIVE_MATCH,6809268,6809268,2026-08-01T04:30:38.096608+00:00,2026-08-01T04:30:40.103915+00:00,2.007307,3,1086.233008
NO_ACCEPTED_PREDICTION_BOOK,6809268,6809268,2026-08-01T04:30:41.132166+00:00,2026-08-01T04:30:43.228968+00:00,2.096802,3,1612.471512
ACTIVE_MATCH,6809268,6809268,2026-08-01T04:30:44.175216+00:00,2026-08-01T04:34:58.049584+00:00,253.874368,253,1662.020316
NO_ACCEPTED_PREDICTION_BOOK,6809273,6809273,2026-08-01T04:35:04.540980+00:00,2026-08-01T04:35:22.468304+00:00,17.927324,19,157.497376
ACTIVE_MATCH,6809273,6809273,2026-08-01T04:35:23.466737+00:00,2026-08-01T04:35:30.517052+00:00,7.050315,8,111.934876
NO_ACCEPTED_PREDICTION_BOOK,6809273,6809273,2026-08-01T04:35:31.522243+00:00,2026-08-01T04:35:31.522243+00:00,0.0,1,101.269772
ACTIVE_MATCH,6809273,6809273,2026-08-01T04:35:32.658871+00:00,2026-08-01T04:35:36.560146+00:00,3.901275,5,115.13206
NO_ACCEPTED_PREDICTION_BOOK,6809273,6809273,2026-08-01T04:35:37.559315+00:00,2026-08-01T04:35:42.605305+00:00,5.04599,6,1472.402248
ACTIVE_MATCH,6809273,6809273,2026-08-01T04:35:43.606865+00:00,2026-08-01T04:39:58.569954+00:00,254.963089,254,1891.434276
NO_ACCEPTED_PREDICTION_BOOK,6809276,6809276,2026-08-01T04:40:04.314339+00:00,2026-08-01T04:41:13.621219+00:00,69.30688,70,1355.77414
ACTIVE_MATCH,6809276,6809276,2026-08-01T04:41:14.645682+00:00,2026-08-01T04:43:40.728818+00:00,146.083136,146,1720.729996
NO_ACCEPTED_PREDICTION_BOOK,6809276,6809276,2026-08-01T04:43:41.734406+00:00,2026-08-01T04:43:42.788063+00:00,1.053657,2,1100.115312
ACTIVE_MATCH,6809276,6809276,2026-08-01T04:43:43.766738+00:00,2026-08-01T04:44:58.285568+00:00,74.51883,75,1629.150284
NO_ACCEPTED_PREDICTION_BOOK,6809281,6809281,2026-08-01T04:45:02.329550+00:00,2026-08-01T04:45:02.329550+00:00,0.0,1,105.95708
ACTIVE_MATCH,6809281,6809281,2026-08-01T04:45:02.858562+00:00,2026-08-01T04:45:06.855567+00:00,3.997005,5,150.492764
NO_ACCEPTED_PREDICTION_BOOK,6809281,6809281,2026-08-01T04:45:07.886519+00:00,2026-08-01T04:45:55.206734+00:00,47.320215,48,1827.060416
ACTIVE_MATCH,6809281,6809281,2026-08-01T04:45:56.235083+00:00,2026-08-01T04:48:40.394697+00:00,164.159614,164,1780.878432
NO_ACCEPTED_PREDICTION_BOOK,6809281,6809281,2026-08-01T04:48:41.402489+00:00,2026-08-01T04:48:42.379314+00:00,0.976825,2,1526.354168
ACTIVE_MATCH,6809281,6809281,2026-08-01T04:48:43.420103+00:00,2026-08-01T04:49:57.920146+00:00,74.500043,75,1537.842684
NO_ACCEPTED_PREDICTION_BOOK,6809286,6809286,2026-08-01T04:50:04.706291+00:00,2026-08-01T04:50:24.651026+00:00,19.944735,21,145.814556
ACTIVE_MATCH,6809286,6809286,2026-08-01T04:50:25.679229+00:00,2026-08-01T04:50:40.802758+00:00,15.123529,16,1525.937888
NO_ACCEPTED_PREDICTION_BOOK,6809286,6809286,2026-08-01T04:50:41.812393+00:00,2026-08-01T04:50:42.814672+00:00,1.002279,2,1190.38004
ACTIVE_MATCH,6809286,6809286,2026-08-01T04:50:43.824626+00:00,2026-08-01T04:51:40.265952+00:00,56.441326,57,839.2535
NO_ACCEPTED_PREDICTION_BOOK,6809286,6809286,2026-08-01T04:51:41.287885+00:00,2026-08-01T04:51:42.262591+00:00,0.974706,2,1827.804344
ACTIVE_MATCH,6809286,6809286,2026-08-01T04:51:43.308832+00:00,2026-08-01T04:54:58.903805+00:00,195.594973,195,1720.908616
NO_ACCEPTED_PREDICTION_BOOK,6809288,6809288,2026-08-01T04:55:04.296385+00:00,2026-08-01T04:55:09.153030+00:00,4.856645,6,98.154528
ACTIVE_MATCH,6809288,6809288,2026-08-01T04:55:10.156991+00:00,2026-08-01T04:55:14.207608+00:00,4.050617,5,138.895972
NO_ACCEPTED_PREDICTION_BOOK,6809288,6809288,2026-08-01T04:55:15.203042+00:00,2026-08-01T04:55:24.262082+00:00,9.05904,10,134.277248
ACTIVE_MATCH,6809288,6809288,2026-08-01T04:55:25.300361+00:00,2026-08-01T04:55:40.387655+00:00,15.087294,16,838.449512
NO_ACCEPTED_PREDICTION_BOOK,6809288,6809288,2026-08-01T04:55:41.423113+00:00,2026-08-01T04:55:42.431901+00:00,1.008788,2,1635.021784
ACTIVE_MATCH,6809288,6809288,2026-08-01T04:55:43.442054+00:00,2026-08-01T04:59:58.239909+00:00,254.797855,254,1785.898468
NO_ACCEPTED_PREDICTION_BOOK,6809295,6809295,2026-08-01T05:00:04.766851+00:00,2026-08-01T05:01:00.011984+00:00,55.245133,56,1344.601936
ACTIVE_MATCH,6809295,6809295,2026-08-01T05:01:01.059212+00:00,2026-08-01T05:01:40.307832+00:00,39.24862,40,907.688364
NO_ACCEPTED_PREDICTION_BOOK,6809295,6809295,2026-08-01T05:01:41.301237+00:00,2026-08-01T05:01:42.316741+00:00,1.015504,2,1802.768108
ACTIVE_MATCH,6809295,6809295,2026-08-01T05:01:43.334324+00:00,2026-08-01T05:04:58.882333+00:00,195.548009,195,1677.880556
NO_ACCEPTED_PREDICTION_BOOK,6809315,6809315,2026-08-01T05:05:04.212599+00:00,2026-08-01T05:05:59.500404+00:00,55.287805,56,1800.637144
ACTIVE_MATCH,6809315,6809315,2026-08-01T05:06:00.517994+00:00,2026-08-01T05:09:58.260438+00:00,237.742444,237,1670.822092
NO_ACCEPTED_PREDICTION_BOOK,6809318,6809318,2026-08-01T05:10:02.685002+00:00,2026-08-01T05:10:02.685002+00:00,0.0,1,62.248684
ACTIVE_MATCH,6809318,6809318,2026-08-01T05:10:03.199126+00:00,2026-08-01T05:10:33.402548+00:00,30.203422,31,173.055384
NO_ACCEPTED_PREDICTION_BOOK,6809318,6809318,2026-08-01T05:10:34.377294+00:00,2026-08-01T05:10:34.377294+00:00,0.0,1,12.35012
ACTIVE_MATCH,6809318,6809318,2026-08-01T05:10:35.422001+00:00,2026-08-01T05:10:40.417131+00:00,4.99513,6,856.080508
NO_ACCEPTED_PREDICTION_BOOK,6809318,6809318,2026-08-01T05:10:41.437692+00:00,2026-08-01T05:10:42.463381+00:00,1.025689,2,1768.614596
ACTIVE_MATCH,6809318,6809318,2026-08-01T05:10:43.461750+00:00,2026-08-01T05:14:41.802372+00:00,238.340622,237,1984.879196
NO_ACCEPTED_PREDICTION_BOOK,6809318,6809318,2026-08-01T05:14:42.823100+00:00,2026-08-01T05:14:43.827915+00:00,1.004815,2,1918.41104
ACTIVE_MATCH,6809318,6809318,2026-08-01T05:14:44.880635+00:00,2026-08-01T05:14:57.940821+00:00,13.060186,14,137.915776
NO_ACCEPTED_PREDICTION_BOOK,6809347,6809347,2026-08-01T05:15:38.961387+00:00,2026-08-01T05:18:20.895724+00:00,161.934337,162,1654.782252
ACTIVE_MATCH,6809347,6809347,2026-08-01T05:18:21.895307+00:00,2026-08-01T05:19:41.460630+00:00,79.565323,80,1568.512716
NO_ACCEPTED_PREDICTION_BOOK,6809347,6809347,2026-08-01T05:19:42.471047+00:00,2026-08-01T05:19:43.483523+00:00,1.012476,2,1181.326988
ACTIVE_MATCH,6809347,6809347,2026-08-01T05:19:44.499618+00:00,2026-08-01T05:19:58.588004+00:00,14.088386,15,149.247676
NO_ACCEPTED_PREDICTION_BOOK,6809350,6809350,2026-08-01T05:20:02.863641+00:00,2026-08-01T05:20:03.642405+00:00,0.778764,2,112.511188
ACTIVE_MATCH,6809350,6809350,2026-08-01T05:20:04.655224+00:00,2026-08-01T05:20:40.894264+00:00,36.23904,37,1073.340664
NO_ACCEPTED_PREDICTION_BOOK,6809350,6809350,2026-08-01T05:20:41.900890+00:00,2026-08-01T05:20:42.902945+00:00,1.002055,2,1562.180088
ACTIVE_MATCH,6809350,6809350,2026-08-01T05:20:43.905555+00:00,2026-08-01T05:24:58.784605+00:00,254.87905,254,1736.71792
NO_ACCEPTED_PREDICTION_BOOK,6809353,6809353,2026-08-01T05:25:02.949587+00:00,2026-08-01T05:25:07.827886+00:00,4.878299,6,116.34548
ACTIVE_MATCH,6809353,6809353,2026-08-01T05:25:08.856350+00:00,2026-08-01T05:25:13.862530+00:00,5.00618,6,122.643648
NO_ACCEPTED_PREDICTION_BOOK,6809353,6809353,2026-08-01T05:25:14.874698+00:00,2026-08-01T05:25:19.854186+00:00,4.979488,6,125.638008
ACTIVE_MATCH,6809353,6809353,2026-08-01T05:25:20.882491+00:00,2026-08-01T05:29:58.035043+00:00,277.152552,276,1712.21534
NO_ACCEPTED_PREDICTION_BOOK,6809355,6809355,2026-08-01T05:30:04.503731+00:00,2026-08-01T05:30:49.694764+00:00,45.191033,46,1476.266988
ACTIVE_MATCH,6809355,6809355,2026-08-01T05:30:50.695236+00:00,2026-08-01T05:34:58.436287+00:00,247.741051,247,1861.823444
NO_ACCEPTED_PREDICTION_BOOK,6809363,6809363,2026-08-01T05:35:02.656308+00:00,2026-08-01T05:35:24.231322+00:00,21.575014,23,145.330908
ACTIVE_MATCH,6809363,6809363,2026-08-01T05:35:25.245454+00:00,2026-08-01T05:35:38.355945+00:00,13.110491,14,156.848612
NO_ACCEPTED_PREDICTION_BOOK,6809363,6809363,2026-08-01T05:35:39.371505+00:00,2026-08-01T05:35:43.379128+00:00,4.007623,5,1515.017848
ACTIVE_MATCH,6809363,6809363,2026-08-01T05:35:44.402747+00:00,2026-08-01T05:39:58.294898+00:00,253.892151,253,1689.960016
NO_ACCEPTED_PREDICTION_BOOK,6809364,6809364,2026-08-01T05:40:04.750761+00:00,2026-08-01T05:40:29.758548+00:00,25.007787,26,133.03874
ACTIVE_MATCH,6809364,6809364,2026-08-01T05:40:30.966479+00:00,2026-08-01T05:44:58.600228+00:00,267.633749,267,1723.6672
NO_ACCEPTED_PREDICTION_BOOK,6809374,6809374,2026-08-01T05:45:06.852887+00:00,2026-08-01T05:45:43.924545+00:00,37.071658,38,1486.528812
ACTIVE_MATCH,6809374,6809374,2026-08-01T05:45:44.959855+00:00,2026-08-01T05:49:58.909607+00:00,253.949752,253,1816.941972
NO_ACCEPTED_PREDICTION_BOOK,6809376,6809376,2026-08-01T05:50:05.025643+00:00,2026-08-01T05:50:05.025643+00:00,0.0,1,125.592708
ACTIVE_MATCH,6809376,6809376,2026-08-01T05:50:05.876449+00:00,2026-08-01T05:50:19.898357+00:00,14.021908,15,154.517792
NO_ACCEPTED_PREDICTION_BOOK,6809376,6809376,2026-08-01T05:50:20.896318+00:00,2026-08-01T05:50:21.909706+00:00,1.013388,2,54.64186
ACTIVE_MATCH,6809376,6809376,2026-08-01T05:50:22.913454+00:00,2026-08-01T05:54:58.048006+00:00,275.134552,274,1789.743724
NO_ACCEPTED_PREDICTION_BOOK,6809378,6809378,2026-08-01T05:55:06.430751+00:00,2026-08-01T05:55:09.316533+00:00,2.885782,4,138.272096
ACTIVE_MATCH,6809378,6809378,2026-08-01T05:55:10.313224+00:00,2026-08-01T05:55:15.361885+00:00,5.048661,6,140.134808
NO_ACCEPTED_PREDICTION_BOOK,6809378,6809378,2026-08-01T05:55:16.373497+00:00,2026-08-01T05:55:19.394729+00:00,3.021232,4,141.28756
ACTIVE_MATCH,6809378,6809378,2026-08-01T05:55:20.431007+00:00,2026-08-01T05:55:41.572940+00:00,21.141933,22,820.134832
NO_ACCEPTED_PREDICTION_BOOK,6809378,6809378,2026-08-01T05:55:42.560438+00:00,2026-08-01T05:55:43.570609+00:00,1.010171,2,1775.494784
ACTIVE_MATCH,6809378,6809378,2026-08-01T05:55:44.593620+00:00,2026-08-01T05:59:58.402426+00:00,253.808806,253,1576.369876
NO_ACCEPTED_PREDICTION_BOOK,6809390,6809390,2026-08-01T06:00:02.737087+00:00,2026-08-01T06:00:55.624571+00:00,52.887484,54,1821.236044
ACTIVE_MATCH,6809390,6809390,2026-08-01T06:00:56.666104+00:00,2026-08-01T06:04:58.416473+00:00,241.750369,241,1677.595512
NO_ACCEPTED_PREDICTION_BOOK,6809397,6809397,2026-08-01T06:05:04.776384+00:00,2026-08-01T06:05:08.629978+00:00,3.853594,5,145.155356
ACTIVE_MATCH,6809397,6809397,2026-08-01T06:05:09.630935+00:00,2026-08-01T06:05:18.689885+00:00,9.05895,10,133.5236
NO_ACCEPTED_PREDICTION_BOOK,6809397,6809397,2026-08-01T06:05:19.691579+00:00,2026-08-01T06:05:19.691579+00:00,0.0,1,62.481664
ACTIVE_MATCH,6809397,6809397,2026-08-01T06:05:20.703937+00:00,2026-08-01T06:05:36.815957+00:00,16.11202,17,142.012108
NO_ACCEPTED_PREDICTION_BOOK,6809397,6809397,2026-08-01T06:05:37.846846+00:00,2026-08-01T06:05:39.837825+00:00,1.990979,3,89.155008
ACTIVE_MATCH,6809397,6809397,2026-08-01T06:05:40.852927+00:00,2026-08-01T06:09:58.821437+00:00,257.96851,257,1741.639144
NO_ACCEPTED_PREDICTION_BOOK,6809400,6809400,2026-08-01T06:10:02.446079+00:00,2026-08-01T06:10:04.962475+00:00,2.516396,4,112.81132
ACTIVE_MATCH,6809400,6809400,2026-08-01T06:10:05.982540+00:00,2026-08-01T06:10:09.990833+00:00,4.008293,5,135.045748
NO_ACCEPTED_PREDICTION_BOOK,6809400,6809400,2026-08-01T06:10:10.998698+00:00,2026-08-01T06:10:18.081418+00:00,7.08272,8,96.764756
ACTIVE_MATCH,6809400,6809400,2026-08-01T06:10:19.097362+00:00,2026-08-01T06:10:27.143058+00:00,8.045696,9,124.692436
NO_ACCEPTED_PREDICTION_BOOK,6809400,6809400,2026-08-01T06:10:28.138399+00:00,2026-08-01T06:10:28.138399+00:00,0.0,1,28.829676
ACTIVE_MATCH,6809400,6809400,2026-08-01T06:10:29.134744+00:00,2026-08-01T06:10:35.160973+00:00,6.026229,7,163.488692
NO_ACCEPTED_PREDICTION_BOOK,6809400,6809400,2026-08-01T06:10:36.180167+00:00,2026-08-01T06:10:39.189551+00:00,3.009384,4,126.762684
ACTIVE_MATCH,6809400,6809400,2026-08-01T06:10:40.197364+00:00,2026-08-01T06:14:57.908007+00:00,257.710643,257,1769.230432
NO_ACCEPTED_PREDICTION_BOOK,6809407,6809407,2026-08-01T06:15:04.491074+00:00,2026-08-01T06:15:20.426454+00:00,15.93538,17,132.13754
ACTIVE_MATCH,6809407,6809407,2026-08-01T06:15:21.476019+00:00,2026-08-01T06:15:25.482971+00:00,4.006952,5,126.430544
NO_ACCEPTED_PREDICTION_BOOK,6809407,6809407,2026-08-01T06:15:26.463123+00:00,2026-08-01T06:15:29.497685+00:00,3.034562,4,142.320616
ACTIVE_MATCH,6809407,6809407,2026-08-01T06:15:30.501558+00:00,2026-08-01T06:15:51.668170+00:00,21.166612,22,1481.3148
NO_ACCEPTED_PREDICTION_BOOK,6809407,6809407,2026-08-01T06:15:52.666982+00:00,2026-08-01T06:15:53.701839+00:00,1.034857,2,57.218248
ACTIVE_MATCH,6809407,6809407,2026-08-01T06:15:54.693087+00:00,2026-08-01T06:18:42.025279+00:00,167.332192,167,1602.276008
NO_ACCEPTED_PREDICTION_BOOK,6809407,6809407,2026-08-01T06:18:43.039210+00:00,2026-08-01T06:18:44.042093+00:00,1.002883,2,1790.490116
ACTIVE_MATCH,6809407,6809407,2026-08-01T06:18:45.063648+00:00,2026-08-01T06:19:58.582529+00:00,73.518881,74,1335.709352
NO_ACCEPTED_PREDICTION_BOOK,6809415,6809415,2026-08-01T06:20:04.487965+00:00,2026-08-01T06:21:40.080998+00:00,95.593033,96,1366.128688
ACTIVE_MATCH,6809415,6809415,2026-08-01T06:21:41.115285+00:00,2026-08-01T06:24:22.262825+00:00,161.14754,161,1735.004032
NO_ACCEPTED_PREDICTION_BOOK,6809415,6809415,2026-08-01T06:24:23.273802+00:00,2026-08-01T06:24:58.543552+00:00,35.26975,36,1344.569456
NO_ACCEPTED_PREDICTION_BOOK,6809422,6809422,2026-08-01T06:25:04.631652+00:00,2026-08-01T06:25:54.765557+00:00,50.133905,51,1314.283888
ACTIVE_MATCH,6809422,6809422,2026-08-01T06:25:55.778686+00:00,2026-08-01T06:29:58.607993+00:00,242.829307,242,1806.889712
NO_ACCEPTED_PREDICTION_BOOK,6809429,6809429,2026-08-01T06:30:04.508656+00:00,2026-08-01T06:31:05.778264+00:00,61.269608,62,1515.3244
ACTIVE_MATCH,6809429,6809429,2026-08-01T06:31:06.779638+00:00,2026-08-01T06:34:58.503715+00:00,231.724077,231,1692.601944
NO_ACCEPTED_PREDICTION_BOOK,6809431,6809431,2026-08-01T06:35:04.509514+00:00,2026-08-01T06:35:55.726716+00:00,51.217202,52,1602.699232
ACTIVE_MATCH,6809431,6809431,2026-08-01T06:35:56.724453+00:00,2026-08-01T06:39:58.343772+00:00,241.619319,241,1634.118016
NO_ACCEPTED_PREDICTION_BOOK,6809436,6809436,2026-08-01T06:40:04.252029+00:00,2026-08-01T06:41:25.647362+00:00,81.395333,82,1640.029148
ACTIVE_MATCH,6809436,6809436,2026-08-01T06:41:26.638319+00:00,2026-08-01T06:44:58.347739+00:00,211.70942,211,1687.421624
NO_ACCEPTED_PREDICTION_BOOK,6809440,6809440,2026-08-01T06:45:05.288558+00:00,2026-08-01T06:45:44.434194+00:00,39.145636,40,1633.938856
ACTIVE_MATCH,6809440,6809440,2026-08-01T06:45:45.414524+00:00,2026-08-01T06:47:56.348320+00:00,130.933796,131,1431.172284
NO_ACCEPTED_PREDICTION_BOOK,6809440,6809440,2026-08-01T06:47:57.340957+00:00,2026-08-01T06:47:57.340957+00:00,0.0,1,61.776972
ACTIVE_MATCH,6809440,6809440,2026-08-01T06:47:58.342514+00:00,2026-08-01T06:49:58.274417+00:00,119.931903,120,1542.454612
NO_ACCEPTED_PREDICTION_BOOK,6809444,6809444,2026-08-01T06:50:04.109699+00:00,2026-08-01T06:51:36.670097+00:00,92.560398,93,1553.744028
ACTIVE_MATCH,6809444,6809444,2026-08-01T06:51:37.672180+00:00,2026-08-01T06:51:42.692722+00:00,5.020542,6,811.412776
NO_ACCEPTED_PREDICTION_BOOK,6809444,6809444,2026-08-01T06:51:43.759442+00:00,2026-08-01T06:51:44.706805+00:00,0.947363,2,1539.252124
ACTIVE_MATCH,6809444,6809444,2026-08-01T06:51:45.716517+00:00,2026-08-01T06:54:58.080552+00:00,192.364035,192,1622.301044
NO_ACCEPTED_PREDICTION_BOOK,6809449,6809449,2026-08-01T06:55:04.989022+00:00,2026-08-01T06:55:04.989022+00:00,0.0,1,65.291748
ACTIVE_MATCH,6809449,6809449,2026-08-01T06:55:05.706873+00:00,2026-08-01T06:55:17.934648+00:00,12.227775,13,133.333624
NO_ACCEPTED_PREDICTION_BOOK,6809449,6809449,2026-08-01T06:55:18.807735+00:00,2026-08-01T06:55:21.838917+00:00,3.031182,4,136.82658
ACTIVE_MATCH,6809449,6809449,2026-08-01T06:55:22.841644+00:00,2026-08-01T06:55:26.871115+00:00,4.029471,5,64.723732
NO_ACCEPTED_PREDICTION_BOOK,6809449,6809449,2026-08-01T06:55:27.869895+00:00,2026-08-01T06:55:27.869895+00:00,0.0,1,33.832312
ACTIVE_MATCH,6809449,6809449,2026-08-01T06:55:28.897850+00:00,2026-08-01T06:57:42.907638+00:00,134.009788,134,1722.408384
NO_ACCEPTED_PREDICTION_BOOK,6809449,6809449,2026-08-01T06:57:43.899461+00:00,2026-08-01T06:57:44.926209+00:00,1.026748,2,1612.36308
ACTIVE_MATCH,6809449,6809449,2026-08-01T06:57:45.925789+00:00,2026-08-01T06:59:58.850152+00:00,132.924363,133,1717.870628
NO_ACCEPTED_PREDICTION_BOOK,6809483,6809483,2026-08-01T07:00:04.757730+00:00,2026-08-01T07:00:57.950840+00:00,53.19311,54,1609.070708
ACTIVE_MATCH,6809483,6809483,2026-08-01T07:00:58.962783+00:00,2026-08-01T07:04:58.898850+00:00,239.936067,239,1733.000732
NO_ACCEPTED_PREDICTION_BOOK,6809486,6809486,2026-08-01T07:05:04.996381+00:00,2026-08-01T07:05:06.868133+00:00,1.871752,3,87.189816
ACTIVE_MATCH,6809486,6809486,2026-08-01T07:05:07.871071+00:00,2026-08-01T07:05:14.928412+00:00,7.057341,8,133.417744
NO_ACCEPTED_PREDICTION_BOOK,6809486,6809486,2026-08-01T07:05:15.972825+00:00,2026-08-01T07:05:22.007516+00:00,6.034691,7,136.983052
ACTIVE_MATCH,6809486,6809486,2026-08-01T07:05:23.028489+00:00,2026-08-01T07:05:31.150525+00:00,8.122036,9,120.151632
NO_ACCEPTED_PREDICTION_BOOK,6809486,6809486,2026-08-01T07:05:32.315863+00:00,2026-08-01T07:05:32.315863+00:00,0.0,1,11.986684
ACTIVE_MATCH,6809486,6809486,2026-08-01T07:05:33.191906+00:00,2026-08-01T07:05:43.312424+00:00,10.120518,11,1131.046436
NO_ACCEPTED_PREDICTION_BOOK,6809486,6809486,2026-08-01T07:05:44.283468+00:00,2026-08-01T07:05:45.286805+00:00,1.003337,2,1353.000868
ACTIVE_MATCH,6809486,6809486,2026-08-01T07:05:46.314654+00:00,2026-08-01T07:09:58.363187+00:00,252.048533,251,1675.825572
NO_ACCEPTED_PREDICTION_BOOK,6809490,6809490,2026-08-01T07:10:04.717993+00:00,2026-08-01T07:12:40.629449+00:00,155.911456,156,1600.698292
ACTIVE_MATCH,6809490,6809490,2026-08-01T07:12:41.647358+00:00,2026-08-01T07:14:58.591884+00:00,136.944526,137,1503.595828
ACTIVE_MATCH,6809508,6809508,2026-08-01T07:15:04.778007+00:00,2026-08-01T07:15:09.648698+00:00,4.870691,6,101.660196
NO_ACCEPTED_PREDICTION_BOOK,6809508,6809508,2026-08-01T07:15:10.672358+00:00,2026-08-01T07:15:10.672358+00:00,0.0,1,109.945456
ACTIVE_MATCH,6809508,6809508,2026-08-01T07:15:11.639167+00:00,2026-08-01T07:15:21.765202+00:00,10.126035,11,144.87828
NO_ACCEPTED_PREDICTION_BOOK,6809508,6809508,2026-08-01T07:15:22.759396+00:00,2026-08-01T07:15:23.765406+00:00,1.00601,2,118.885748
ACTIVE_MATCH,6809508,6809508,2026-08-01T07:15:24.793059+00:00,2026-08-01T07:15:28.806016+00:00,4.012957,5,114.235208
NO_ACCEPTED_PREDICTION_BOOK,6809508,6809508,2026-08-01T07:15:29.810421+00:00,2026-08-01T07:15:29.810421+00:00,0.0,1,26.687892
ACTIVE_MATCH,6809508,6809508,2026-08-01T07:15:30.824101+00:00,2026-08-01T07:19:58.790725+00:00,267.966624,267,1597.107964
NO_ACCEPTED_PREDICTION_BOOK,6809517,6809517,2026-08-01T07:20:04.221691+00:00,2026-08-01T07:20:05.075893+00:00,0.854202,2,114.948508
ACTIVE_MATCH,6809517,6809517,2026-08-01T07:20:06.095459+00:00,2026-08-01T07:20:14.184770+00:00,8.089311,9,154.224636
NO_ACCEPTED_PREDICTION_BOOK,6809517,6809517,2026-08-01T07:20:15.175996+00:00,2026-08-01T07:20:20.160911+00:00,4.984915,6,118.576444
ACTIVE_MATCH,6809517,6809517,2026-08-01T07:20:21.172558+00:00,2026-08-01T07:24:58.653526+00:00,277.480968,275,1600.315064
NO_ACCEPTED_PREDICTION_BOOK,6809520,6809520,2026-08-01T07:25:02.463989+00:00,2026-08-01T07:25:56.413806+00:00,53.949817,55,1725.1866
ACTIVE_MATCH,6809520,6809520,2026-08-01T07:25:57.440802+00:00,2026-08-01T07:26:01.465242+00:00,4.02444,5,120.650132
NO_ACCEPTED_PREDICTION_BOOK,6809520,6809520,2026-08-01T07:26:02.637148+00:00,2026-08-01T07:26:03.495982+00:00,0.858834,2,32.230724
ACTIVE_MATCH,6809520,6809520,2026-08-01T07:26:04.509528+00:00,2026-08-01T07:29:58.246239+00:00,233.736711,233,1677.1443
NO_ACCEPTED_PREDICTION_BOOK,6809525,6809525,2026-08-01T07:30:05.093447+00:00,2026-08-01T07:30:07.982542+00:00,2.889095,4,117.281236
ACTIVE_MATCH,6809525,6809525,2026-08-01T07:30:08.981693+00:00,2026-08-01T07:30:12.991630+00:00,4.009937,5,125.570908
NO_ACCEPTED_PREDICTION_BOOK,6809525,6809525,2026-08-01T07:30:13.989356+00:00,2026-08-01T07:30:15.996909+00:00,2.007553,3,106.7785
ACTIVE_MATCH,6809525,6809525,2026-08-01T07:30:17.010893+00:00,2026-08-01T07:30:40.222274+00:00,23.211381,24,124.876748
NO_ACCEPTED_PREDICTION_BOOK,6809525,6809525,2026-08-01T07:30:41.206339+00:00,2026-08-01T07:30:46.236184+00:00,5.029845,6,1632.049784
ACTIVE_MATCH,6809525,6809525,2026-08-01T07:30:47.228432+00:00,2026-08-01T07:30:51.256818+00:00,4.028386,5,92.989248
NO_ACCEPTED_PREDICTION_BOOK,6809525,6809525,2026-08-01T07:30:52.245197+00:00,2026-08-01T07:30:52.245197+00:00,0.0,1,146.736444
ACTIVE_MATCH,6809525,6809525,2026-08-01T07:30:53.259070+00:00,2026-08-01T07:34:58.605350+00:00,245.34628,238,1776.6362
NO_ACCEPTED_PREDICTION_BOOK,6809531,6809531,2026-08-01T07:35:05.099443+00:00,2026-08-01T07:35:59.389273+00:00,54.28983,55,1391.396644
ACTIVE_MATCH,6809531,6809531,2026-08-01T07:36:00.401738+00:00,2026-08-01T07:39:58.574633+00:00,238.172895,237,1673.1817
NO_ACCEPTED_PREDICTION_BOOK,6809534,6809534,2026-08-01T07:40:04.373711+00:00,2026-08-01T07:40:13.280460+00:00,8.906749,10,127.96408
ACTIVE_MATCH,6809534,6809534,2026-08-01T07:40:14.268474+00:00,2026-08-01T07:40:36.499721+00:00,22.231247,23,133.354848
NO_ACCEPTED_PREDICTION_BOOK,6809534,6809534,2026-08-01T07:40:37.466760+00:00,2026-08-01T07:40:38.490098+00:00,1.023338,2,103.84748
ACTIVE_MATCH,6809534,6809534,2026-08-01T07:40:39.469215+00:00,2026-08-01T07:40:53.546638+00:00,14.077423,15,1712.58718
NO_ACCEPTED_PREDICTION_BOOK,6809534,6809534,2026-08-01T07:40:54.561286+00:00,2026-08-01T07:40:54.561286+00:00,0.0,1,55.939912
ACTIVE_MATCH,6809534,6809534,2026-08-01T07:40:55.576783+00:00,2026-08-01T07:41:00.623806+00:00,5.047023,6,103.392408
NO_ACCEPTED_PREDICTION_BOOK,6809534,6809534,2026-08-01T07:41:01.617959+00:00,2026-08-01T07:41:05.650424+00:00,4.032465,5,66.630952
ACTIVE_MATCH,6809534,6809534,2026-08-01T07:41:06.667076+00:00,2026-08-01T07:44:58.279698+00:00,231.612622,231,1456.896504
NO_ACCEPTED_PREDICTION_BOOK,6809538,6809538,2026-08-01T07:45:05.087058+00:00,2026-08-01T07:45:35.124567+00:00,30.037509,31,164.909964
ACTIVE_MATCH,6809538,6809538,2026-08-01T07:45:36.146539+00:00,2026-08-01T07:45:44.166725+00:00,8.020186,9,1125.653564
NO_ACCEPTED_PREDICTION_BOOK,6809538,6809538,2026-08-01T07:45:45.181933+00:00,2026-08-01T07:45:46.178583+00:00,0.99665,2,1027.6553
ACTIVE_MATCH,6809538,6809538,2026-08-01T07:45:47.338135+00:00,2026-08-01T07:45:51.277037+00:00,3.938902,5,100.951292
NO_ACCEPTED_PREDICTION_BOOK,6809538,6809538,2026-08-01T07:45:52.294967+00:00,2026-08-01T07:45:52.294967+00:00,0.0,1,74.73936
ACTIVE_MATCH,6809538,6809538,2026-08-01T07:45:53.299469+00:00,2026-08-01T07:49:58.530227+00:00,245.230758,243,1575.653492
NO_ACCEPTED_PREDICTION_BOOK,6809543,6809543,2026-08-01T07:50:04.813704+00:00,2026-08-01T07:50:55.075701+00:00,50.261997,51,1598.798884
ACTIVE_MATCH,6809543,6809543,2026-08-01T07:50:56.073353+00:00,2026-08-01T07:54:58.175392+00:00,242.102039,241,1644.961732
NO_ACCEPTED_PREDICTION_BOOK,6809548,6809548,2026-08-01T07:55:28.972580+00:00,2026-08-01T07:56:02.043917+00:00,33.071337,34,1632.83864
ACTIVE_MATCH,6809548,6809548,2026-08-01T07:56:03.231193+00:00,2026-08-01T07:56:44.360982+00:00,41.129789,42,1059.858316
NO_ACCEPTED_PREDICTION_BOOK,6809548,6809548,2026-08-01T07:56:45.370434+00:00,2026-08-01T07:56:46.369355+00:00,0.998921,2,1303.982552
ACTIVE_MATCH,6809548,6809548,2026-08-01T07:56:47.385901+00:00,2026-08-01T07:59:57.917506+00:00,190.531605,190,1703.792364
NO_ACCEPTED_PREDICTION_BOOK,6809573,6809573,2026-08-01T08:00:05.084739+00:00,2026-08-01T08:02:55.145576+00:00,170.060837,170,1714.396096
ACTIVE_MATCH,6809573,6809573,2026-08-01T08:02:56.114701+00:00,2026-08-01T08:04:58.213780+00:00,122.099079,122,1414.384452
NO_ACCEPTED_PREDICTION_BOOK,6809579,6809579,2026-08-01T08:05:05.186618+00:00,2026-08-01T08:05:11.033383+00:00,5.846765,7,150.14442
ACTIVE_MATCH,6809579,6809579,2026-08-01T08:05:12.040993+00:00,2026-08-01T08:05:44.276711+00:00,32.235718,33,894.865212
NO_ACCEPTED_PREDICTION_BOOK,6809579,6809579,2026-08-01T08:05:45.289953+00:00,2026-08-01T08:05:46.306306+00:00,1.016353,2,1506.073076
ACTIVE_MATCH,6809579,6809579,2026-08-01T08:05:47.328429+00:00,2026-08-01T08:09:58.074115+00:00,250.745686,250,1505.940312
NO_ACCEPTED_PREDICTION_BOOK,6809582,6809582,2026-08-01T08:10:05.102998+00:00,2026-08-01T08:10:05.923467+00:00,0.820469,2,22.641208
ACTIVE_MATCH,6809582,6809582,2026-08-01T08:10:06.958482+00:00,2026-08-01T08:10:11.025775+00:00,4.067293,5,116.859488
NO_ACCEPTED_PREDICTION_BOOK,6809582,6809582,2026-08-01T08:10:12.006735+00:00,2026-08-01T08:10:18.076993+00:00,6.070258,7,139.691088
ACTIVE_MATCH,6809582,6809582,2026-08-01T08:10:19.073135+00:00,2026-08-01T08:14:45.329198+00:00,266.256063,265,1606.819516
NO_ACCEPTED_PREDICTION_BOOK,6809582,6809582,2026-08-01T08:14:46.328268+00:00,2026-08-01T08:14:46.328268+00:00,0.0,1,887.121968
ACTIVE_MATCH,6809582,6809582,2026-08-01T08:14:47.362820+00:00,2026-08-01T08:14:58.435105+00:00,11.072285,12,115.62718
NO_ACCEPTED_PREDICTION_BOOK,6809591,6809591,2026-08-01T08:15:04.590167+00:00,2026-08-01T08:15:04.590167+00:00,0.0,1,79.97146
ACTIVE_MATCH,6809591,6809591,2026-08-01T08:15:05.443642+00:00,2026-08-01T08:15:51.784201+00:00,46.340559,47,1449.480232
NO_ACCEPTED_PREDICTION_BOOK,6809591,6809591,2026-08-01T08:15:52.798746+00:00,2026-08-01T08:15:52.798746+00:00,0.0,1,90.265412
ACTIVE_MATCH,6809591,6809591,2026-08-01T08:15:53.797637+00:00,2026-08-01T08:18:44.433890+00:00,170.636253,169,1381.508404
NO_ACCEPTED_PREDICTION_BOOK,6809591,6809591,2026-08-01T08:18:45.445290+00:00,2026-08-01T08:18:46.449097+00:00,1.003807,2,1648.449816
ACTIVE_MATCH,6809591,6809591,2026-08-01T08:18:47.468458+00:00,2026-08-01T08:19:58.043178+00:00,70.57472,71,1270.36702
MARKET_ID_MISMATCH,6809596,6809591,2026-08-01T08:20:02.711844+00:00,2026-08-01T08:20:02.711844+00:00,0.0,1,26.51306
ACTIVE_MATCH,6809596,6809596,2026-08-01T08:20:03.157345+00:00,2026-08-01T08:20:12.172460+00:00,9.015115,10,101.429776
NO_ACCEPTED_PREDICTION_BOOK,6809596,6809596,2026-08-01T08:20:13.175421+00:00,2026-08-01T08:20:13.175421+00:00,0.0,1,72.190728
ACTIVE_MATCH,6809596,6809596,2026-08-01T08:20:14.186954+00:00,2026-08-01T08:21:45.989581+00:00,91.802627,92,1987.208856
NO_ACCEPTED_PREDICTION_BOOK,6809596,6809596,2026-08-01T08:21:47.003273+00:00,2026-08-01T08:21:48.167445+00:00,1.164172,2,1470.93574
ACTIVE_MATCH,6809596,6809596,2026-08-01T08:21:49.545486+00:00,2026-08-01T08:22:44.981027+00:00,55.435541,56,1176.583316
NO_ACCEPTED_PREDICTION_BOOK,6809596,6809596,2026-08-01T08:22:45.992576+00:00,2026-08-01T08:22:47.009679+00:00,1.017103,2,1113.8086
ACTIVE_MATCH,6809596,6809596,2026-08-01T08:22:48.029707+00:00,2026-08-01T08:24:58.015686+00:00,129.985979,130,1631.094356
NO_ACCEPTED_PREDICTION_BOOK,6809600,6809600,2026-08-01T08:25:04.840388+00:00,2026-08-01T08:25:53.075865+00:00,48.235477,49,1432.68092
ACTIVE_MATCH,6809600,6809600,2026-08-01T08:25:54.079631+00:00,2026-08-01T08:29:58.801411+00:00,244.72178,244,1667.000648
NO_ACCEPTED_PREDICTION_BOOK,6809606,6809606,2026-08-01T08:30:02.765512+00:00,2026-08-01T08:30:30.300041+00:00,27.534529,29,148.072864
ACTIVE_MATCH,6809606,6809606,2026-08-01T08:30:31.327947+00:00,2026-08-01T08:30:37.376486+00:00,6.048539,7,121.842288
NO_ACCEPTED_PREDICTION_BOOK,6809606,6809606,2026-08-01T08:30:38.372781+00:00,2026-08-01T08:31:42.824299+00:00,64.451518,65,1234.077532
ACTIVE_MATCH,6809606,6809606,2026-08-01T08:31:43.817124+00:00,2026-08-01T08:31:48.007421+00:00,4.190297,5,1578.976404
NO_ACCEPTED_PREDICTION_BOOK,6809606,6809606,2026-08-01T08:31:48.901565+00:00,2026-08-01T08:32:09.042606+00:00,20.141041,21,147.061344
ACTIVE_MATCH,6809606,6809606,2026-08-01T08:32:10.055932+00:00,2026-08-01T08:32:17.101423+00:00,7.045491,8,118.989124
NO_ACCEPTED_PREDICTION_BOOK,6809606,6809606,2026-08-01T08:32:18.205901+00:00,2026-08-01T08:32:18.205901+00:00,0.0,1,131.4655
ACTIVE_MATCH,6809606,6809606,2026-08-01T08:32:19.098828+00:00,2026-08-01T08:34:58.162866+00:00,159.064038,159,1546.018576
NO_ACCEPTED_PREDICTION_BOOK,6809610,6809610,2026-08-01T08:35:02.863591+00:00,2026-08-01T08:35:07.751750+00:00,4.888159,6,144.924088
ACTIVE_MATCH,6809610,6809610,2026-08-01T08:35:08.752584+00:00,2026-08-01T08:38:45.377631+00:00,216.625047,216,1724.424812
NO_ACCEPTED_PREDICTION_BOOK,6809610,6809610,2026-08-01T08:38:46.393819+00:00,2026-08-01T08:38:47.418008+00:00,1.024189,2,1150.725564
ACTIVE_MATCH,6809610,6809610,2026-08-01T08:38:48.424624+00:00,2026-08-01T08:39:58.062635+00:00,69.638011,70,1575.201672
NO_ACCEPTED_PREDICTION_BOOK,6809612,6809612,2026-08-01T08:40:05.184124+00:00,2026-08-01T08:41:14.526528+00:00,69.342404,70,1201.676488
ACTIVE_MATCH,6809612,6809612,2026-08-01T08:41:15.528830+00:00,2026-08-01T08:41:29.643125+00:00,14.114295,15,117.547528
NO_ACCEPTED_PREDICTION_BOOK,6809612,6809612,2026-08-01T08:41:30.633777+00:00,2026-08-01T08:41:31.627205+00:00,0.993428,2,97.240236
ACTIVE_MATCH,6809612,6809612,2026-08-01T08:41:32.676156+00:00,2026-08-01T08:41:38.719786+00:00,6.04363,7,122.990128
NO_ACCEPTED_PREDICTION_BOOK,6809612,6809612,2026-08-01T08:41:39.709247+00:00,2026-08-01T08:41:41.747556+00:00,2.038309,3,134.990432
ACTIVE_MATCH,6809612,6809612,2026-08-01T08:41:42.740323+00:00,2026-08-01T08:41:53.826774+00:00,11.086451,12,1543.25314
NO_ACCEPTED_PREDICTION_BOOK,6809612,6809612,2026-08-01T08:41:54.833330+00:00,2026-08-01T08:41:54.833330+00:00,0.0,1,15.28362
ACTIVE_MATCH,6809612,6809612,2026-08-01T08:41:55.831055+00:00,2026-08-01T08:42:51.240820+00:00,55.409765,56,1436.108356
NO_ACCEPTED_PREDICTION_BOOK,6809612,6809612,2026-08-01T08:42:52.258386+00:00,2026-08-01T08:42:52.258386+00:00,0.0,1,60.54948
ACTIVE_MATCH,6809612,6809612,2026-08-01T08:42:53.272872+00:00,2026-08-01T08:44:58.213723+00:00,124.940851,125,1582.60648
NO_ACCEPTED_PREDICTION_BOOK,6809616,6809616,2026-08-01T08:45:02.735075+00:00,2026-08-01T08:45:08.231082+00:00,5.496007,7,150.153484
ACTIVE_MATCH,6809616,6809616,2026-08-01T08:45:09.235502+00:00,2026-08-01T08:45:13.292896+00:00,4.057394,5,117.657604
NO_ACCEPTED_PREDICTION_BOOK,6809616,6809616,2026-08-01T08:45:14.302123+00:00,2026-08-01T08:45:16.313060+00:00,2.010937,3,148.59632
ACTIVE_MATCH,6809616,6809616,2026-08-01T08:45:17.481497+00:00,2026-08-01T08:45:21.356335+00:00,3.874838,5,116.580892
NO_ACCEPTED_PREDICTION_BOOK,6809616,6809616,2026-08-01T08:45:22.352211+00:00,2026-08-01T08:45:28.401967+00:00,6.049756,7,119.084704
ACTIVE_MATCH,6809616,6809616,2026-08-01T08:45:29.408207+00:00,2026-08-01T08:45:36.432817+00:00,7.02461,8,152.089672
NO_ACCEPTED_PREDICTION_BOOK,6809616,6809616,2026-08-01T08:45:37.427937+00:00,2026-08-01T08:45:37.427937+00:00,0.0,1,49.253424
ACTIVE_MATCH,6809616,6809616,2026-08-01T08:45:38.457965+00:00,2026-08-01T08:49:58.489855+00:00,260.03189,259,1707.705928
NO_ACCEPTED_PREDICTION_BOOK,6809621,6809621,2026-08-01T08:50:04.410825+00:00,2026-08-01T08:50:18.314158+00:00,13.903333,15,143.932728
ACTIVE_MATCH,6809621,6809621,2026-08-01T08:50:19.336788+00:00,2026-08-01T08:50:23.409366+00:00,4.072578,5,133.921812
NO_ACCEPTED_PREDICTION_BOOK,6809621,6809621,2026-08-01T08:50:24.369409+00:00,2026-08-01T08:50:27.382959+00:00,3.01355,4,110.598948
ACTIVE_MATCH,6809621,6809621,2026-08-01T08:50:28.377455+00:00,2026-08-01T08:50:43.500626+00:00,15.123171,16,158.759092
NO_ACCEPTED_PREDICTION_BOOK,6809621,6809621,2026-08-01T08:50:44.517443+00:00,2026-08-01T08:50:47.672988+00:00,3.155545,4,1363.02822
ACTIVE_MATCH,6809621,6809621,2026-08-01T08:50:48.533122+00:00,2026-08-01T08:54:58.421762+00:00,249.88864,249,1441.8827
NO_ACCEPTED_PREDICTION_BOOK,6809625,6809625,2026-08-01T08:55:04.451517+00:00,2026-08-01T08:55:56.682178+00:00,52.230661,53,1341.786712
ACTIVE_MATCH,6809625,6809625,2026-08-01T08:55:57.688680+00:00,2026-08-01T08:59:58.428404+00:00,240.739724,238,1546.249068
NO_ACCEPTED_PREDICTION_BOOK,6809631,6809631,2026-08-01T09:00:04.428842+00:00,2026-08-01T09:00:06.181760+00:00,1.752918,3,104.524912
ACTIVE_MATCH,6809631,6809631,2026-08-01T09:00:07.171667+00:00,2026-08-01T09:00:45.605031+00:00,38.433364,39,888.453512
NO_ACCEPTED_PREDICTION_BOOK,6809631,6809631,2026-08-01T09:00:46.592449+00:00,2026-08-01T09:00:47.771834+00:00,1.179385,2,1724.592076
ACTIVE_MATCH,6809631,6809631,2026-08-01T09:00:48.614212+00:00,2026-08-01T09:02:39.264318+00:00,110.650106,110,1264.396092
NO_ACCEPTED_PREDICTION_BOOK,6809631,6809631,2026-08-01T09:02:48.335492+00:00,2026-08-01T09:04:04.831540+00:00,76.496048,77,1285.871012
ACTIVE_MATCH,6809631,6809631,2026-08-01T09:04:05.854055+00:00,2026-08-01T09:04:59.025785+00:00,53.17173,53,1272.837152
NO_ACCEPTED_PREDICTION_BOOK,6809644,6809644,2026-08-01T09:05:04.332390+00:00,2026-08-01T09:06:57.648630+00:00,113.31624,113,1380.974836
ACTIVE_MATCH,6809644,6809644,2026-08-01T09:06:58.625439+00:00,2026-08-01T09:09:58.230625+00:00,179.605186,177,1432.031348
NO_ACCEPTED_PREDICTION_BOOK,6809645,6809645,2026-08-01T09:10:05.016655+00:00,2026-08-01T09:11:02.253672+00:00,57.237017,57,1974.361808
ACTIVE_MATCH,6809645,6809645,2026-08-01T09:11:02.400016+00:00,2026-08-01T09:12:49.265459+00:00,106.865443,107,1435.950744
NO_ACCEPTED_PREDICTION_BOOK,6809645,6809645,2026-08-01T09:12:50.142734+00:00,2026-08-01T09:12:51.141441+00:00,0.998707,2,950.94202
ACTIVE_MATCH,6809645,6809645,2026-08-01T09:12:52.145674+00:00,2026-08-01T09:14:59.142621+00:00,126.996947,127,1238.003852
NO_ACCEPTED_PREDICTION_BOOK,6809676,6809676,2026-08-01T09:15:03.281050+00:00,2026-08-01T09:16:29.538241+00:00,86.257191,87,1521.23742
ACTIVE_MATCH,6809676,6809676,2026-08-01T09:16:30.537115+00:00,2026-08-01T09:19:58.407199+00:00,207.870084,207,1514.148716
NO_ACCEPTED_PREDICTION_BOOK,6809684,6809684,2026-08-01T09:20:05.235966+00:00,2026-08-01T09:20:06.064218+00:00,0.828252,2,40.055048
ACTIVE_MATCH,6809684,6809684,2026-08-01T09:20:07.070352+00:00,2026-08-01T09:20:19.131960+00:00,12.061608,13,116.949872
NO_ACCEPTED_PREDICTION_BOOK,6809684,6809684,2026-08-01T09:20:20.142042+00:00,2026-08-01T09:20:20.142042+00:00,0.0,1,111.052256
ACTIVE_MATCH,6809684,6809684,2026-08-01T09:20:21.134439+00:00,2026-08-01T09:20:34.212494+00:00,13.078055,14,125.481972
NO_ACCEPTED_PREDICTION_BOOK,6809684,6809684,2026-08-01T09:20:35.235739+00:00,2026-08-01T09:20:36.232660+00:00,0.996921,2,97.28562
ACTIVE_MATCH,6809684,6809684,2026-08-01T09:20:37.231218+00:00,2026-08-01T09:20:53.390228+00:00,16.15901,17,1387.871004
NO_ACCEPTED_PREDICTION_BOOK,6809684,6809684,2026-08-01T09:20:54.383317+00:00,2026-08-01T09:20:55.405041+00:00,1.021724,2,51.841696
ACTIVE_MATCH,6809684,6809684,2026-08-01T09:20:56.427583+00:00,2026-08-01T09:21:16.699851+00:00,20.272268,21,130.583
NO_ACCEPTED_PREDICTION_BOOK,6809684,6809684,2026-08-01T09:21:17.545719+00:00,2026-08-01T09:21:17.545719+00:00,0.0,1,11.887216
ACTIVE_MATCH,6809684,6809684,2026-08-01T09:21:18.557920+00:00,2026-08-01T09:23:48.652573+00:00,150.094653,150,1283.933708
NO_ACCEPTED_PREDICTION_BOOK,6809684,6809684,2026-08-01T09:23:49.672988+00:00,2026-08-01T09:23:50.666174+00:00,0.993186,2,1538.034796
ACTIVE_MATCH,6809684,6809684,2026-08-01T09:23:51.712518+00:00,2026-08-01T09:24:58.178854+00:00,66.466336,67,1165.289616
NO_ACCEPTED_PREDICTION_BOOK,6809688,6809688,2026-08-01T09:25:05.159908+00:00,2026-08-01T09:25:57.365286+00:00,52.205378,53,1199.543216
ACTIVE_MATCH,6809688,6809688,2026-08-01T09:25:58.389344+00:00,2026-08-01T09:29:59.138654+00:00,240.74931,240,1663.118256
NO_ACCEPTED_PREDICTION_BOOK,6809697,6809697,2026-08-01T09:30:02.761050+00:00,2026-08-01T09:30:56.623182+00:00,53.862132,55,1573.798716
ACTIVE_MATCH,6809697,6809697,2026-08-01T09:30:57.613329+00:00,2026-08-01T09:34:58.675842+00:00,241.062513,240,1466.876576
NO_ACCEPTED_PREDICTION_BOOK,6809698,6809698,2026-08-01T09:35:04.649404+00:00,2026-08-01T09:36:51.408318+00:00,106.758914,107,1536.213428
ACTIVE_MATCH,6809698,6809698,2026-08-01T09:36:52.455095+00:00,2026-08-01T09:39:58.760643+00:00,186.305548,186,1553.145964
MARKET_ID_MISMATCH,6809706,6809698,2026-08-01T09:40:04.800393+00:00,2026-08-01T09:40:04.800393+00:00,0.0,1,66.848884
NO_ACCEPTED_PREDICTION_BOOK,6809706,6809706,2026-08-01T09:40:05.654949+00:00,2026-08-01T09:40:57.203803+00:00,51.548854,52,1345.099084
ACTIVE_MATCH,6809706,6809706,2026-08-01T09:40:58.195774+00:00,2026-08-01T09:44:59.130670+00:00,240.934896,240,1575.446924
NO_ACCEPTED_PREDICTION_BOOK,6809712,6809712,2026-08-01T09:45:05.118312+00:00,2026-08-01T09:46:16.277897+00:00,71.159585,72,1503.995776
ACTIVE_MATCH,6809712,6809712,2026-08-01T09:46:17.266431+00:00,2026-08-01T09:49:58.819442+00:00,221.553011,221,1448.449608
NO_ACCEPTED_PREDICTION_BOOK,6809718,6809718,2026-08-01T09:50:04.977205+00:00,2026-08-01T09:51:16.269176+00:00,71.291971,72,1543.084148
ACTIVE_MATCH,6809718,6809718,2026-08-01T09:51:17.265683+00:00,2026-08-01T09:53:04.167522+00:00,106.901839,107,1350.969632
NO_ACCEPTED_PREDICTION_BOOK,6809718,6809718,2026-08-01T09:53:05.045237+00:00,2026-08-01T09:53:05.045237+00:00,0.0,1,99.755408
ACTIVE_MATCH,6809718,6809718,2026-08-01T09:53:06.029897+00:00,2026-08-01T09:54:58.778133+00:00,112.748236,113,1506.15764
NO_ACCEPTED_PREDICTION_BOOK,6809720,6809720,2026-08-01T09:55:30.837704+00:00,2026-08-01T09:55:30.837704+00:00,0.0,1,9.649064
ACTIVE_MATCH,6809720,6809720,2026-08-01T09:55:31.698336+00:00,2026-08-01T09:55:49.819137+00:00,18.120801,19,1300.475024
NO_ACCEPTED_PREDICTION_BOOK,6809720,6809720,2026-08-01T09:55:50.819443+00:00,2026-08-01T09:55:51.854063+00:00,1.03462,2,1061.333556
ACTIVE_MATCH,6809720,6809720,2026-08-01T09:55:52.838650+00:00,2026-08-01T09:59:58.660111+00:00,245.821461,245,1549.803812
NO_ACCEPTED_PREDICTION_BOOK,6809725,6809725,2026-08-01T10:00:04.430399+00:00,2026-08-01T10:01:00.564289+00:00,56.13389,57,1505.130776
ACTIVE_MATCH,6809725,6809725,2026-08-01T10:01:01.535043+00:00,2026-08-01T10:04:58.526334+00:00,236.991291,236,1560.407808
NO_ACCEPTED_PREDICTION_BOOK,6809732,6809732,2026-08-01T10:05:04.991555+00:00,2026-08-01T10:06:22.226746+00:00,77.235191,78,1225.925776
ACTIVE_MATCH,6809732,6809732,2026-08-01T10:06:23.253575+00:00,2026-08-01T10:09:18.642577+00:00,175.389002,175,1576.57886
NO_ACCEPTED_PREDICTION_BOOK,6809732,6809732,2026-08-01T10:09:19.681655+00:00,2026-08-01T10:09:20.800351+00:00,1.118696,2,46.994476
ACTIVE_MATCH,6809732,6809732,2026-08-01T10:09:21.663616+00:00,2026-08-01T10:09:58.966388+00:00,37.302772,38,1251.259816
NO_ACCEPTED_PREDICTION_BOOK,6809737,6809737,2026-08-01T10:10:04.211226+00:00,2026-08-01T10:11:26.585462+00:00,82.374236,83,1819.810024
ACTIVE_MATCH,6809737,6809737,2026-08-01T10:11:27.601016+00:00,2026-08-01T10:14:59.123409+00:00,211.522393,211,1594.622964
NO_ACCEPTED_PREDICTION_BOOK,6809738,6809738,2026-08-01T10:15:06.671964+00:00,2026-08-01T10:15:11.537889+00:00,4.865925,6,128.350224
ACTIVE_MATCH,6809738,6809738,2026-08-01T10:15:12.577714+00:00,2026-08-01T10:15:19.605095+00:00,7.027381,8,103.686312
NO_ACCEPTED_PREDICTION_BOOK,6809738,6809738,2026-08-01T10:15:20.654615+00:00,2026-08-01T10:15:20.654615+00:00,0.0,1,68.87314
ACTIVE_MATCH,6809738,6809738,2026-08-01T10:15:21.618788+00:00,2026-08-01T10:15:33.684712+00:00,12.065924,13,128.162236
NO_ACCEPTED_PREDICTION_BOOK,6809738,6809738,2026-08-01T10:15:34.674441+00:00,2026-08-01T10:15:34.674441+00:00,0.0,1,19.031484
ACTIVE_MATCH,6809738,6809738,2026-08-01T10:15:35.696413+00:00,2026-08-01T10:19:58.481030+00:00,262.784617,262,1628.941424
NO_ACCEPTED_PREDICTION_BOOK,6809748,6809748,2026-08-01T10:20:05.055981+00:00,2026-08-01T10:20:35.101357+00:00,30.045376,31,156.27298
ACTIVE_MATCH,6809748,6809748,2026-08-01T10:20:36.122494+00:00,2026-08-01T10:24:59.039451+00:00,262.916957,262,1723.852556
NO_ACCEPTED_PREDICTION_BOOK,6809753,6809753,2026-08-01T10:25:04.883033+00:00,2026-08-01T10:25:28.940218+00:00,24.057185,25,146.707688
ACTIVE_MATCH,6809753,6809753,2026-08-01T10:25:29.947752+00:00,2026-08-01T10:28:50.523574+00:00,200.575822,200,1391.31324
NO_ACCEPTED_PREDICTION_BOOK,6809753,6809753,2026-08-01T10:28:51.545585+00:00,2026-08-01T10:28:52.546248+00:00,1.000663,2,1069.835004
ACTIVE_MATCH,6809753,6809753,2026-08-01T10:28:53.576093+00:00,2026-08-01T10:29:59.096846+00:00,65.520753,66,1540.14106
NO_ACCEPTED_PREDICTION_BOOK,6809758,6809758,2026-08-01T10:30:04.998976+00:00,2026-08-01T10:30:36.118536+00:00,31.11956,32,164.65738
ACTIVE_MATCH,6809758,6809758,2026-08-01T10:30:37.121976+00:00,2026-08-01T10:32:45.146862+00:00,128.024886,128,1486.080516
NO_ACCEPTED_PREDICTION_BOOK,6809758,6809758,2026-08-01T10:32:46.162526+00:00,2026-08-01T10:32:48.163421+00:00,2.000895,3,99.689248
ACTIVE_MATCH,6809758,6809758,2026-08-01T10:32:49.301354+00:00,2026-08-01T10:33:50.677573+00:00,61.376219,62,1492.353352
NO_ACCEPTED_PREDICTION_BOOK,6809758,6809758,2026-08-01T10:33:51.640148+00:00,2026-08-01T10:33:52.657486+00:00,1.017338,2,1048.881932
ACTIVE_MATCH,6809758,6809758,2026-08-01T10:33:53.648510+00:00,2026-08-01T10:34:20.103280+00:00,26.45477,27,143.95118
NO_ACCEPTED_PREDICTION_BOOK,6809758,6809758,2026-08-01T10:34:20.976056+00:00,2026-08-01T10:34:20.976056+00:00,0.0,1,18.301764
ACTIVE_MATCH,6809758,6809758,2026-08-01T10:34:21.983040+00:00,2026-08-01T10:34:58.213276+00:00,36.230236,37,1571.06646
NO_ACCEPTED_PREDICTION_BOOK,6809763,6809763,2026-08-01T10:35:03.102078+00:00,2026-08-01T10:36:30.123143+00:00,87.021065,88,1482.853044
ACTIVE_MATCH,6809763,6809763,2026-08-01T10:36:31.118143+00:00,2026-08-01T10:39:58.737604+00:00,207.619461,207,1469.947592
NO_ACCEPTED_PREDICTION_BOOK,6809767,6809767,2026-08-01T10:40:02.834157+00:00,2026-08-01T10:41:16.942869+00:00,74.108712,75,1143.20852
ACTIVE_MATCH,6809767,6809767,2026-08-01T10:41:18.078425+00:00,2026-08-01T10:44:58.568249+00:00,220.489824,220,1628.366744
NO_ACCEPTED_PREDICTION_BOOK,6809772,6809772,2026-08-01T10:45:03.033761+00:00,2026-08-01T10:46:38.125059+00:00,95.091298,96,1123.619292
ACTIVE_MATCH,6809772,6809772,2026-08-01T10:46:39.133787+00:00,2026-08-01T10:47:50.632222+00:00,71.498435,72,1632.30748
NO_ACCEPTED_PREDICTION_BOOK,6809772,6809772,2026-08-01T10:47:51.640149+00:00,2026-08-01T10:47:52.650034+00:00,1.009885,2,1283.588808
ACTIVE_MATCH,6809772,6809772,2026-08-01T10:47:53.652146+00:00,2026-08-01T10:49:58.558006+00:00,124.90586,125,1616.509704
NO_ACCEPTED_PREDICTION_BOOK,6809776,6809776,2026-08-01T10:50:05.456888+00:00,2026-08-01T10:51:06.986746+00:00,61.529858,62,1227.366628
ACTIVE_MATCH,6809776,6809776,2026-08-01T10:51:07.987496+00:00,2026-08-01T10:51:36.179962+00:00,28.192466,29,159.373436
NO_ACCEPTED_PREDICTION_BOOK,6809776,6809776,2026-08-01T10:51:37.185317+00:00,2026-08-01T10:51:37.185317+00:00,0.0,1,65.19432
ACTIVE_MATCH,6809776,6809776,2026-08-01T10:51:38.201250+00:00,2026-08-01T10:54:58.721141+00:00,200.519891,200,1637.36512
NO_ACCEPTED_PREDICTION_BOOK,6809781,6809781,2026-08-01T10:55:05.284927+00:00,2026-08-01T10:55:13.250623+00:00,7.965696,9,116.843648
ACTIVE_MATCH,6809781,6809781,2026-08-01T10:55:14.245961+00:00,2026-08-01T10:55:17.251912+00:00,3.005951,4,109.27672
NO_ACCEPTED_PREDICTION_BOOK,6809781,6809781,2026-08-01T10:55:18.419010+00:00,2026-08-01T10:55:23.367055+00:00,4.948045,6,131.275888
ACTIVE_MATCH,6809781,6809781,2026-08-01T10:55:24.370466+00:00,2026-08-01T10:55:30.373870+00:00,6.003404,7,147.856192
NO_ACCEPTED_PREDICTION_BOOK,6809781,6809781,2026-08-01T10:55:31.372797+00:00,2026-08-01T10:55:34.379183+00:00,3.006386,4,100.453628
ACTIVE_MATCH,6809781,6809781,2026-08-01T10:55:35.408284+00:00,2026-08-01T10:59:59.343228+00:00,263.934944,262,1677.302208
NO_ACCEPTED_PREDICTION_BOOK,6809784,6809784,2026-08-01T11:00:05.405989+00:00,2026-08-01T11:01:52.378158+00:00,106.972169,108,1512.028712
ACTIVE_MATCH,6809784,6809784,2026-08-01T11:01:53.387588+00:00,2026-08-01T11:04:58.733423+00:00,185.345835,185,1535.4586
NO_ACCEPTED_PREDICTION_BOOK,6809796,6809796,2026-08-01T11:05:02.867403+00:00,2026-08-01T11:06:03.837414+00:00,60.970011,62,1521.723208
ACTIVE_MATCH,6809796,6809796,2026-08-01T11:06:04.843092+00:00,2026-08-01T11:09:58.579010+00:00,233.735918,233,1734.556588
NO_ACCEPTED_PREDICTION_BOOK,6809799,6809799,2026-08-01T11:10:05.285202+00:00,2026-08-01T11:10:56.485062+00:00,51.19986,52,1999.748796
ACTIVE_MATCH,6809799,6809799,2026-08-01T11:10:57.476463+00:00,2026-08-01T11:14:58.442976+00:00,240.966513,240,1463.766936
NO_ACCEPTED_PREDICTION_BOOK,6809805,6809805,2026-08-01T11:15:03.019575+00:00,2026-08-01T11:15:06.408111+00:00,3.388536,5,133.796616
ACTIVE_MATCH,6809805,6809805,2026-08-01T11:15:07.384256+00:00,2026-08-01T11:15:11.424764+00:00,4.040508,5,121.018352
NO_ACCEPTED_PREDICTION_BOOK,6809805,6809805,2026-08-01T11:15:12.444895+00:00,2026-08-01T11:15:18.477228+00:00,6.032333,7,139.249424
ACTIVE_MATCH,6809805,6809805,2026-08-01T11:15:19.487463+00:00,2026-08-01T11:15:24.502497+00:00,5.015034,6,121.064224
NO_ACCEPTED_PREDICTION_BOOK,6809805,6809805,2026-08-01T11:15:25.509609+00:00,2026-08-01T11:15:25.509609+00:00,0.0,1,102.30786
ACTIVE_MATCH,6809805,6809805,2026-08-01T11:15:26.505426+00:00,2026-08-01T11:19:58.418531+00:00,271.913105,271,1680.452756
NO_ACCEPTED_PREDICTION_BOOK,6809810,6809810,2026-08-01T11:20:05.036968+00:00,2026-08-01T11:20:06.933307+00:00,1.896339,3,149.89092
ACTIVE_MATCH,6809810,6809810,2026-08-01T11:20:07.936771+00:00,2026-08-01T11:20:24.039818+00:00,16.103047,17,157.70254
NO_ACCEPTED_PREDICTION_BOOK,6809810,6809810,2026-08-01T11:20:25.166199+00:00,2026-08-01T11:20:25.166199+00:00,0.0,1,83.21674
ACTIVE_MATCH,6809810,6809810,2026-08-01T11:20:26.246106+00:00,2026-08-01T11:20:51.255553+00:00,25.009447,26,1030.119624
NO_ACCEPTED_PREDICTION_BOOK,6809810,6809810,2026-08-01T11:20:52.266821+00:00,2026-08-01T11:20:53.265072+00:00,0.998251,2,1199.616636
ACTIVE_MATCH,6809810,6809810,2026-08-01T11:20:54.276323+00:00,2026-08-01T11:21:21.484532+00:00,27.208209,28,144.61122
NO_ACCEPTED_PREDICTION_BOOK,6809810,6809810,2026-08-01T11:21:22.499871+00:00,2026-08-01T11:21:22.499871+00:00,0.0,1,83.071624
ACTIVE_MATCH,6809810,6809810,2026-08-01T11:21:23.485219+00:00,2026-08-01T11:24:51.916678+00:00,208.431459,208,1633.909988
NO_ACCEPTED_PREDICTION_BOOK,6809810,6809810,2026-08-01T11:24:52.959026+00:00,2026-08-01T11:24:52.959026+00:00,0.0,1,843.467024
ACTIVE_MATCH,6809810,6809810,2026-08-01T11:24:53.934331+00:00,2026-08-01T11:24:58.997511+00:00,5.06318,6,127.60752
NO_ACCEPTED_PREDICTION_BOOK,6809816,6809816,2026-08-01T11:25:04.914679+00:00,2026-08-01T11:25:11.785612+00:00,6.870933,8,143.299444
ACTIVE_MATCH,6809816,6809816,2026-08-01T11:25:12.772292+00:00,2026-08-01T11:25:40.973711+00:00,28.201419,29,151.910272
NO_ACCEPTED_PREDICTION_BOOK,6809816,6809816,2026-08-01T11:25:41.975752+00:00,2026-08-01T11:25:42.981401+00:00,1.005649,2,108.458192
ACTIVE_MATCH,6809816,6809816,2026-08-01T11:25:43.985434+00:00,2026-08-01T11:25:51.052706+00:00,7.067272,8,670.744548
NO_ACCEPTED_PREDICTION_BOOK,6809816,6809816,2026-08-01T11:25:52.088814+00:00,2026-08-01T11:25:54.065307+00:00,1.976493,3,1382.38652
ACTIVE_MATCH,6809816,6809816,2026-08-01T11:25:55.082606+00:00,2026-08-01T11:26:20.229029+00:00,25.146423,26,137.672064
NO_ACCEPTED_PREDICTION_BOOK,6809816,6809816,2026-08-01T11:26:21.248332+00:00,2026-08-01T11:26:21.248332+00:00,0.0,1,111.052768
ACTIVE_MATCH,6809816,6809816,2026-08-01T11:26:22.289796+00:00,2026-08-01T11:26:59.515427+00:00,37.225631,38,1149.533656
NO_ACCEPTED_PREDICTION_BOOK,6809816,6809816,2026-08-01T11:27:00.518722+00:00,2026-08-01T11:27:03.671788+00:00,3.153066,4,143.753432
ACTIVE_MATCH,6809816,6809816,2026-08-01T11:27:04.575417+00:00,2026-08-01T11:27:23.657704+00:00,19.082287,20,123.480808
NO_ACCEPTED_PREDICTION_BOOK,6809816,6809816,2026-08-01T11:27:24.691687+00:00,2026-08-01T11:27:25.665978+00:00,0.974291,2,59.222144
ACTIVE_MATCH,6809816,6809816,2026-08-01T11:27:26.696701+00:00,2026-08-01T11:27:45.818662+00:00,19.121961,20,150.680272
NO_ACCEPTED_PREDICTION_BOOK,6809816,6809816,2026-08-01T11:27:46.835654+00:00,2026-08-01T11:27:46.835654+00:00,0.0,1,151.668256
ACTIVE_MATCH,6809816,6809816,2026-08-01T11:27:47.823615+00:00,2026-08-01T11:27:56.873120+00:00,9.049505,10,1552.62562
NO_ACCEPTED_PREDICTION_BOOK,6809816,6809816,2026-08-01T11:27:57.898826+00:00,2026-08-01T11:27:57.898826+00:00,0.0,1,54.243116
ACTIVE_MATCH,6809816,6809816,2026-08-01T11:27:58.911118+00:00,2026-08-01T11:28:40.201043+00:00,41.289925,42,164.66118
NO_ACCEPTED_PREDICTION_BOOK,6809816,6809816,2026-08-01T11:28:41.188191+00:00,2026-08-01T11:28:42.211158+00:00,1.022967,2,127.528016
ACTIVE_MATCH,6809816,6809816,2026-08-01T11:28:43.227249+00:00,2026-08-01T11:28:51.269748+00:00,8.042499,9,896.113668
NO_ACCEPTED_PREDICTION_BOOK,6809816,6809816,2026-08-01T11:28:52.301268+00:00,2026-08-01T11:28:53.352968+00:00,1.0517,2,1269.512076
ACTIVE_MATCH,6809816,6809816,2026-08-01T11:28:54.304546+00:00,2026-08-01T11:29:08.405977+00:00,14.101431,15,139.016428
NO_ACCEPTED_PREDICTION_BOOK,6809816,6809816,2026-08-01T11:29:09.388302+00:00,2026-08-01T11:29:09.388302+00:00,0.0,1,103.13768
ACTIVE_MATCH,6809816,6809816,2026-08-01T11:29:10.434836+00:00,2026-08-01T11:29:22.515368+00:00,12.080532,13,153.958836
NO_ACCEPTED_PREDICTION_BOOK,6809816,6809816,2026-08-01T11:29:23.535111+00:00,2026-08-01T11:29:27.556735+00:00,4.021624,5,132.736132
ACTIVE_MATCH,6809816,6809816,2026-08-01T11:29:28.540375+00:00,2026-08-01T11:29:51.688136+00:00,23.147761,24,1435.005192
NO_ACCEPTED_PREDICTION_BOOK,6809816,6809816,2026-08-01T11:29:52.706789+00:00,2026-08-01T11:29:53.731590+00:00,1.024801,2,962.09748
ACTIVE_MATCH,6809816,6809816,2026-08-01T11:29:54.724855+00:00,2026-08-01T11:29:58.758845+00:00,4.03399,5,157.436388
NO_ACCEPTED_PREDICTION_BOOK,6809821,6809821,2026-08-01T11:30:04.878905+00:00,2026-08-01T11:31:14.203646+00:00,69.324741,70,1756.43268
ACTIVE_MATCH,6809821,6809821,2026-08-01T11:31:15.217791+00:00,2026-08-01T11:34:59.064636+00:00,223.846845,223,1652.377724
NO_ACCEPTED_PREDICTION_BOOK,6809824,6809824,2026-08-01T11:35:04.430675+00:00,2026-08-01T11:35:20.375362+00:00,15.944687,17,122.036072
ACTIVE_MATCH,6809824,6809824,2026-08-01T11:35:21.399213+00:00,2026-08-01T11:39:58.332125+00:00,276.932912,276,1823.422976
NO_ACCEPTED_PREDICTION_BOOK,6809842,6809842,2026-08-01T11:40:04.318499+00:00,2026-08-01T11:40:42.377636+00:00,38.059137,39,143.387708
ACTIVE_MATCH,6809842,6809842,2026-08-01T11:40:43.391541+00:00,2026-08-01T11:44:58.401570+00:00,255.010029,254,1613.394816
NO_ACCEPTED_PREDICTION_BOOK,6809848,6809848,2026-08-01T11:45:04.761366+00:00,2026-08-01T11:45:37.845623+00:00,33.084257,34,141.940308
ACTIVE_MATCH,6809848,6809848,2026-08-01T11:45:38.838662+00:00,2026-08-01T11:46:04.006278+00:00,25.167616,26,1395.456876
NO_ACCEPTED_PREDICTION_BOOK,6809848,6809848,2026-08-01T11:46:05.006196+00:00,2026-08-01T11:46:06.012685+00:00,1.006489,2,129.390968
ACTIVE_MATCH,6809848,6809848,2026-08-01T11:46:07.002369+00:00,2026-08-01T11:49:08.328427+00:00,181.326058,181,1555.103592
NO_ACCEPTED_PREDICTION_BOOK,6809848,6809848,2026-08-01T11:49:09.324561+00:00,2026-08-01T11:49:09.324561+00:00,0.0,1,49.579748
ACTIVE_MATCH,6809848,6809848,2026-08-01T11:49:10.331834+00:00,2026-08-01T11:49:58.649349+00:00,48.317515,49,1263.771976
NO_ACCEPTED_PREDICTION_BOOK,6809850,6809850,2026-08-01T11:50:02.928153+00:00,2026-08-01T11:51:12.313416+00:00,69.385263,70,1359.25408
ACTIVE_MATCH,6809850,6809850,2026-08-01T11:51:13.287855+00:00,2026-08-01T11:54:59.190331+00:00,225.902476,225,1525.448196
NO_ACCEPTED_PREDICTION_BOOK,6809853,6809853,2026-08-01T11:55:04.437846+00:00,2026-08-01T11:56:21.756814+00:00,77.318968,78,1581.363036
ACTIVE_MATCH,6809853,6809853,2026-08-01T11:56:22.752798+00:00,2026-08-01T11:56:51.969665+00:00,29.216867,30,1216.579124
NO_ACCEPTED_PREDICTION_BOOK,6809853,6809853,2026-08-01T11:56:53.004278+00:00,2026-08-01T11:56:53.996114+00:00,0.991836,2,1041.414484
ACTIVE_MATCH,6809853,6809853,2026-08-01T11:56:54.988589+00:00,2026-08-01T11:59:58.503025+00:00,183.514436,183,1620.57166
NO_ACCEPTED_PREDICTION_BOOK,6809857,6809857,2026-08-01T12:00:04.695692+00:00,2026-08-01T12:00:56.768911+00:00,52.073219,53,1426.499564
ACTIVE_MATCH,6809857,6809857,2026-08-01T12:00:57.730713+00:00,2026-08-01T12:04:58.635303+00:00,240.90459,240,1484.805416
NO_ACCEPTED_PREDICTION_BOOK,6809864,6809864,2026-08-01T12:05:02.796393+00:00,2026-08-01T12:05:05.300165+00:00,2.503772,4,128.35244
ACTIVE_MATCH,6809864,6809864,2026-08-01T12:05:06.336949+00:00,2026-08-01T12:05:13.377910+00:00,7.040961,8,128.285856
NO_ACCEPTED_PREDICTION_BOOK,6809864,6809864,2026-08-01T12:05:14.382212+00:00,2026-08-01T12:05:17.546299+00:00,3.164087,4,132.698328
ACTIVE_MATCH,6809864,6809864,2026-08-01T12:05:18.425507+00:00,2026-08-01T12:08:44.814755+00:00,206.389248,206,1438.035764
NO_ACCEPTED_PREDICTION_BOOK,6809864,6809864,2026-08-01T12:08:45.817524+00:00,2026-08-01T12:08:45.817524+00:00,0.0,1,117.702668
ACTIVE_MATCH,6809864,6809864,2026-08-01T12:08:46.805276+00:00,2026-08-01T12:09:58.365405+00:00,71.560129,72,1561.091316
NO_ACCEPTED_PREDICTION_BOOK,6809872,6809872,2026-08-01T12:10:04.717411+00:00,2026-08-01T12:11:23.258917+00:00,78.541506,79,1727.428172
ACTIVE_MATCH,6809872,6809872,2026-08-01T12:11:24.255378+00:00,2026-08-01T12:14:33.968364+00:00,189.712986,189,1580.204764
NO_ACCEPTED_PREDICTION_BOOK,6809872,6809872,2026-08-01T12:14:35.186816+00:00,2026-08-01T12:14:59.134793+00:00,23.947977,25,1470.095132
NO_ACCEPTED_PREDICTION_BOOK,6809873,6809873,2026-08-01T12:15:04.680921+00:00,2026-08-01T12:15:58.078387+00:00,53.397466,54,1611.631636
ACTIVE_MATCH,6809873,6809873,2026-08-01T12:15:59.054239+00:00,2026-08-01T12:19:58.873115+00:00,239.818876,239,1538.956412
NO_ACCEPTED_PREDICTION_BOOK,6809901,6809901,2026-08-01T12:20:04.686112+00:00,2026-08-01T12:20:06.512691+00:00,1.826579,3,127.531344
ACTIVE_MATCH,6809901,6809901,2026-08-01T12:20:07.520727+00:00,2026-08-01T12:20:11.560718+00:00,4.039991,5,71.329128
NO_ACCEPTED_PREDICTION_BOOK,6809901,6809901,2026-08-01T12:20:12.562079+00:00,2026-08-01T12:20:12.562079+00:00,0.0,1,91.325376
ACTIVE_MATCH,6809901,6809901,2026-08-01T12:20:13.586165+00:00,2026-08-01T12:20:37.790873+00:00,24.204708,25,124.905052
NO_ACCEPTED_PREDICTION_BOOK,6809901,6809901,2026-08-01T12:20:38.773114+00:00,2026-08-01T12:20:38.773114+00:00,0.0,1,66.517256
ACTIVE_MATCH,6809901,6809901,2026-08-01T12:20:39.797834+00:00,2026-08-01T12:24:58.695136+00:00,258.897302,258,1455.3563
NO_ACCEPTED_PREDICTION_BOOK,6809902,6809902,2026-08-01T12:25:02.881287+00:00,2026-08-01T12:25:03.419651+00:00,0.538364,2,28.868572
ACTIVE_MATCH,6809902,6809902,2026-08-01T12:25:04.418633+00:00,2026-08-01T12:25:17.672579+00:00,13.253946,14,133.597012
NO_ACCEPTED_PREDICTION_BOOK,6809902,6809902,2026-08-01T12:25:18.525610+00:00,2026-08-01T12:25:18.525610+00:00,0.0,1,66.728584
ACTIVE_MATCH,6809902,6809902,2026-08-01T12:25:19.534060+00:00,2026-08-01T12:29:58.730689+00:00,279.196629,278,1543.442268
NO_ACCEPTED_PREDICTION_BOOK,6809910,6809910,2026-08-01T12:30:04.412797+00:00,2026-08-01T12:30:54.114748+00:00,49.701951,51,1508.044572
ACTIVE_MATCH,6809910,6809910,2026-08-01T12:30:55.125723+00:00,2026-08-01T12:34:58.887294+00:00,243.761571,243,1573.41174
NO_ACCEPTED_PREDICTION_BOOK,6809914,6809914,2026-08-01T12:35:05.179685+00:00,2026-08-01T12:35:34.222612+00:00,29.042927,30,162.160544
ACTIVE_MATCH,6809914,6809914,2026-08-01T12:35:35.227373+00:00,2026-08-01T12:35:39.257025+00:00,4.029652,5,133.086968
NO_ACCEPTED_PREDICTION_BOOK,6809914,6809914,2026-08-01T12:35:40.276755+00:00,2026-08-01T12:35:46.330413+00:00,6.053658,7,115.038828
ACTIVE_MATCH,6809914,6809914,2026-08-01T12:35:47.319437+00:00,2026-08-01T12:39:59.073152+00:00,251.753715,251,1590.183548
NO_ACCEPTED_PREDICTION_BOOK,6809915,6809915,2026-08-01T12:40:04.864312+00:00,2026-08-01T12:40:19.812819+00:00,14.948507,16,126.049576
ACTIVE_MATCH,6809915,6809915,2026-08-01T12:40:20.893266+00:00,2026-08-01T12:40:34.939195+00:00,14.045929,15,120.06478
NO_ACCEPTED_PREDICTION_BOOK,6809915,6809915,2026-08-01T12:40:35.921464+00:00,2026-08-01T12:40:38.982247+00:00,3.060783,4,131.714132
ACTIVE_MATCH,6809915,6809915,2026-08-01T12:40:39.982672+00:00,2026-08-01T12:41:52.422578+00:00,72.439906,73,1256.00074
NO_ACCEPTED_PREDICTION_BOOK,6809915,6809915,2026-08-01T12:41:53.418960+00:00,2026-08-01T12:41:54.440295+00:00,1.021335,2,1528.655572
ACTIVE_MATCH,6809915,6809915,2026-08-01T12:41:55.445592+00:00,2026-08-01T12:44:58.723903+00:00,183.278311,183,1489.189916
NO_ACCEPTED_PREDICTION_BOOK,6809924,6809924,2026-08-01T12:45:05.114691+00:00,2026-08-01T12:45:08.978252+00:00,3.863561,5,126.811936
ACTIVE_MATCH,6809924,6809924,2026-08-01T12:45:10.002305+00:00,2026-08-01T12:45:35.140066+00:00,25.137761,26,144.02738
NO_ACCEPTED_PREDICTION_BOOK,6809924,6809924,2026-08-01T12:45:36.159344+00:00,2026-08-01T12:45:36.159344+00:00,0.0,1,74.444828
ACTIVE_MATCH,6809924,6809924,2026-08-01T12:45:37.154942+00:00,2026-08-01T12:49:53.057456+00:00,255.902514,255,1597.464232
NO_ACCEPTED_PREDICTION_BOOK,6809924,6809924,2026-08-01T12:49:54.063432+00:00,2026-08-01T12:49:55.062279+00:00,0.998847,2,1181.223764
ACTIVE_MATCH,6809924,6809924,2026-08-01T12:49:56.076123+00:00,2026-08-01T12:49:59.111664+00:00,3.035541,4,87.518572
NO_ACCEPTED_PREDICTION_BOOK,6809930,6809930,2026-08-01T12:50:05.055811+00:00,2026-08-01T12:51:05.511828+00:00,60.456017,61,1340.383148
ACTIVE_MATCH,6809930,6809930,2026-08-01T12:51:06.493257+00:00,2026-08-01T12:54:58.254481+00:00,231.761224,231,1555.027788
NO_ACCEPTED_PREDICTION_BOOK,6809939,6809939,2026-08-01T12:55:04.759769+00:00,2026-08-01T12:55:31.831732+00:00,27.071963,28,128.347276
ACTIVE_MATCH,6809939,6809939,2026-08-01T12:55:33.002252+00:00,2026-08-01T12:59:58.774534+00:00,265.772282,265,1608.808432
NO_ACCEPTED_PREDICTION_BOOK,6809946,6809946,2026-08-01T13:00:04.978527+00:00,2026-08-01T13:00:20.136293+00:00,15.157766,15,110.118504
ACTIVE_MATCH,6809946,6809946,2026-08-01T13:00:21.154070+00:00,2026-08-01T13:00:26.172691+00:00,5.018621,6,122.7165
NO_ACCEPTED_PREDICTION_BOOK,6809946,6809946,2026-08-01T13:00:27.185789+00:00,2026-08-01T13:00:29.224404+00:00,2.038615,3,122.736724
ACTIVE_MATCH,6809946,6809946,2026-08-01T13:00:30.203695+00:00,2026-08-01T13:00:53.393851+00:00,23.190156,24,1303.248936
NO_ACCEPTED_PREDICTION_BOOK,6809946,6809946,2026-08-01T13:00:54.415009+00:00,2026-08-01T13:00:55.427570+00:00,1.012561,2,965.054176
ACTIVE_MATCH,6809946,6809946,2026-08-01T13:00:56.438519+00:00,2026-08-01T13:03:53.740834+00:00,177.302315,177,1547.22256
NO_ACCEPTED_PREDICTION_BOOK,6809946,6809946,2026-08-01T13:03:54.728760+00:00,2026-08-01T13:03:54.728760+00:00,0.0,1,878.013336
ACTIVE_MATCH,6809946,6809946,2026-08-01T13:03:55.753818+00:00,2026-08-01T13:04:58.226710+00:00,62.472892,63,1488.64234
NO_ACCEPTED_PREDICTION_BOOK,6809951,6809951,2026-08-01T13:05:05.002618+00:00,2026-08-01T13:06:02.369711+00:00,57.367093,58,1256.06764
ACTIVE_MATCH,6809951,6809951,2026-08-01T13:06:03.361816+00:00,2026-08-01T13:09:59.141086+00:00,235.77927,235,1556.622192
NO_ACCEPTED_PREDICTION_BOOK,6809956,6809956,2026-08-01T13:10:04.546202+00:00,2026-08-01T13:10:08.363417+00:00,3.817215,5,167.133244
ACTIVE_MATCH,6809956,6809956,2026-08-01T13:10:09.379095+00:00,2026-08-01T13:14:58.402461+00:00,289.023366,288,2150.550164
NO_ACCEPTED_PREDICTION_BOOK,6809961,6809961,2026-08-01T13:15:04.581451+00:00,2026-08-01T13:16:09.988708+00:00,65.407257,66,1320.686744
ACTIVE_MATCH,6809961,6809961,2026-08-01T13:16:10.998041+00:00,2026-08-01T13:19:58.687693+00:00,227.689652,227,1518.278188
MARKET_ID_MISMATCH,6809971,6809961,2026-08-01T13:20:03.769980+00:00,2026-08-01T13:20:03.769980+00:00,0.0,1,26.133996
NO_ACCEPTED_PREDICTION_BOOK,6809971,6809971,2026-08-01T13:20:04.153463+00:00,2026-08-01T13:20:05.167036+00:00,1.013573,2,76.712084
ACTIVE_MATCH,6809971,6809971,2026-08-01T13:20:06.167618+00:00,2026-08-01T13:20:19.230117+00:00,13.062499,14,120.141552
NO_ACCEPTED_PREDICTION_BOOK,6809971,6809971,2026-08-01T13:20:20.242782+00:00,2026-08-01T13:20:22.259187+00:00,2.016405,3,73.945092
ACTIVE_MATCH,6809971,6809971,2026-08-01T13:20:23.293247+00:00,2026-08-01T13:20:40.432301+00:00,17.139054,18,157.995852
NO_ACCEPTED_PREDICTION_BOOK,6809971,6809971,2026-08-01T13:20:41.415418+00:00,2026-08-01T13:20:41.415418+00:00,0.0,1,38.404456
ACTIVE_MATCH,6809971,6809971,2026-08-01T13:20:42.420331+00:00,2026-08-01T13:24:58.195564+00:00,255.775233,255,1619.362108
NO_ACCEPTED_PREDICTION_BOOK,6809979,6809979,2026-08-01T13:25:04.767988+00:00,2026-08-01T13:25:55.938763+00:00,51.170775,52,1114.756464
ACTIVE_MATCH,6809979,6809979,2026-08-01T13:25:56.931702+00:00,2026-08-01T13:29:58.762216+00:00,241.830514,241,1514.070028
NO_ACCEPTED_PREDICTION_BOOK,6809984,6809984,2026-08-01T13:30:04.728213+00:00,2026-08-01T13:30:07.646508+00:00,2.918295,4,116.579032
ACTIVE_MATCH,6809984,6809984,2026-08-01T13:30:08.677475+00:00,2026-08-01T13:30:37.863909+00:00,29.186434,30,137.640132
NO_ACCEPTED_PREDICTION_BOOK,6809984,6809984,2026-08-01T13:30:38.900326+00:00,2026-08-01T13:30:44.924938+00:00,6.024612,7,113.861284
ACTIVE_MATCH,6809984,6809984,2026-08-01T13:30:45.907197+00:00,2026-08-01T13:34:58.887464+00:00,252.980267,252,1526.228092
NO_ACCEPTED_PREDICTION_BOOK,6809988,6809988,2026-08-01T13:35:04.852991+00:00,2026-08-01T13:35:17.849494+00:00,12.996503,14,161.083416
ACTIVE_MATCH,6809988,6809988,2026-08-01T13:35:18.728637+00:00,2026-08-01T13:39:58.750959+00:00,280.022322,279,1582.108256
NO_ACCEPTED_PREDICTION_BOOK,6809989,6809989,2026-08-01T13:40:04.330076+00:00,2026-08-01T13:41:06.515435+00:00,62.185359,63,1485.353012
ACTIVE_MATCH,6809989,6809989,2026-08-01T13:41:07.491031+00:00,2026-08-01T13:44:59.137591+00:00,231.64656,231,1658.872016
NO_ACCEPTED_PREDICTION_BOOK,6809993,6809993,2026-08-01T13:45:04.529016+00:00,2026-08-01T13:45:09.431016+00:00,4.902,6,135.961976
ACTIVE_MATCH,6809993,6809993,2026-08-01T13:45:10.449433+00:00,2026-08-01T13:45:13.471555+00:00,3.022122,4,124.742824
NO_ACCEPTED_PREDICTION_BOOK,6809993,6809993,2026-08-01T13:45:14.479687+00:00,2026-08-01T13:45:16.482215+00:00,2.002528,3,93.859388
ACTIVE_MATCH,6809993,6809993,2026-08-01T13:45:17.494282+00:00,2026-08-01T13:49:58.865920+00:00,281.371638,280,1649.631876
NO_ACCEPTED_PREDICTION_BOOK,6810011,6810011,2026-08-01T13:50:05.099822+00:00,2026-08-01T13:51:13.216488+00:00,68.116666,69,1272.230884
ACTIVE_MATCH,6810011,6810011,2026-08-01T13:51:14.242555+00:00,2026-08-01T13:54:59.027763+00:00,224.785208,224,1510.84538
NO_ACCEPTED_PREDICTION_BOOK,6810022,6810022,2026-08-01T13:55:30.431679+00:00,2026-08-01T13:55:38.291360+00:00,7.859681,9,117.7188
ACTIVE_MATCH,6810022,6810022,2026-08-01T13:55:39.301340+00:00,2026-08-01T13:59:59.177376+00:00,259.876036,259,1669.113128
NO_ACCEPTED_PREDICTION_BOOK,6810025,6810025,2026-08-01T14:00:05.141787+00:00,2026-08-01T14:01:36.379823+00:00,91.238036,91,1620.125184
ACTIVE_MATCH,6810025,6810025,2026-08-01T14:01:37.380450+00:00,2026-08-01T14:04:58.409116+00:00,201.028666,200,1493.7666
NO_ACCEPTED_PREDICTION_BOOK,6810038,6810038,2026-08-01T14:05:05.269421+00:00,2026-08-01T14:05:12.171804+00:00,6.902383,8,130.769484
ACTIVE_MATCH,6810038,6810038,2026-08-01T14:05:13.126449+00:00,2026-08-01T14:05:29.257787+00:00,16.131338,17,136.647792
NO_ACCEPTED_PREDICTION_BOOK,6810038,6810038,2026-08-01T14:05:30.308056+00:00,2026-08-01T14:05:30.308056+00:00,0.0,1,38.307336
ACTIVE_MATCH,6810038,6810038,2026-08-01T14:05:31.286046+00:00,2026-08-01T14:09:58.368224+00:00,267.082178,266,1677.298504
NO_ACCEPTED_PREDICTION_BOOK,6810045,6810045,2026-08-01T14:10:05.127333+00:00,2026-08-01T14:10:08.989104+00:00,3.861771,5,106.635
ACTIVE_MATCH,6810045,6810045,2026-08-01T14:10:09.987655+00:00,2026-08-01T14:14:55.239102+00:00,285.251447,284,1831.58204
NO_ACCEPTED_PREDICTION_BOOK,6810045,6810045,2026-08-01T14:14:56.237223+00:00,2026-08-01T14:14:57.235154+00:00,0.997931,2,954.999588
ACTIVE_MATCH,6810045,6810045,2026-08-01T14:14:58.276254+00:00,2026-08-01T14:14:58.276254+00:00,0.0,1,32.271852
NO_ACCEPTED_PREDICTION_BOOK,6810051,6810051,2026-08-01T14:15:04.714683+00:00,2026-08-01T14:16:05.168092+00:00,60.453409,61,1239.521576
ACTIVE_MATCH,6810051,6810051,2026-08-01T14:16:06.152275+00:00,2026-08-01T14:16:50.489340+00:00,44.337065,45,154.7672
NO_ACCEPTED_PREDICTION_BOOK,6810051,6810051,2026-08-01T14:16:59.360654+00:00,2026-08-01T14:18:18.925665+00:00,79.565011,80,1384.80596
ACTIVE_MATCH,6810051,6810051,2026-08-01T14:18:19.912355+00:00,2026-08-01T14:19:58.604061+00:00,98.691706,99,1635.459936
NO_ACCEPTED_PREDICTION_BOOK,6810058,6810058,2026-08-01T14:20:04.245125+00:00,2026-08-01T14:21:37.746203+00:00,93.501078,94,1478.925116
ACTIVE_MATCH,6810058,6810058,2026-08-01T14:21:38.770665+00:00,2026-08-01T14:24:59.285102+00:00,200.514437,200,1469.15934
NO_ACCEPTED_PREDICTION_BOOK,6810060,6810060,2026-08-01T14:25:02.843508+00:00,2026-08-01T14:25:55.086358+00:00,52.24285,53,150.999
ACTIVE_MATCH,6810060,6810060,2026-08-01T14:25:56.085981+00:00,2026-08-01T14:29:59.011979+00:00,242.925998,242,1784.137664
NO_ACCEPTED_PREDICTION_BOOK,6810062,6810062,2026-08-01T14:30:04.867830+00:00,2026-08-01T14:30:16.957225+00:00,12.089395,13,137.820896
ACTIVE_MATCH,6810062,6810062,2026-08-01T14:30:17.813156+00:00,2026-08-01T14:30:21.830818+00:00,4.017662,5,133.110592
NO_ACCEPTED_PREDICTION_BOOK,6810062,6810062,2026-08-01T14:30:22.846324+00:00,2026-08-01T14:30:23.856557+00:00,1.010233,2,110.672
ACTIVE_MATCH,6810062,6810062,2026-08-01T14:30:24.861624+00:00,2026-08-01T14:30:39.941219+00:00,15.079595,16,153.134352
NO_ACCEPTED_PREDICTION_BOOK,6810062,6810062,2026-08-01T14:30:40.971497+00:00,2026-08-01T14:30:44.006021+00:00,3.034524,4,109.794544
ACTIVE_MATCH,6810062,6810062,2026-08-01T14:30:45.067044+00:00,2026-08-01T14:34:59.025148+00:00,253.958104,253,1541.328456
NO_ACCEPTED_PREDICTION_BOOK,6810070,6810070,2026-08-01T14:35:05.082830+00:00,2026-08-01T14:36:23.492825+00:00,78.409995,79,1086.218776
ACTIVE_MATCH,6810070,6810070,2026-08-01T14:36:24.511187+00:00,2026-08-01T14:39:59.010098+00:00,214.498911,214,1622.004904
NO_ACCEPTED_PREDICTION_BOOK,6810072,6810072,2026-08-01T14:40:02.631267+00:00,2026-08-01T14:40:34.769772+00:00,32.138505,33,152.248076
ACTIVE_MATCH,6810072,6810072,2026-08-01T14:40:35.795246+00:00,2026-08-01T14:41:41.229785+00:00,65.434539,66,1526.50792
NO_ACCEPTED_PREDICTION_BOOK,6810072,6810072,2026-08-01T14:41:42.252120+00:00,2026-08-01T14:41:43.245370+00:00,0.99325,2,120.957756
ACTIVE_MATCH,6810072,6810072,2026-08-01T14:41:44.294263+00:00,2026-08-01T14:44:58.554207+00:00,194.259944,194,1638.076052
NO_ACCEPTED_PREDICTION_BOOK,6810075,6810075,2026-08-01T14:45:04.941370+00:00,2026-08-01T14:45:17.040264+00:00,12.098894,13,134.036372
ACTIVE_MATCH,6810075,6810075,2026-08-01T14:45:17.903388+00:00,2026-08-01T14:45:24.944747+00:00,7.041359,8,112.900492
NO_ACCEPTED_PREDICTION_BOOK,6810075,6810075,2026-08-01T14:45:25.952388+00:00,2026-08-01T14:45:26.948626+00:00,0.996238,2,121.920304
ACTIVE_MATCH,6810075,6810075,2026-08-01T14:45:27.994890+00:00,2026-08-01T14:49:00.573173+00:00,212.578283,212,1623.962004
NO_ACCEPTED_PREDICTION_BOOK,6810075,6810075,2026-08-01T14:49:01.580658+00:00,2026-08-01T14:49:02.614855+00:00,1.034197,2,1285.95318
ACTIVE_MATCH,6810075,6810075,2026-08-01T14:49:03.751159+00:00,2026-08-01T14:49:59.027386+00:00,55.276227,56,154.550148
NO_ACCEPTED_PREDICTION_BOOK,6810083,6810083,2026-08-01T14:50:04.691837+00:00,2026-08-01T14:50:31.929837+00:00,27.238,28,164.277876
ACTIVE_MATCH,6810083,6810083,2026-08-01T14:50:32.749832+00:00,2026-08-01T14:54:58.778051+00:00,266.028219,265,1446.750164
NO_ACCEPTED_PREDICTION_BOOK,6810085,6810085,2026-08-01T14:55:06.521435+00:00,2026-08-01T14:55:14.426877+00:00,7.905442,9,139.70424
ACTIVE_MATCH,6810085,6810085,2026-08-01T14:55:15.438968+00:00,2026-08-01T14:55:19.476592+00:00,4.037624,5,148.241228
NO_ACCEPTED_PREDICTION_BOOK,6810085,6810085,2026-08-01T14:55:20.465039+00:00,2026-08-01T14:55:24.526225+00:00,4.061186,5,113.281544
ACTIVE_MATCH,6810085,6810085,2026-08-01T14:55:25.518783+00:00,2026-08-01T14:59:58.858448+00:00,273.339665,272,1616.79516
NO_ACCEPTED_PREDICTION_BOOK,6810091,6810091,2026-08-01T15:00:11.177248+00:00,2026-08-01T15:00:21.885345+00:00,10.708097,12,131.746636
ACTIVE_MATCH,6810091,6810091,2026-08-01T15:00:22.883362+00:00,2026-08-01T15:00:26.912611+00:00,4.029249,5,123.080784
NO_ACCEPTED_PREDICTION_BOOK,6810091,6810091,2026-08-01T15:00:27.934513+00:00,2026-08-01T15:00:28.933813+00:00,0.9993,2,84.924652
ACTIVE_MATCH,6810091,6810091,2026-08-01T15:00:29.932213+00:00,2026-08-01T15:00:33.966032+00:00,4.033819,5,104.826148
NO_ACCEPTED_PREDICTION_BOOK,6810091,6810091,2026-08-01T15:00:34.979828+00:00,2026-08-01T15:00:35.978740+00:00,0.998912,2,88.271632
ACTIVE_MATCH,6810091,6810091,2026-08-01T15:00:37.011890+00:00,2026-08-01T15:04:58.430040+00:00,261.41815,260,1702.835688
NO_ACCEPTED_PREDICTION_BOOK,6810100,6810100,2026-08-01T15:05:04.989206+00:00,2026-08-01T15:06:09.548327+00:00,64.559121,65,1603.871984
ACTIVE_MATCH,6810100,6810100,2026-08-01T15:06:10.559749+00:00,2026-08-01T15:07:02.045289+00:00,51.48554,52,2141.02916
NO_ACCEPTED_PREDICTION_BOOK,6810100,6810100,2026-08-01T15:07:03.280729+00:00,2026-08-01T15:07:05.070437+00:00,1.789708,3,1655.049112
ACTIVE_MATCH,6810100,6810100,2026-08-01T15:07:06.127620+00:00,2026-08-01T15:09:00.905951+00:00,114.778331,115,1686.832412
NO_ACCEPTED_PREDICTION_BOOK,6810100,6810100,2026-08-01T15:09:01.915201+00:00,2026-08-01T15:09:02.933584+00:00,1.018383,2,1234.882776
ACTIVE_MATCH,6810100,6810100,2026-08-01T15:09:04.084496+00:00,2026-08-01T15:09:58.353398+00:00,54.268902,55,146.872236
NO_ACCEPTED_PREDICTION_BOOK,6810101,6810101,2026-08-01T15:10:05.066241+00:00,2026-08-01T15:10:58.287651+00:00,53.22141,54,145.999436
ACTIVE_MATCH,6810101,6810101,2026-08-01T15:10:59.298450+00:00,2026-08-01T15:14:59.061495+00:00,239.763045,239,2117.657064
NO_ACCEPTED_PREDICTION_BOOK,6810105,6810105,2026-08-01T15:15:04.301519+00:00,2026-08-01T15:15:57.729417+00:00,53.427898,54,149.973648
ACTIVE_MATCH,6810105,6810105,2026-08-01T15:15:58.727593+00:00,2026-08-01T15:19:58.442350+00:00,239.714757,239,1578.281008
NO_ACCEPTED_PREDICTION_BOOK,6810111,6810111,2026-08-01T15:20:04.503599+00:00,2026-08-01T15:20:18.492548+00:00,13.988949,15,136.440412
ACTIVE_MATCH,6810111,6810111,2026-08-01T15:20:19.514113+00:00,2026-08-01T15:20:23.539129+00:00,4.025016,5,135.590312
NO_ACCEPTED_PREDICTION_BOOK,6810111,6810111,2026-08-01T15:20:24.573090+00:00,2026-08-01T15:20:24.573090+00:00,0.0,1,59.195748
ACTIVE_MATCH,6810111,6810111,2026-08-01T15:20:25.629031+00:00,2026-08-01T15:20:34.626767+00:00,8.997736,10,124.867408
NO_ACCEPTED_PREDICTION_BOOK,6810111,6810111,2026-08-01T15:20:35.620385+00:00,2026-08-01T15:20:36.677406+00:00,1.057021,2,138.894776
ACTIVE_MATCH,6810111,6810111,2026-08-01T15:20:37.672890+00:00,2026-08-01T15:24:58.547051+00:00,260.874161,260,1595.396392
NO_ACCEPTED_PREDICTION_BOOK,6810117,6810117,2026-08-01T15:25:05.033386+00:00,2026-08-01T15:27:39.032055+00:00,153.998669,154,1496.328064
ACTIVE_MATCH,6810117,6810117,2026-08-01T15:27:40.027880+00:00,2026-08-01T15:29:59.115318+00:00,139.087438,139,1367.832508
NO_ACCEPTED_PREDICTION_BOOK,6810120,6810120,2026-08-01T15:30:04.796051+00:00,2026-08-01T15:31:03.079836+00:00,58.283785,59,1444.821808
ACTIVE_MATCH,6810120,6810120,2026-08-01T15:31:04.130922+00:00,2026-08-01T15:34:18.811717+00:00,194.680795,194,1506.152964
NO_ACCEPTED_PREDICTION_BOOK,6810120,6810120,2026-08-01T15:34:35.365755+00:00,2026-08-01T15:34:58.738655+00:00,23.3729,25,146.280912
NO_ACCEPTED_PREDICTION_BOOK,6810124,6810124,2026-08-01T15:35:02.643226+00:00,2026-08-01T15:36:20.027763+00:00,77.384537,78,1284.661512
ACTIVE_MATCH,6810124,6810124,2026-08-01T15:36:21.028132+00:00,2026-08-01T15:39:58.729391+00:00,217.701259,217,1537.64428
NO_ACCEPTED_PREDICTION_BOOK,6810127,6810127,2026-08-01T15:40:04.897357+00:00,2026-08-01T15:41:28.337683+00:00,83.440326,84,1441.182244
ACTIVE_MATCH,6810127,6810127,2026-08-01T15:41:29.335670+00:00,2026-08-01T15:44:58.780313+00:00,209.444643,209,1609.354
NO_ACCEPTED_PREDICTION_BOOK,6810136,6810136,2026-08-01T15:45:04.651555+00:00,2026-08-01T15:45:53.914568+00:00,49.263013,50,1213.850436
ACTIVE_MATCH,6810136,6810136,2026-08-01T15:45:54.934788+00:00,2026-08-01T15:45:58.927088+00:00,3.9923,5,128.052272
NO_ACCEPTED_PREDICTION_BOOK,6810136,6810136,2026-08-01T15:45:59.937139+00:00,2026-08-01T15:46:02.943300+00:00,3.006161,4,124.421404
ACTIVE_MATCH,6810136,6810136,2026-08-01T15:46:03.926753+00:00,2026-08-01T15:46:14.039345+00:00,10.112592,11,146.030476
NO_ACCEPTED_PREDICTION_BOOK,6810136,6810136,2026-08-01T15:46:15.041182+00:00,2026-08-01T15:46:15.041182+00:00,0.0,1,107.774948
ACTIVE_MATCH,6810136,6810136,2026-08-01T15:46:16.038286+00:00,2026-08-01T15:46:27.112865+00:00,11.074579,12,141.454692
NO_ACCEPTED_PREDICTION_BOOK,6810136,6810136,2026-08-01T15:46:28.115273+00:00,2026-08-01T15:46:28.115273+00:00,0.0,1,33.91764
ACTIVE_MATCH,6810136,6810136,2026-08-01T15:46:29.142392+00:00,2026-08-01T15:49:58.720739+00:00,209.578347,209,1619.211568
NO_ACCEPTED_PREDICTION_BOOK,6810138,6810138,2026-08-01T15:50:04.639385+00:00,2026-08-01T15:50:41.761091+00:00,37.121706,38,1240.614652
ACTIVE_MATCH,6810138,6810138,2026-08-01T15:50:42.787746+00:00,2026-08-01T15:54:58.698721+00:00,255.910975,255,1677.594624
NO_ACCEPTED_PREDICTION_BOOK,6810143,6810143,2026-08-01T15:55:04.440165+00:00,2026-08-01T15:55:08.377313+00:00,3.937148,5,88.295124
ACTIVE_MATCH,6810143,6810143,2026-08-01T15:55:09.401932+00:00,2026-08-01T15:59:58.512440+00:00,289.110508,288,1615.478968
NO_ACCEPTED_PREDICTION_BOOK,6810149,6810149,2026-08-01T16:00:07.627116+00:00,2026-08-01T16:00:18.298824+00:00,10.671708,12,133.996976
ACTIVE_MATCH,6810149,6810149,2026-08-01T16:00:19.294453+00:00,2026-08-01T16:04:36.225301+00:00,256.930848,256,1559.98632
NO_ACCEPTED_PREDICTION_BOOK,6810149,6810149,2026-08-01T16:04:37.333116+00:00,2026-08-01T16:04:38.268142+00:00,0.935026,2,1159.99094
ACTIVE_MATCH,6810149,6810149,2026-08-01T16:04:39.406518+00:00,2026-08-01T16:04:58.494312+00:00,19.087794,20,148.298552
NO_ACCEPTED_PREDICTION_BOOK,6810174,6810174,2026-08-01T16:05:04.727050+00:00,2026-08-01T16:06:07.166984+00:00,62.439934,63,1241.267164
ACTIVE_MATCH,6810174,6810174,2026-08-01T16:06:08.152445+00:00,2026-08-01T16:09:58.933820+00:00,230.781375,230,1498.835272
NO_ACCEPTED_PREDICTION_BOOK,6810177,6810177,2026-08-01T16:10:05.218060+00:00,2026-08-01T16:10:15.111315+00:00,9.893255,11,115.961648
ACTIVE_MATCH,6810177,6810177,2026-08-01T16:10:16.153031+00:00,2026-08-01T16:14:59.243359+00:00,283.090328,282,1599.123696
NO_ACCEPTED_PREDICTION_BOOK,6810182,6810182,2026-08-01T16:15:04.590106+00:00,2026-08-01T16:15:55.835335+00:00,51.245229,52,1726.124308
ACTIVE_MATCH,6810182,6810182,2026-08-01T16:15:56.844716+00:00,2026-08-01T16:19:58.717720+00:00,241.873004,241,1461.0464
NO_ACCEPTED_PREDICTION_BOOK,6810193,6810193,2026-08-01T16:20:06.783642+00:00,2026-08-01T16:20:33.798511+00:00,27.014869,28,145.410592
ACTIVE_MATCH,6810193,6810193,2026-08-01T16:20:34.799724+00:00,2026-08-01T16:24:58.816146+00:00,264.016422,263,1562.851752
NO_ACCEPTED_PREDICTION_BOOK,6810196,6810196,2026-08-01T16:25:04.719683+00:00,2026-08-01T16:26:00.050410+00:00,55.330727,56,1516.17572
ACTIVE_MATCH,6810196,6810196,2026-08-01T16:26:01.028348+00:00,2026-08-01T16:29:59.216935+00:00,238.188587,237,1775.831848
NO_ACCEPTED_PREDICTION_BOOK,6810200,6810200,2026-08-01T16:30:05.232259+00:00,2026-08-01T16:31:07.556970+00:00,62.324711,63,1696.943964
ACTIVE_MATCH,6810200,6810200,2026-08-01T16:31:08.573011+00:00,2026-08-01T16:34:59.295840+00:00,230.722829,230,1631.163692
NO_ACCEPTED_PREDICTION_BOOK,6810207,6810207,2026-08-01T16:35:04.352389+00:00,2026-08-01T16:36:07.732648+00:00,63.380259,64,1276.454008
ACTIVE_MATCH,6810207,6810207,2026-08-01T16:36:08.760202+00:00,2026-08-01T16:38:45.050606+00:00,156.290404,156,1518.859952
NO_ACCEPTED_PREDICTION_BOOK,6810207,6810207,2026-08-01T16:38:46.024534+00:00,2026-08-01T16:38:48.076720+00:00,2.052186,3,109.088728
ACTIVE_MATCH,6810207,6810207,2026-08-01T16:38:49.215432+00:00,2026-08-01T16:38:49.215432+00:00,0.0,1,70.161764
NO_ACCEPTED_PREDICTION_BOOK,6810207,6810207,2026-08-01T16:38:50.072393+00:00,2026-08-01T16:39:21.326978+00:00,31.254585,32,157.131964
ACTIVE_MATCH,6810207,6810207,2026-08-01T16:39:22.319893+00:00,2026-08-01T16:39:36.476659+00:00,14.156766,15,789.067944
NO_ACCEPTED_PREDICTION_BOOK,6810207,6810207,2026-08-01T16:39:37.509991+00:00,2026-08-01T16:39:38.494718+00:00,0.984727,2,1645.764388
ACTIVE_MATCH,6810207,6810207,2026-08-01T16:39:39.510877+00:00,2026-08-01T16:39:58.646751+00:00,19.135874,20,146.4346
NO_ACCEPTED_PREDICTION_BOOK,6810208,6810208,2026-08-01T16:40:05.266405+00:00,2026-08-01T16:40:46.432390+00:00,41.165985,42,1725.483908
ACTIVE_MATCH,6810208,6810208,2026-08-01T16:40:47.582386+00:00,2026-08-01T16:41:36.983332+00:00,49.400946,50,1299.10064
NO_ACCEPTED_PREDICTION_BOOK,6810208,6810208,2026-08-01T16:41:37.966237+00:00,2026-08-01T16:41:39.004540+00:00,1.038303,2,1403.832516
ACTIVE_MATCH,6810208,6810208,2026-08-01T16:41:40.035333+00:00,2026-08-01T16:43:37.083782+00:00,117.048449,117,1879.570944
NO_ACCEPTED_PREDICTION_BOOK,6810208,6810208,2026-08-01T16:43:38.142351+00:00,2026-08-01T16:43:39.104930+00:00,0.962579,2,1033.056652
ACTIVE_MATCH,6810208,6810208,2026-08-01T16:43:40.092747+00:00,2026-08-01T16:44:58.760289+00:00,78.667542,79,1583.99268
NO_ACCEPTED_PREDICTION_BOOK,6810233,6810233,2026-08-01T16:45:05.036908+00:00,2026-08-01T16:46:18.431316+00:00,73.394408,74,1305.778772
ACTIVE_MATCH,6810233,6810233,2026-08-01T16:46:19.450051+00:00,2026-08-01T16:49:59.149779+00:00,219.699728,219,1626.197496
NO_ACCEPTED_PREDICTION_BOOK,6810246,6810246,2026-08-01T16:50:05.357721+00:00,2026-08-01T16:50:20.371172+00:00,15.013451,16,138.029528
ACTIVE_MATCH,6810246,6810246,2026-08-01T16:50:21.346322+00:00,2026-08-01T16:50:26.393275+00:00,5.046953,6,99.898996
NO_ACCEPTED_PREDICTION_BOOK,6810246,6810246,2026-08-01T16:50:27.400282+00:00,2026-08-01T16:50:27.400282+00:00,0.0,1,17.031256
ACTIVE_MATCH,6810246,6810246,2026-08-01T16:50:28.396032+00:00,2026-08-01T16:52:37.336122+00:00,128.94009,129,1678.273216
NO_ACCEPTED_PREDICTION_BOOK,6810246,6810246,2026-08-01T16:52:38.334921+00:00,2026-08-01T16:52:39.362112+00:00,1.027191,2,1607.31104
ACTIVE_MATCH,6810246,6810246,2026-08-01T16:52:40.362683+00:00,2026-08-01T16:54:58.562096+00:00,138.199413,138,1509.907524
NO_ACCEPTED_PREDICTION_BOOK,6810249,6810249,2026-08-01T16:55:04.420230+00:00,2026-08-01T16:55:43.586440+00:00,39.16621,40,1717.212204
ACTIVE_MATCH,6810249,6810249,2026-08-01T16:55:44.591734+00:00,2026-08-01T16:56:59.241694+00:00,74.64996,75,1347.436468
NO_ACCEPTED_PREDICTION_BOOK,6810249,6810249,2026-08-01T16:57:00.243908+00:00,2026-08-01T16:57:00.243908+00:00,0.0,1,67.28656
ACTIVE_MATCH,6810249,6810249,2026-08-01T16:57:02.258764+00:00,2026-08-01T16:59:58.829352+00:00,176.570588,177,1837.749096
NO_ACCEPTED_PREDICTION_BOOK,6810253,6810253,2026-08-01T17:00:04.571147+00:00,2026-08-01T17:01:09.964895+00:00,65.393748,66,1887.951084
ACTIVE_MATCH,6810253,6810253,2026-08-01T17:01:10.995131+00:00,2026-08-01T17:01:38.295858+00:00,27.300727,28,2216.99452
NO_ACCEPTED_PREDICTION_BOOK,6810253,6810253,2026-08-01T17:01:39.275861+00:00,2026-08-01T17:01:40.279545+00:00,1.003684,2,1482.826008
ACTIVE_MATCH,6810253,6810253,2026-08-01T17:01:41.287859+00:00,2026-08-01T17:04:57.254505+00:00,195.966646,194,1985.27032
NO_ACCEPTED_PREDICTION_BOOK,6810253,6810253,2026-08-01T17:04:58.274453+00:00,2026-08-01T17:04:59.311706+00:00,1.037253,2,61.823688
NO_ACCEPTED_PREDICTION_BOOK,6810263,6810263,2026-08-01T17:05:04.981842+00:00,2026-08-01T17:06:05.468720+00:00,60.486878,61,1930.19646
ACTIVE_MATCH,6810263,6810263,2026-08-01T17:06:06.458250+00:00,2026-08-01T17:09:38.350660+00:00,211.89241,210,2131.266796
NO_MICRO_SNAPSHOT,6810263,6810263,2026-08-01T17:09:39.308954+00:00,2026-08-01T17:09:40.302784+00:00,0.99383,2,3622.7718
NO_ACCEPTED_PREDICTION_BOOK,6810263,6810263,2026-08-01T17:09:41.352930+00:00,2026-08-01T17:09:43.715419+00:00,2.362489,3,2572.625752
ACTIVE_MATCH,6810263,6810263,2026-08-01T17:09:44.544052+00:00,2026-08-01T17:09:58.664715+00:00,14.120663,15,145.151252
NO_ACCEPTED_PREDICTION_BOOK,6810268,6810268,2026-08-01T17:10:02.266274+00:00,2026-08-01T17:11:57.851389+00:00,115.585115,111,2621.886016
NO_ACCEPTED_PREDICTION_BOOK,6810268,6810268,2026-08-01T17:12:09.159314+00:00,2026-08-01T17:12:28.886480+00:00,19.727166,21,125.868372
ACTIVE_MATCH,6810268,6810268,2026-08-01T17:12:29.895545+00:00,2026-08-01T17:13:44.559585+00:00,74.66404,75,1833.273992
NO_ACCEPTED_PREDICTION_BOOK,6810268,6810268,2026-08-01T17:13:48.626603+00:00,2026-08-01T17:14:06.811408+00:00,18.184805,19,146.62716
ACTIVE_MATCH,6810268,6810268,2026-08-01T17:14:07.821507+00:00,2026-08-01T17:14:07.821507+00:00,0.0,1,97.984828
NO_ACCEPTED_PREDICTION_BOOK,6810268,6810268,2026-08-01T17:14:08.824605+00:00,2026-08-01T17:14:29.021533+00:00,20.196928,21,1512.931408
ACTIVE_MATCH,6810268,6810268,2026-08-01T17:14:30.036896+00:00,2026-08-01T17:14:39.135159+00:00,9.098263,10,116.661496
NO_ACCEPTED_PREDICTION_BOOK,6810268,6810268,2026-08-01T17:14:40.350513+00:00,2026-08-01T17:14:59.317806+00:00,18.967293,20,136.857284
NO_ACCEPTED_PREDICTION_BOOK,6810274,6810274,2026-08-01T17:15:04.539512+00:00,2026-08-01T17:15:05.429952+00:00,0.89044,2,119.464408
ACTIVE_MATCH,6810274,6810274,2026-08-01T17:15:06.430622+00:00,2026-08-01T17:15:10.492963+00:00,4.062341,5,1871.247972
NO_ACCEPTED_PREDICTION_BOOK,6810274,6810274,2026-08-01T17:15:11.506850+00:00,2026-08-01T17:15:14.487055+00:00,2.980205,4,1016.893152
ACTIVE_MATCH,6810274,6810274,2026-08-01T17:15:15.492744+00:00,2026-08-01T17:19:59.206508+00:00,283.713764,282,2067.979796
NO_ACCEPTED_PREDICTION_BOOK,6810278,6810278,2026-08-01T17:20:04.983642+00:00,2026-08-01T17:20:11.909875+00:00,6.926233,8,1681.85532
ACTIVE_MATCH,6810278,6810278,2026-08-01T17:20:12.938395+00:00,2026-08-01T17:20:18.969400+00:00,6.031005,7,114.957536
NO_ACCEPTED_PREDICTION_BOOK,6810278,6810278,2026-08-01T17:20:19.973381+00:00,2026-08-01T17:20:19.973381+00:00,0.0,1,149.21908
ACTIVE_MATCH,6810278,6810278,2026-08-01T17:20:20.973218+00:00,2026-08-01T17:20:28.092961+00:00,7.119743,8,114.1628
NO_ACCEPTED_PREDICTION_BOOK,6810278,6810278,2026-08-01T17:20:29.074343+00:00,2026-08-01T17:20:29.074343+00:00,0.0,1,129.295888
ACTIVE_MATCH,6810278,6810278,2026-08-01T17:20:30.094521+00:00,2026-08-01T17:22:09.964759+00:00,99.870238,100,1966.913704
NO_ACCEPTED_PREDICTION_BOOK,6810278,6810278,2026-08-01T17:22:10.959643+00:00,2026-08-01T17:22:11.984782+00:00,1.025139,2,1355.90802
ACTIVE_MATCH,6810278,6810278,2026-08-01T17:22:13.017855+00:00,2026-08-01T17:24:59.121553+00:00,166.103698,163,1962.732844
NO_ACCEPTED_PREDICTION_BOOK,6810300,6810300,2026-08-01T17:25:04.871812+00:00,2026-08-01T17:25:12.811440+00:00,7.939628,9,2136.374484
ACTIVE_MATCH,6810300,6810300,2026-08-01T17:25:13.826526+00:00,2026-08-01T17:25:27.984316+00:00,14.15779,15,122.43046
NO_PREDICTION_MARKET_ID,6810300,,2026-08-01T17:25:37.030533+00:00,2026-08-01T17:25:37.030533+00:00,0.0,1,68.97902
NO_ACCEPTED_PREDICTION_BOOK,6810300,6810300,2026-08-01T17:25:37.844487+00:00,2026-08-01T17:27:33.813838+00:00,115.969351,115,1872.6425
NO_PREDICTION_MARKET_ID,6810300,,2026-08-01T17:27:42.964010+00:00,2026-08-01T17:27:42.964010+00:00,0.0,1,136.437684
NO_ACCEPTED_PREDICTION_BOOK,6810300,6810300,2026-08-01T17:27:43.780725+00:00,2026-08-01T17:29:58.542145+00:00,134.76142,133,1900.701476
NO_ACCEPTED_PREDICTION_BOOK,6810361,6810361,2026-08-01T17:30:04.792351+00:00,2026-08-01T17:34:28.183927+00:00,263.391576,262,1975.292992
NO_ACCEPTED_PREDICTION_BOOK,6810361,6810361,2026-08-01T17:34:43.010492+00:00,2026-08-01T17:34:58.931706+00:00,15.921214,17,135.263848
NO_ACCEPTED_PREDICTION_BOOK,6810372,6810372,2026-08-01T17:35:05.450320+00:00,2026-08-01T17:37:44.827402+00:00,159.377082,159,2730.945924
NO_MICRO_SNAPSHOT,6810372,6810372,2026-08-01T17:37:45.803159+00:00,2026-08-01T17:37:45.803159+00:00,0.0,1,3221.67434
NO_ACCEPTED_PREDICTION_BOOK,6810372,6810372,2026-08-01T17:37:46.830014+00:00,2026-08-01T17:39:59.147544+00:00,132.31753,132,2557.847548
NO_ACCEPTED_PREDICTION_BOOK,6810375,6810375,2026-08-01T17:40:05.278485+00:00,2026-08-01T17:44:58.702127+00:00,293.423642,292,1935.946
NO_ACCEPTED_PREDICTION_BOOK,6810401,6810401,2026-08-01T17:45:02.875143+00:00,2026-08-01T17:49:58.683845+00:00,295.808702,294,2261.848648
NO_ACCEPTED_PREDICTION_BOOK,6810404,6810404,2026-08-01T17:50:04.744077+00:00,2026-08-01T17:54:58.432539+00:00,293.688462,292,1961.155308
NO_ACCEPTED_PREDICTION_BOOK,6810407,6810407,2026-08-01T17:55:06.737185+00:00,2026-08-01T17:59:58.601208+00:00,291.864023,290,2041.27964
NO_ACCEPTED_PREDICTION_BOOK,6810414,6810414,2026-08-01T18:00:02.642684+00:00,2026-08-01T18:04:59.008889+00:00,296.366205,295,1898.513128
NO_ACCEPTED_PREDICTION_BOOK,6810423,6810423,2026-08-01T18:05:04.691493+00:00,2026-08-01T18:09:59.038947+00:00,294.347454,293,1823.640424
NO_ACCEPTED_PREDICTION_BOOK,6810426,6810426,2026-08-01T18:10:02.567783+00:00,2026-08-01T18:14:58.936021+00:00,296.368238,295,1983.222976
NO_ACCEPTED_PREDICTION_BOOK,6810442,6810442,2026-08-01T18:15:05.267386+00:00,2026-08-01T18:19:58.662210+00:00,293.394824,292,2075.267464
NO_ACCEPTED_PREDICTION_BOOK,6810497,6810497,2026-08-01T18:20:04.646733+00:00,2026-08-01T18:24:59.099487+00:00,294.452754,293,2048.557628
NO_ACCEPTED_PREDICTION_BOOK,6810575,6810575,2026-08-01T18:25:05.480208+00:00,2026-08-01T18:29:58.977501+00:00,293.497293,292,2286.416096
NO_ACCEPTED_PREDICTION_BOOK,6810578,6810578,2026-08-01T18:30:02.747115+00:00,2026-08-01T18:34:59.141743+00:00,296.394628,294,2481.65072
NO_ACCEPTED_PREDICTION_BOOK,6810618,6810618,2026-08-01T18:35:04.855760+00:00,2026-08-01T18:39:58.369791+00:00,293.514031,289,2605.160432
NO_ACCEPTED_PREDICTION_BOOK,6810621,6810621,2026-08-01T18:40:03.285292+00:00,2026-08-01T18:40:45.545208+00:00,42.259916,43,1717.501864
NO_ACCEPTED_PREDICTION_BOOK,6810621,6810621,2026-08-01T18:40:58.365835+00:00,2026-08-01T18:44:51.113479+00:00,232.747644,230,2549.654676
NO_ACCEPTED_PREDICTION_BOOK,6810642,6810642,2026-08-01T18:45:03.037103+00:00,2026-08-01T18:49:58.854329+00:00,295.817226,292,2797.62882
NO_ACCEPTED_PREDICTION_BOOK,6810650,6810650,2026-08-01T18:50:02.805634+00:00,2026-08-01T18:54:59.055107+00:00,296.249473,295,2299.46026
NO_ACCEPTED_PREDICTION_BOOK,6810654,6810654,2026-08-01T18:55:02.716930+00:00,2026-08-01T18:59:59.210633+00:00,296.493703,295,2605.134544
NO_ACCEPTED_PREDICTION_BOOK,6810665,6810665,2026-08-01T19:00:04.752636+00:00,2026-08-01T19:04:59.097124+00:00,294.344488,293,2935.003084
NO_ACCEPTED_PREDICTION_BOOK,6810671,6810671,2026-08-01T19:05:04.969585+00:00,2026-08-01T19:09:58.769693+00:00,293.800108,292,2818.2886
NO_ACCEPTED_PREDICTION_BOOK,6810677,6810677,2026-08-01T19:10:03.938909+00:00,2026-08-01T19:14:58.670254+00:00,294.731345,291,2715.76186
NO_ACCEPTED_PREDICTION_BOOK,6810683,6810683,2026-08-01T19:15:06.126715+00:00,2026-08-01T19:15:25.546722+00:00,19.420007,21,132.935772
NO_PREDICTION_MARKET_ID,6810683,,2026-08-01T19:15:35.073056+00:00,2026-08-01T19:15:35.073056+00:00,0.0,1,1.8846
NO_ACCEPTED_PREDICTION_BOOK,6810683,6810683,2026-08-01T19:15:35.876990+00:00,2026-08-01T19:16:18.294014+00:00,42.417024,43,118.829164
ACTIVE_MATCH,6810683,6810683,2026-08-01T19:16:19.331635+00:00,2026-08-01T19:16:37.433488+00:00,18.101853,19,2819.053572
NO_ACCEPTED_PREDICTION_BOOK,6810683,6810683,2026-08-01T19:16:38.446731+00:00,2026-08-01T19:16:49.569901+00:00,11.12317,12,2967.028992
ACTIVE_MATCH,6810683,6810683,2026-08-01T19:16:50.742980+00:00,2026-08-01T19:16:57.610535+00:00,6.867555,8,108.859704
NO_ACCEPTED_PREDICTION_BOOK,6810683,6810683,2026-08-01T19:16:58.657198+00:00,2026-08-01T19:17:00.687921+00:00,2.030723,3,131.197052
ACTIVE_MATCH,6810683,6810683,2026-08-01T19:17:01.803385+00:00,2026-08-01T19:17:07.751922+00:00,5.948537,7,116.717512
NO_ACCEPTED_PREDICTION_BOOK,6810683,6810683,2026-08-01T19:17:17.105359+00:00,2026-08-01T19:19:59.273390+00:00,162.168031,162,2956.203652
NO_ACCEPTED_PREDICTION_BOOK,6810781,6810781,2026-08-01T19:20:05.348116+00:00,2026-08-01T19:24:58.650229+00:00,293.302113,292,2721.937572
NO_ACCEPTED_PREDICTION_BOOK,6810787,6810787,2026-08-01T19:25:04.877605+00:00,2026-08-01T19:29:58.466763+00:00,293.589158,292,2902.55538
NO_ACCEPTED_PREDICTION_BOOK,6810790,6810790,2026-08-01T19:30:02.713185+00:00,2026-08-01T19:30:17.739525+00:00,15.02634,16,931.53762
NO_MICRO_SNAPSHOT,6810790,6810790,2026-08-01T19:30:20.133350+00:00,2026-08-01T19:30:20.133350+00:00,0.0,1,3199.770312
NO_ACCEPTED_PREDICTION_BOOK,6810790,6810790,2026-08-01T19:30:21.147161+00:00,2026-08-01T19:31:18.808703+00:00,57.661542,57,2185.959112
NO_MICRO_SNAPSHOT,6810790,6810790,2026-08-01T19:31:19.833257+00:00,2026-08-01T19:31:19.833257+00:00,0.0,1,3101.72106
NO_ACCEPTED_PREDICTION_BOOK,6810790,6810790,2026-08-01T19:31:20.845394+00:00,2026-08-01T19:31:33.131597+00:00,12.286203,13,2335.89518
NO_ACCEPTED_PREDICTION_BOOK,6810790,6810790,2026-08-01T19:31:42.245638+00:00,2026-08-01T19:33:44.069958+00:00,121.82432,121,2747.24952
NO_MICRO_SNAPSHOT,6810790,6810790,2026-08-01T19:33:44.896808+00:00,2026-08-01T19:33:44.896808+00:00,0.0,1,3151.055036
NO_ACCEPTED_PREDICTION_BOOK,6810790,6810790,2026-08-01T19:33:45.884755+00:00,2026-08-01T19:34:13.321409+00:00,27.436654,27,2176.671456
NO_ACCEPTED_PREDICTION_BOOK,6810790,6810790,2026-08-01T19:34:21.790999+00:00,2026-08-01T19:34:58.954712+00:00,37.163713,38,137.817088
NO_ACCEPTED_PREDICTION_BOOK,6810801,6810801,2026-08-01T19:35:05.018281+00:00,2026-08-01T19:39:59.296515+00:00,294.278234,293,2925.543792
NO_ACCEPTED_PREDICTION_BOOK,6810812,6810812,2026-08-01T19:40:02.672208+00:00,2026-08-01T19:44:58.813928+00:00,296.14172,295,2642.254008
NO_ACCEPTED_PREDICTION_BOOK,6810815,6810815,2026-08-01T19:45:04.926249+00:00,2026-08-01T19:49:59.534246+00:00,294.607997,293,2917.445856
NO_ACCEPTED_PREDICTION_BOOK,6810822,6810822,2026-08-01T19:50:03.341375+00:00,2026-08-01T19:50:17.304442+00:00,13.963067,15,125.434512
NO_PREDICTION_MARKET_ID,6810822,,2026-08-01T19:50:27.598529+00:00,2026-08-01T19:50:27.598529+00:00,0.0,1,38.769676
NO_ACCEPTED_PREDICTION_BOOK,6810822,6810822,2026-08-01T19:50:28.440078+00:00,2026-08-01T19:54:58.591093+00:00,270.151015,269,2770.365872
NO_ACCEPTED_PREDICTION_BOOK,6810825,6810825,2026-08-01T19:55:02.846006+00:00,2026-08-01T19:59:58.882388+00:00,296.036382,295,2799.139976
NO_ACCEPTED_PREDICTION_BOOK,6810833,6810833,2026-08-01T20:00:05.222580+00:00,2026-08-01T20:04:58.926750+00:00,293.70417,292,2616.078724
NO_ACCEPTED_PREDICTION_BOOK,6810844,6810844,2026-08-01T20:05:05.230153+00:00,2026-08-01T20:09:59.335495+00:00,294.105342,293,2750.807576
NO_ACCEPTED_PREDICTION_BOOK,6810846,6810846,2026-08-01T20:10:05.153012+00:00,2026-08-01T20:11:29.827981+00:00,84.674969,85,2860.355324
NO_MICRO_SNAPSHOT,6810846,6810846,2026-08-01T20:11:30.824282+00:00,2026-08-01T20:11:37.479327+00:00,6.655045,6,5961.467924
NO_ACCEPTED_PREDICTION_BOOK,6810846,6810846,2026-08-01T20:11:38.467187+00:00,2026-08-01T20:13:29.619429+00:00,111.152242,111,2642.267988
NO_MICRO_SNAPSHOT,6810846,6810846,2026-08-01T20:13:30.619430+00:00,2026-08-01T20:13:30.619430+00:00,0.0,1,3085.965356
NO_ACCEPTED_PREDICTION_BOOK,6810846,6810846,2026-08-01T20:13:31.654520+00:00,2026-08-01T20:14:58.439750+00:00,86.78523,87,2723.856284
NO_ACCEPTED_PREDICTION_BOOK,6810860,6810860,2026-08-01T20:15:05.112508+00:00,2026-08-01T20:17:10.483971+00:00,125.371463,124,2668.30808
NO_PREDICTION_MARKET_ID,6810860,,2026-08-01T20:17:20.984073+00:00,2026-08-01T20:17:20.984073+00:00,0.0,1,18.19286
NO_ACCEPTED_PREDICTION_BOOK,6810860,6810860,2026-08-01T20:17:21.724840+00:00,2026-08-01T20:19:58.926940+00:00,157.2021,157,2760.760456
NO_ACCEPTED_PREDICTION_BOOK,6810865,6810865,2026-08-01T20:20:04.977061+00:00,2026-08-01T20:24:59.136458+00:00,294.159397,293,2632.00758
NO_ACCEPTED_PREDICTION_BOOK,6810867,6810867,2026-08-01T20:25:04.872289+00:00,2026-08-01T20:29:59.004942+00:00,294.132653,293,2696.947292
NO_ACCEPTED_PREDICTION_BOOK,6810873,6810873,2026-08-01T20:30:05.420508+00:00,2026-08-01T20:34:58.525411+00:00,293.104903,292,2826.070752
NO_ACCEPTED_PREDICTION_BOOK,6810880,6810880,2026-08-01T20:35:05.231112+00:00,2026-08-01T20:39:59.268576+00:00,294.037464,293,2646.396844
NO_ACCEPTED_PREDICTION_BOOK,6810888,6810888,2026-08-01T20:40:04.896953+00:00,2026-08-01T20:40:22.919694+00:00,18.022741,19,2132.405424
NO_MICRO_SNAPSHOT,6810888,6810888,2026-08-01T20:40:23.942221+00:00,2026-08-01T20:40:23.942221+00:00,0.0,1,3154.9324
NO_ACCEPTED_PREDICTION_BOOK,6810888,6810888,2026-08-01T20:40:24.930030+00:00,2026-08-01T20:41:23.546047+00:00,58.616017,59,2659.085876
NO_MICRO_SNAPSHOT,6810888,6810888,2026-08-01T20:41:24.549227+00:00,2026-08-01T20:41:24.549227+00:00,0.0,1,3446.680792
NO_ACCEPTED_PREDICTION_BOOK,6810888,6810888,2026-08-01T20:41:25.572298+00:00,2026-08-01T20:42:23.166211+00:00,57.593913,58,2423.609816
NO_MICRO_SNAPSHOT,6810888,6810888,2026-08-01T20:42:24.211555+00:00,2026-08-01T20:42:24.211555+00:00,0.0,1,3183.373728
NO_ACCEPTED_PREDICTION_BOOK,6810888,6810888,2026-08-01T20:42:25.191834+00:00,2026-08-01T20:44:58.779164+00:00,153.58733,153,2893.261016
NO_ACCEPTED_PREDICTION_BOOK,6810892,6810892,2026-08-01T20:45:05.224473+00:00,2026-08-01T20:47:23.380769+00:00,138.156296,138,2943.090348
NO_MICRO_SNAPSHOT,6810892,6810892,2026-08-01T20:47:24.393750+00:00,2026-08-01T20:47:24.393750+00:00,0.0,1,3209.676184
NO_ACCEPTED_PREDICTION_BOOK,6810892,6810892,2026-08-01T20:47:25.417610+00:00,2026-08-01T20:49:58.726338+00:00,153.308728,153,2725.998424
NO_ACCEPTED_PREDICTION_BOOK,6810897,6810897,2026-08-01T20:50:05.470168+00:00,2026-08-01T20:54:58.652931+00:00,293.182763,292,2573.22792
NO_ACCEPTED_PREDICTION_BOOK,6810901,6810901,2026-08-01T20:55:03.350365+00:00,2026-08-01T20:59:58.493864+00:00,295.143499,294,2757.838144
NO_ACCEPTED_PREDICTION_BOOK,6810903,6810903,2026-08-01T21:00:04.614932+00:00,2026-08-01T21:04:59.386263+00:00,294.771331,288,2916.585524
NO_ACCEPTED_PREDICTION_BOOK,6810914,6810914,2026-08-01T21:05:05.274069+00:00,2026-08-01T21:05:23.795967+00:00,18.521898,17,2578.137776
NO_MICRO_SNAPSHOT,6810914,6810914,2026-08-01T21:05:24.793083+00:00,2026-08-01T21:05:24.793083+00:00,0.0,1,3091.80672
NO_ACCEPTED_PREDICTION_BOOK,6810914,6810914,2026-08-01T21:05:25.778082+00:00,2026-08-01T21:07:23.190523+00:00,117.412441,116,2864.786296
NO_MICRO_SNAPSHOT,6810914,6810914,2026-08-01T21:07:24.187646+00:00,2026-08-01T21:07:24.187646+00:00,0.0,1,3071.168952
NO_ACCEPTED_PREDICTION_BOOK,6810914,6810914,2026-08-01T21:07:25.212104+00:00,2026-08-01T21:07:36.324746+00:00,11.112642,12,2317.764008
NO_PREDICTION_MARKET_ID,6810914,,2026-08-01T21:07:45.738294+00:00,2026-08-01T21:07:45.738294+00:00,0.0,1,16.40934
NO_ACCEPTED_PREDICTION_BOOK,6810914,6810914,2026-08-01T21:07:46.388992+00:00,2026-08-01T21:08:47.978042+00:00,61.58905,62,2797.636456
NO_MICRO_SNAPSHOT,6810914,6810914,2026-08-01T21:08:49.015535+00:00,2026-08-01T21:08:50.006751+00:00,0.991216,2,3835.129704
NO_ACCEPTED_PREDICTION_BOOK,6810914,6810914,2026-08-01T21:08:51.032759+00:00,2026-08-01T21:09:47.447555+00:00,56.414796,56,2275.432872
NO_MICRO_SNAPSHOT,6810914,6810914,2026-08-01T21:09:48.473741+00:00,2026-08-01T21:09:48.473741+00:00,0.0,1,3279.183944
NO_ACCEPTED_PREDICTION_BOOK,6810914,6810914,2026-08-01T21:09:49.468771+00:00,2026-08-01T21:09:58.593297+00:00,9.124526,10,2284.153928
NO_ACCEPTED_PREDICTION_BOOK,6810931,6810931,2026-08-01T21:10:04.677623+00:00,2026-08-01T21:13:47.380022+00:00,222.702399,222,2754.567904
NO_MICRO_SNAPSHOT,6810931,6810931,2026-08-01T21:13:48.386033+00:00,2026-08-01T21:13:48.386033+00:00,0.0,1,3054.736652
NO_ACCEPTED_PREDICTION_BOOK,6810931,6810931,2026-08-01T21:13:49.579796+00:00,2026-08-01T21:14:58.986186+00:00,69.40639,70,2671.589992
NO_ACCEPTED_PREDICTION_BOOK,6810947,6810947,2026-08-01T21:15:04.360939+00:00,2026-08-01T21:15:47.750864+00:00,43.389925,44,2428.076228
NO_MICRO_SNAPSHOT,6810947,6810947,2026-08-01T21:15:48.596746+00:00,2026-08-01T21:15:49.607234+00:00,1.010488,2,3694.340452
NO_ACCEPTED_PREDICTION_BOOK,6810947,6810947,2026-08-01T21:15:50.628457+00:00,2026-08-01T21:19:58.844435+00:00,248.215978,247,2923.668828
NO_ACCEPTED_PREDICTION_BOOK,6810963,6810963,2026-08-01T21:20:05.179347+00:00,2026-08-01T21:24:58.806147+00:00,293.6268,292,2931.905956
NO_ACCEPTED_PREDICTION_BOOK,6810970,6810970,2026-08-01T21:25:05.718478+00:00,2026-08-01T21:26:47.469668+00:00,101.75119,102,2741.663764
NO_MICRO_SNAPSHOT,6810970,6810970,2026-08-01T21:26:48.645355+00:00,2026-08-01T21:26:48.645355+00:00,0.0,1,3157.764408
NO_ACCEPTED_PREDICTION_BOOK,6810970,6810970,2026-08-01T21:26:49.490805+00:00,2026-08-01T21:27:47.934046+00:00,58.443241,59,2402.955008
NO_MICRO_SNAPSHOT,6810970,6810970,2026-08-01T21:27:49.092775+00:00,2026-08-01T21:27:49.092775+00:00,0.0,1,3005.491232
NO_ACCEPTED_PREDICTION_BOOK,6810970,6810970,2026-08-01T21:27:49.952916+00:00,2026-08-01T21:29:48.033498+00:00,118.080582,118,2920.667368
NO_MICRO_SNAPSHOT,6810970,6810970,2026-08-01T21:29:49.054754+00:00,2026-08-01T21:29:49.054754+00:00,0.0,1,3357.112748
NO_ACCEPTED_PREDICTION_BOOK,6810970,6810970,2026-08-01T21:29:50.047738+00:00,2026-08-01T21:29:59.172649+00:00,9.124911,10,2569.517288
NO_ACCEPTED_PREDICTION_BOOK,6810977,6810977,2026-08-01T21:30:04.638964+00:00,2026-08-01T21:31:47.932226+00:00,103.293262,103,2990.193368
NO_MICRO_SNAPSHOT,6810977,6810977,2026-08-01T21:31:48.726887+00:00,2026-08-01T21:31:48.726887+00:00,0.0,1,3208.826612
NO_ACCEPTED_PREDICTION_BOOK,6810977,6810977,2026-08-01T21:31:49.739640+00:00,2026-08-01T21:32:01.881007+00:00,12.141367,13,2971.488236
NO_PREDICTION_MARKET_ID,6810977,,2026-08-01T21:32:11.770124+00:00,2026-08-01T21:32:11.770124+00:00,0.0,1,130.801668
NO_ACCEPTED_PREDICTION_BOOK,6810977,6810977,2026-08-01T21:32:12.535260+00:00,2026-08-01T21:34:13.663973+00:00,121.128713,121,2798.40798
NO_MICRO_SNAPSHOT,6810977,6810977,2026-08-01T21:34:14.669547+00:00,2026-08-01T21:34:14.669547+00:00,0.0,1,3276.500308
NO_ACCEPTED_PREDICTION_BOOK,6810977,6810977,2026-08-01T21:34:15.694556+00:00,2026-08-01T21:34:59.116058+00:00,43.421502,44,2735.907896
NO_ACCEPTED_PREDICTION_BOOK,6810980,6810980,2026-08-01T21:35:04.641183+00:00,2026-08-01T21:35:13.620424+00:00,8.979241,10,2146.507636
NO_MICRO_SNAPSHOT,6810980,6810980,2026-08-01T21:35:14.593764+00:00,2026-08-01T21:35:14.593764+00:00,0.0,1,3119.847796
NO_ACCEPTED_PREDICTION_BOOK,6810980,6810980,2026-08-01T21:35:15.671248+00:00,2026-08-01T21:39:59.023310+00:00,283.352062,282,2871.88008
NO_ACCEPTED_PREDICTION_BOOK,6810982,6810982,2026-08-01T21:40:03.018006+00:00,2026-08-01T21:44:59.370200+00:00,296.352194,295,2895.017132
NO_ACCEPTED_PREDICTION_BOOK,6810986,6810986,2026-08-01T21:45:05.192496+00:00,2026-08-01T21:49:59.131620+00:00,293.939124,293,2956.5699
NO_ACCEPTED_PREDICTION_BOOK,6810992,6810992,2026-08-01T21:50:04.449495+00:00,2026-08-01T21:54:58.464469+00:00,294.014974,293,2885.665288
NO_ACCEPTED_PREDICTION_BOOK,6811001,6811001,2026-08-01T21:55:05.245318+00:00,2026-08-01T21:59:59.306194+00:00,294.060876,293,2915.76474
NO_ACCEPTED_PREDICTION_BOOK,6811007,6811007,2026-08-01T22:00:05.101571+00:00,2026-08-01T22:04:59.439065+00:00,294.337494,293,2949.198968
NO_ACCEPTED_PREDICTION_BOOK,6811016,6811016,2026-08-01T22:05:05.329045+00:00,2026-08-01T22:09:58.775650+00:00,293.446605,292,2774.76764
NO_ACCEPTED_PREDICTION_BOOK,6811027,6811027,2026-08-01T22:10:05.002784+00:00,2026-08-01T22:14:59.125888+00:00,294.123104,293,2883.023156
NO_ACCEPTED_PREDICTION_BOOK,6811029,6811029,2026-08-01T22:15:05.323065+00:00,2026-08-01T22:19:00.048052+00:00,234.724987,234,2776.88078
NO_ACCEPTED_PREDICTION_BOOK,6811029,6811029,2026-08-01T22:19:08.166066+00:00,2026-08-01T22:19:59.388797+00:00,51.222731,52,2881.56384
MARKET_ID_MISMATCH,6811047,6811029,2026-08-01T22:20:05.500506+00:00,2026-08-01T22:20:07.655358+00:00,2.154852,3,134.977344
NO_ACCEPTED_PREDICTION_BOOK,6811047,6811047,2026-08-01T22:20:08.374231+00:00,2026-08-01T22:21:14.968004+00:00,66.593773,67,2698.651496
NO_MICRO_SNAPSHOT,6811047,6811047,2026-08-01T22:21:16.001716+00:00,2026-08-01T22:21:16.001716+00:00,0.0,1,3732.363368
NO_ACCEPTED_PREDICTION_BOOK,6811047,6811047,2026-08-01T22:21:17.027427+00:00,2026-08-01T22:22:14.426693+00:00,57.399266,58,2985.897728
NO_MICRO_SNAPSHOT,6811047,6811047,2026-08-01T22:22:15.446907+00:00,2026-08-01T22:22:18.609141+00:00,3.162234,4,4217.1614
NO_ACCEPTED_PREDICTION_BOOK,6811047,6811047,2026-08-01T22:22:19.489765+00:00,2026-08-01T22:24:58.718273+00:00,159.228508,159,2728.368304
NO_ACCEPTED_PREDICTION_BOOK,6811049,6811049,2026-08-01T22:25:02.875824+00:00,2026-08-01T22:29:59.177705+00:00,296.301881,295,2923.663264
NO_ACCEPTED_PREDICTION_BOOK,6811111,6811111,2026-08-01T22:30:02.514696+00:00,2026-08-01T22:30:15.464356+00:00,12.94966,14,2918.63844
NO_MICRO_SNAPSHOT,6811111,6811111,2026-08-01T22:30:16.498787+00:00,2026-08-01T22:30:18.502931+00:00,2.004144,3,4273.708848
NO_ACCEPTED_PREDICTION_BOOK,6811111,6811111,2026-08-01T22:30:19.513547+00:00,2026-08-01T22:33:14.758956+00:00,175.245409,175,2947.74758
NO_MICRO_SNAPSHOT,6811111,6811111,2026-08-01T22:33:15.748933+00:00,2026-08-01T22:33:15.748933+00:00,0.0,1,3002.81748
NO_ACCEPTED_PREDICTION_BOOK,6811111,6811111,2026-08-01T22:33:16.777149+00:00,2026-08-01T22:34:58.623207+00:00,101.846058,102,2709.883656
NO_ACCEPTED_PREDICTION_BOOK,6811115,6811115,2026-08-01T22:35:05.049301+00:00,2026-08-01T22:36:14.439760+00:00,69.390459,70,2840.852032
NO_MICRO_SNAPSHOT,6811115,6811115,2026-08-01T22:36:15.466204+00:00,2026-08-01T22:36:15.466204+00:00,0.0,1,3009.156204
NO_ACCEPTED_PREDICTION_BOOK,6811115,6811115,2026-08-01T22:36:16.472523+00:00,2026-08-01T22:37:14.970266+00:00,58.497743,59,2512.669312
NO_MICRO_SNAPSHOT,6811115,6811115,2026-08-01T22:37:16.002160+00:00,2026-08-01T22:37:17.021295+00:00,1.019135,2,3544.563328
NO_ACCEPTED_PREDICTION_BOOK,6811115,6811115,2026-08-01T22:37:18.228604+00:00,2026-08-01T22:38:14.541177+00:00,56.312573,57,2156.56984
NO_MICRO_SNAPSHOT,6811115,6811115,2026-08-01T22:38:15.684653+00:00,2026-08-01T22:38:16.639789+00:00,0.955136,2,3562.017044
NO_ACCEPTED_PREDICTION_BOOK,6811115,6811115,2026-08-01T22:38:17.563853+00:00,2026-08-01T22:39:15.153687+00:00,57.589834,58,2637.953044
NO_MICRO_SNAPSHOT,6811115,6811115,2026-08-01T22:39:16.142268+00:00,2026-08-01T22:39:16.142268+00:00,0.0,1,3057.060896
NO_ACCEPTED_PREDICTION_BOOK,6811115,6811115,2026-08-01T22:39:17.151358+00:00,2026-08-01T22:39:58.488100+00:00,41.336742,42,2047.970848
NO_ACCEPTED_PREDICTION_BOOK,6811117,6811117,2026-08-01T22:40:02.959730+00:00,2026-08-01T22:42:14.924461+00:00,131.964731,132,2983.369012
NO_MICRO_SNAPSHOT,6811117,6811117,2026-08-01T22:42:15.915264+00:00,2026-08-01T22:42:15.915264+00:00,0.0,1,3255.5391
NO_ACCEPTED_PREDICTION_BOOK,6811117,6811117,2026-08-01T22:42:16.936362+00:00,2026-08-01T22:43:15.429150+00:00,58.492788,59,2850.632008
NO_MICRO_SNAPSHOT,6811117,6811117,2026-08-01T22:43:16.394677+00:00,2026-08-01T22:43:19.472663+00:00,3.077986,4,4891.389768
NO_ACCEPTED_PREDICTION_BOOK,6811117,6811117,2026-08-01T22:43:20.484702+00:00,2026-08-01T22:44:14.924088+00:00,54.439386,55,2264.853064
NO_MICRO_SNAPSHOT,6811117,6811117,2026-08-01T22:44:15.935040+00:00,2026-08-01T22:44:15.935040+00:00,0.0,1,3275.805
NO_ACCEPTED_PREDICTION_BOOK,6811117,6811117,2026-08-01T22:44:16.938454+00:00,2026-08-01T22:44:59.275606+00:00,42.337152,43,2448.522584
NO_ACCEPTED_PREDICTION_BOOK,6811134,6811134,2026-08-01T22:45:05.357917+00:00,2026-08-01T22:45:15.329565+00:00,9.971648,11,2468.656528
NO_MICRO_SNAPSHOT,6811134,6811134,2026-08-01T22:45:16.319033+00:00,2026-08-01T22:45:16.319033+00:00,0.0,1,3014.837768
NO_ACCEPTED_PREDICTION_BOOK,6811134,6811134,2026-08-01T22:45:17.479874+00:00,2026-08-01T22:46:14.790158+00:00,57.310284,58,2011.58438
NO_MICRO_SNAPSHOT,6811134,6811134,2026-08-01T22:46:15.794280+00:00,2026-08-01T22:46:16.795312+00:00,1.001032,2,3435.312628
NO_ACCEPTED_PREDICTION_BOOK,6811134,6811134,2026-08-01T22:46:18.259978+00:00,2026-08-01T22:47:15.418751+00:00,57.158773,58,2556.907676
NO_MICRO_SNAPSHOT,6811134,6811134,2026-08-01T22:47:16.418817+00:00,2026-08-01T22:47:16.418817+00:00,0.0,1,3156.205076
NO_ACCEPTED_PREDICTION_BOOK,6811134,6811134,2026-08-01T22:47:17.426842+00:00,2026-08-01T22:48:14.921232+00:00,57.49439,58,2185.048172
NO_MICRO_SNAPSHOT,6811134,6811134,2026-08-01T22:48:15.955246+00:00,2026-08-01T22:48:15.955246+00:00,0.0,1,3219.06238
NO_ACCEPTED_PREDICTION_BOOK,6811134,6811134,2026-08-01T22:48:16.931567+00:00,2026-08-01T22:49:58.771746+00:00,101.840179,102,2667.429952
NO_ACCEPTED_PREDICTION_BOOK,6811160,6811160,2026-08-01T22:50:05.316007+00:00,2026-08-01T22:50:15.256894+00:00,9.940887,11,2392.870208
NO_MICRO_SNAPSHOT,6811160,6811160,2026-08-01T22:50:16.258349+00:00,2026-08-01T22:50:16.258349+00:00,0.0,1,3304.322444
NO_ACCEPTED_PREDICTION_BOOK,6811160,6811160,2026-08-01T22:50:17.438407+00:00,2026-08-01T22:54:15.224903+00:00,237.786496,237,2977.525232
NO_MICRO_SNAPSHOT,6811160,6811160,2026-08-01T22:54:16.225643+00:00,2026-08-01T22:54:16.225643+00:00,0.0,1,3358.313392
NO_ACCEPTED_PREDICTION_BOOK,6811160,6811160,2026-08-01T22:54:17.249482+00:00,2026-08-01T22:54:58.515056+00:00,41.265574,42,2334.474416
NO_ACCEPTED_PREDICTION_BOOK,6811164,6811164,2026-08-01T22:55:04.886685+00:00,2026-08-01T22:56:15.329333+00:00,70.442648,71,2972.019048
NO_MICRO_SNAPSHOT,6811164,6811164,2026-08-01T22:56:16.361213+00:00,2026-08-01T22:56:16.361213+00:00,0.0,1,3406.843228
NO_ACCEPTED_PREDICTION_BOOK,6811164,6811164,2026-08-01T22:56:17.528069+00:00,2026-08-01T22:57:15.776784+00:00,58.248715,59,2826.28308
NO_MICRO_SNAPSHOT,6811164,6811164,2026-08-01T22:57:16.782334+00:00,2026-08-01T22:57:22.824647+00:00,6.042313,7,6224.376068
NO_ACCEPTED_PREDICTION_BOOK,6811164,6811164,2026-08-01T22:57:23.834441+00:00,2026-08-01T22:58:15.332149+00:00,51.497708,52,2323.318392
NO_MICRO_SNAPSHOT,6811164,6811164,2026-08-01T22:58:16.341955+00:00,2026-08-01T22:58:16.341955+00:00,0.0,1,3333.124472
NO_ACCEPTED_PREDICTION_BOOK,6811164,6811164,2026-08-01T22:58:17.382076+00:00,2026-08-01T22:59:15.925494+00:00,58.543418,59,2794.962716
NO_MICRO_SNAPSHOT,6811164,6811164,2026-08-01T22:59:16.930387+00:00,2026-08-01T22:59:16.930387+00:00,0.0,1,3597.171956
NO_ACCEPTED_PREDICTION_BOOK,6811164,6811164,2026-08-01T22:59:17.945907+00:00,2026-08-01T22:59:59.329973+00:00,41.384066,42,2581.6517
NO_ACCEPTED_PREDICTION_BOOK,6811169,6811169,2026-08-01T23:00:07.102918+00:00,2026-08-01T23:01:15.592951+00:00,68.490033,69,2966.806708
NO_MICRO_SNAPSHOT,6811169,6811169,2026-08-01T23:01:16.603809+00:00,2026-08-01T23:01:16.603809+00:00,0.0,1,3269.068624
NO_ACCEPTED_PREDICTION_BOOK,6811169,6811169,2026-08-01T23:01:17.788304+00:00,2026-08-01T23:02:16.132229+00:00,58.343925,59,2965.30332
NO_MICRO_SNAPSHOT,6811169,6811169,2026-08-01T23:02:17.137719+00:00,2026-08-01T23:02:17.137719+00:00,0.0,1,3137.61336
NO_ACCEPTED_PREDICTION_BOOK,6811169,6811169,2026-08-01T23:02:18.302415+00:00,2026-08-01T23:03:15.729445+00:00,57.42703,58,2562.064964
NO_MICRO_SNAPSHOT,6811169,6811169,2026-08-01T23:03:16.739920+00:00,2026-08-01T23:03:16.739920+00:00,0.0,1,3328.161428
NO_ACCEPTED_PREDICTION_BOOK,6811169,6811169,2026-08-01T23:03:17.750096+00:00,2026-08-01T23:04:16.333922+00:00,58.583826,59,2966.250792
NO_MICRO_SNAPSHOT,6811169,6811169,2026-08-01T23:04:17.345448+00:00,2026-08-01T23:04:17.345448+00:00,0.0,1,3019.487064
NO_ACCEPTED_PREDICTION_BOOK,6811169,6811169,2026-08-01T23:04:18.351087+00:00,2026-08-01T23:04:58.832716+00:00,40.481629,41,2013.847896
MARKET_ID_MISMATCH,6811180,6811169,2026-08-01T23:05:02.354592+00:00,2026-08-01T23:05:02.974435+00:00,0.619843,2,129.5901
NO_ACCEPTED_PREDICTION_BOOK,6811180,6811180,2026-08-01T23:05:04.031079+00:00,2026-08-01T23:05:16.086435+00:00,12.055356,13,2963.963672
NO_MICRO_SNAPSHOT,6811180,6811180,2026-08-01T23:05:17.275732+00:00,2026-08-01T23:05:17.275732+00:00,0.0,1,3003.409632
NO_ACCEPTED_PREDICTION_BOOK,6811180,6811180,2026-08-01T23:05:18.107542+00:00,2026-08-01T23:06:16.075149+00:00,57.967607,58,2706.258856
NO_MICRO_SNAPSHOT,6811180,6811180,2026-08-01T23:06:17.093887+00:00,2026-08-01T23:06:18.308918+00:00,1.215031,2,3724.996776
NO_ACCEPTED_PREDICTION_BOOK,6811180,6811180,2026-08-01T23:06:19.133252+00:00,2026-08-01T23:07:15.678375+00:00,56.545123,57,2478.322812
NO_MICRO_SNAPSHOT,6811180,6811180,2026-08-01T23:07:16.692551+00:00,2026-08-01T23:07:16.692551+00:00,0.0,1,3492.498812
NO_ACCEPTED_PREDICTION_BOOK,6811180,6811180,2026-08-01T23:07:17.712544+00:00,2026-08-01T23:08:16.349985+00:00,58.637441,58,2973.020168
NO_MICRO_SNAPSHOT,6811180,6811180,2026-08-01T23:08:17.350565+00:00,2026-08-01T23:08:17.350565+00:00,0.0,1,3382.215836
NO_ACCEPTED_PREDICTION_BOOK,6811180,6811180,2026-08-01T23:08:18.365778+00:00,2026-08-01T23:09:15.845875+00:00,57.480097,58,2475.502144
NO_MICRO_SNAPSHOT,6811180,6811180,2026-08-01T23:09:16.854948+00:00,2026-08-01T23:09:16.854948+00:00,0.0,1,3205.583904
NO_ACCEPTED_PREDICTION_BOOK,6811180,6811180,2026-08-01T23:09:17.857707+00:00,2026-08-01T23:09:59.158776+00:00,41.301069,42,2202.824992
NO_ACCEPTED_PREDICTION_BOOK,6811183,6811183,2026-08-01T23:10:04.602667+00:00,2026-08-01T23:10:15.596649+00:00,10.993982,12,2122.80986
NO_MICRO_SNAPSHOT,6811183,6811183,2026-08-01T23:10:16.576678+00:00,2026-08-01T23:10:17.759028+00:00,1.18235,2,3755.403632
NO_ACCEPTED_PREDICTION_BOOK,6811183,6811183,2026-08-01T23:10:18.595943+00:00,2026-08-01T23:11:16.221955+00:00,57.626012,58,2918.488688
NO_MICRO_SNAPSHOT,6811183,6811183,2026-08-01T23:11:17.233259+00:00,2026-08-01T23:11:17.233259+00:00,0.0,1,3286.910592
NO_ACCEPTED_PREDICTION_BOOK,6811183,6811183,2026-08-01T23:11:18.432372+00:00,2026-08-01T23:12:15.754057+00:00,57.321685,58,2353.72596
NO_MICRO_SNAPSHOT,6811183,6811183,2026-08-01T23:12:16.740096+00:00,2026-08-01T23:12:17.748930+00:00,1.008834,2,3413.270252
NO_ACCEPTED_PREDICTION_BOOK,6811183,6811183,2026-08-01T23:12:18.921267+00:00,2026-08-01T23:13:15.972199+00:00,57.050932,54,2570.259212
NO_MICRO_SNAPSHOT,6811183,6811183,2026-08-01T23:13:16.994221+00:00,2026-08-01T23:13:24.065400+00:00,7.071179,8,6932.637452
NO_ACCEPTED_PREDICTION_BOOK,6811183,6811183,2026-08-01T23:13:25.280651+00:00,2026-08-01T23:13:33.442112+00:00,8.161461,9,2548.581592
NO_ACCEPTED_PREDICTION_BOOK,6811183,6811183,2026-08-01T23:13:48.189412+00:00,2026-08-01T23:14:50.153857+00:00,61.964445,61,2281.812324
NO_MICRO_SNAPSHOT,6811183,6811183,2026-08-01T23:14:51.158591+00:00,2026-08-01T23:14:53.201737+00:00,2.043146,3,4318.411108
NO_ACCEPTED_PREDICTION_BOOK,6811183,6811183,2026-08-01T23:14:54.182840+00:00,2026-08-01T23:14:59.236588+00:00,5.053748,6,2589.927636
NO_ACCEPTED_PREDICTION_BOOK,6811194,6811194,2026-08-01T23:15:05.113270+00:00,2026-08-01T23:15:06.019357+00:00,0.906087,2,137.903328
NO_PREDICTION_MARKET_ID,6811194,,2026-08-01T23:15:17.209683+00:00,2026-08-01T23:15:17.209683+00:00,0.0,1,143.819044
NO_ACCEPTED_PREDICTION_BOOK,6811194,6811194,2026-08-01T23:15:17.961219+00:00,2026-08-01T23:16:19.516869+00:00,61.55565,62,2793.21022
NO_MICRO_SNAPSHOT,6811194,6811194,2026-08-01T23:16:20.528514+00:00,2026-08-01T23:16:21.544123+00:00,1.015609,2,3804.854892
NO_ACCEPTED_PREDICTION_BOOK,6811194,6811194,2026-08-01T23:16:22.522758+00:00,2026-08-01T23:17:19.040525+00:00,56.517767,57,2355.483212
NO_MICRO_SNAPSHOT,6811194,6811194,2026-08-01T23:17:20.046221+00:00,2026-08-01T23:17:21.066068+00:00,1.019847,2,3592.296032
NO_ACCEPTED_PREDICTION_BOOK,6811194,6811194,2026-08-01T23:17:22.068937+00:00,2026-08-01T23:18:19.638665+00:00,57.569728,58,2754.66356
NO_MICRO_SNAPSHOT,6811194,6811194,2026-08-01T23:18:20.646288+00:00,2026-08-01T23:18:20.646288+00:00,0.0,1,3762.286472
NO_ACCEPTED_PREDICTION_BOOK,6811194,6811194,2026-08-01T23:18:21.680853+00:00,2026-08-01T23:19:01.971713+00:00,40.29086,41,2899.701908
NO_PREDICTION_MARKET_ID,6811194,,2026-08-01T23:19:12.691310+00:00,2026-08-01T23:19:12.691310+00:00,0.0,1,34.100176
NO_ACCEPTED_PREDICTION_BOOK,6811194,6811194,2026-08-01T23:19:13.486251+00:00,2026-08-01T23:19:58.955172+00:00,45.468921,46,137.756436
NO_ACCEPTED_PREDICTION_BOOK,6811201,6811201,2026-08-01T23:20:02.764926+00:00,2026-08-01T23:20:14.715735+00:00,11.950809,13,2459.58034
NO_MICRO_SNAPSHOT,6811201,6811201,2026-08-01T23:20:15.724776+00:00,2026-08-01T23:20:23.811479+00:00,8.086703,9,11555.32434
NO_MICRO_SNAPSHOT,6811201,,2026-08-01T23:20:24.810012+00:00,2026-08-01T23:20:24.810012+00:00,0.0,1,11048.97914
NO_ACCEPTED_PREDICTION_BOOK,6811201,6811201,2026-08-01T23:20:36.112330+00:00,2026-08-01T23:21:38.489611+00:00,62.377281,63,2894.150208
NO_MICRO_SNAPSHOT,6811201,6811201,2026-08-01T23:21:39.485271+00:00,2026-08-01T23:21:39.485271+00:00,0.0,1,3474.98236
NO_ACCEPTED_PREDICTION_BOOK,6811201,6811201,2026-08-01T23:21:40.510580+00:00,2026-08-01T23:22:38.056016+00:00,57.545436,58,2449.673432
NO_MICRO_SNAPSHOT,6811201,6811201,2026-08-01T23:22:39.064261+00:00,2026-08-01T23:22:39.064261+00:00,0.0,1,3324.556264
NO_ACCEPTED_PREDICTION_BOOK,6811201,6811201,2026-08-01T23:22:40.076560+00:00,2026-08-01T23:24:38.300990+00:00,118.22443,118,2957.727144
NO_MICRO_SNAPSHOT,6811201,6811201,2026-08-01T23:24:39.147875+00:00,2026-08-01T23:24:39.147875+00:00,0.0,1,3293.328128
NO_ACCEPTED_PREDICTION_BOOK,6811201,6811201,2026-08-01T23:24:40.173969+00:00,2026-08-01T23:24:59.348992+00:00,19.175023,20,2267.234048
NO_ACCEPTED_PREDICTION_BOOK,6811204,6811204,2026-08-01T23:25:05.244286+00:00,2026-08-01T23:28:38.036169+00:00,212.791883,212,2999.865892
NO_MICRO_SNAPSHOT,6811204,6811204,2026-08-01T23:28:39.019693+00:00,2026-08-01T23:28:39.019693+00:00,0.0,1,3154.32
NO_ACCEPTED_PREDICTION_BOOK,6811204,6811204,2026-08-01T23:28:40.066349+00:00,2026-08-01T23:29:58.729278+00:00,78.662929,79,2848.524824
NO_ACCEPTED_PREDICTION_BOOK,6811216,6811216,2026-08-01T23:30:04.739712+00:00,2026-08-01T23:30:37.852223+00:00,33.112511,34,2000.434476
NO_MICRO_SNAPSHOT,6811216,6811216,2026-08-01T23:30:38.864050+00:00,2026-08-01T23:30:38.864050+00:00,0.0,1,3012.26142
NO_ACCEPTED_PREDICTION_BOOK,6811216,6811216,2026-08-01T23:30:39.899711+00:00,2026-08-01T23:31:38.291664+00:00,58.391953,59,2657.181024
NO_MICRO_SNAPSHOT,6811216,6811216,2026-08-01T23:31:39.303713+00:00,2026-08-01T23:31:39.303713+00:00,0.0,1,3607.742776
NO_ACCEPTED_PREDICTION_BOOK,6811216,6811216,2026-08-01T23:31:40.289928+00:00,2026-08-01T23:33:38.190969+00:00,117.901041,118,2844.786408
NO_MICRO_SNAPSHOT,6811216,6811216,2026-08-01T23:33:39.202533+00:00,2026-08-01T23:33:43.240033+00:00,4.0375,5,5099.451836
NO_ACCEPTED_PREDICTION_BOOK,6811216,6811216,2026-08-01T23:33:44.255504+00:00,2026-08-01T23:34:58.790582+00:00,74.535078,75,2640.87862
NO_ACCEPTED_PREDICTION_BOOK,6811224,6811224,2026-08-01T23:35:05.630905+00:00,2026-08-01T23:35:38.723163+00:00,33.092258,34,2791.04208
NO_MICRO_SNAPSHOT,6811224,6811224,2026-08-01T23:35:39.712869+00:00,2026-08-01T23:35:39.712869+00:00,0.0,1,3114.511336
NO_ACCEPTED_PREDICTION_BOOK,6811224,6811224,2026-08-01T23:35:40.759082+00:00,2026-08-01T23:36:38.189685+00:00,57.430603,58,2141.702492
NO_MICRO_SNAPSHOT,6811224,6811224,2026-08-01T23:36:39.199201+00:00,2026-08-01T23:36:39.199201+00:00,0.0,1,3151.218524
NO_ACCEPTED_PREDICTION_BOOK,6811224,6811224,2026-08-01T23:36:40.204965+00:00,2026-08-01T23:37:38.598785+00:00,58.39382,59,2842.39868
NO_MICRO_SNAPSHOT,6811224,6811224,2026-08-01T23:37:39.629175+00:00,2026-08-01T23:37:39.629175+00:00,0.0,1,3646.04424
NO_ACCEPTED_PREDICTION_BOOK,6811224,6811224,2026-08-01T23:37:40.636296+00:00,2026-08-01T23:38:38.113872+00:00,57.477576,58,2680.851964
NO_MICRO_SNAPSHOT,6811224,6811224,2026-08-01T23:38:39.093997+00:00,2026-08-01T23:38:39.093997+00:00,0.0,1,3011.721856
NO_ACCEPTED_PREDICTION_BOOK,6811224,6811224,2026-08-01T23:38:40.106689+00:00,2026-08-01T23:39:58.739066+00:00,78.632377,79,2682.340624
NO_ACCEPTED_PREDICTION_BOOK,6811237,6811237,2026-08-01T23:40:02.867428+00:00,2026-08-01T23:41:38.466109+00:00,95.598681,96,2950.651036
NO_MICRO_SNAPSHOT,6811237,6811237,2026-08-01T23:41:39.501152+00:00,2026-08-01T23:41:39.501152+00:00,0.0,1,3021.3713
NO_ACCEPTED_PREDICTION_BOOK,6811237,6811237,2026-08-01T23:41:40.499489+00:00,2026-08-01T23:43:38.435671+00:00,117.936182,118,2897.248952
NO_MICRO_SNAPSHOT,6811237,6811237,2026-08-01T23:43:39.421659+00:00,2026-08-01T23:43:42.475202+00:00,3.053543,4,4766.740196
NO_ACCEPTED_PREDICTION_BOOK,6811237,6811237,2026-08-01T23:43:43.494102+00:00,2026-08-01T23:44:59.037453+00:00,75.543351,76,2766.66246
NO_ACCEPTED_PREDICTION_BOOK,6811243,6811243,2026-08-01T23:45:04.623557+00:00,2026-08-01T23:47:42.694413+00:00,158.070856,158,2908.797372
ACTIVE_MATCH,6811243,6811243,2026-08-01T23:47:43.668816+00:00,2026-08-01T23:47:45.681208+00:00,2.012392,3,125.68092
NO_ACCEPTED_PREDICTION_BOOK,6811243,6811243,2026-08-01T23:47:46.692752+00:00,2026-08-01T23:47:47.715333+00:00,1.022581,2,93.364828
ACTIVE_MATCH,6811243,6811243,2026-08-01T23:47:48.859208+00:00,2026-08-01T23:47:54.761666+00:00,5.902458,7,138.96778
NO_ACCEPTED_PREDICTION_BOOK,6811243,6811243,2026-08-01T23:47:55.795822+00:00,2026-08-01T23:47:59.801513+00:00,4.005691,5,112.376252
ACTIVE_MATCH,6811243,6811243,2026-08-01T23:48:00.805931+00:00,2026-08-01T23:48:39.096530+00:00,38.290599,39,2943.11512
NO_ACCEPTED_PREDICTION_BOOK,6811243,6811243,2026-08-01T23:48:40.118731+00:00,2026-08-01T23:48:42.173269+00:00,2.054538,3,1982.953992
ACTIVE_MATCH,6811243,6811243,2026-08-01T23:48:43.153065+00:00,2026-08-01T23:49:29.509473+00:00,46.356408,47,151.929216
NO_ACCEPTED_PREDICTION_BOOK,6811243,6811243,2026-08-01T23:49:44.347013+00:00,2026-08-01T23:49:59.165663+00:00,14.81865,16,141.16048
MARKET_ID_MISMATCH,6811250,6811243,2026-08-01T23:50:04.698428+00:00,2026-08-01T23:50:06.573319+00:00,1.874891,3,114.503804
NO_ACCEPTED_PREDICTION_BOOK,6811250,6811250,2026-08-01T23:50:07.591029+00:00,2026-08-01T23:50:14.658439+00:00,7.06741,8,138.895184
ACTIVE_MATCH,6811250,6811250,2026-08-01T23:50:15.673762+00:00,2026-08-01T23:50:46.859781+00:00,31.186019,32,2922.03632
NO_ACCEPTED_PREDICTION_BOOK,6811250,6811250,2026-08-01T23:50:48.025637+00:00,2026-08-01T23:50:50.896231+00:00,2.870594,4,2834.769036
ACTIVE_MATCH,6811250,6811250,2026-08-01T23:50:51.888045+00:00,2026-08-01T23:52:46.793279+00:00,114.905234,115,2816.420576
NO_ACCEPTED_PREDICTION_BOOK,6811250,6811250,2026-08-01T23:52:47.775378+00:00,2026-08-01T23:52:49.801355+00:00,2.025977,3,2848.99998
ACTIVE_MATCH,6811250,6811250,2026-08-01T23:52:50.826801+00:00,2026-08-01T23:53:46.271056+00:00,55.444255,56,2281.032372
NO_MICRO_SNAPSHOT,6811250,6811250,2026-08-01T23:53:47.272384+00:00,2026-08-01T23:53:47.272384+00:00,0.0,1,3210.2745
NO_ACCEPTED_PREDICTION_BOOK,6811250,6811250,2026-08-01T23:53:48.266108+00:00,2026-08-01T23:53:50.305726+00:00,2.039618,3,2216.55034
ACTIVE_MATCH,6811250,6811250,2026-08-01T23:53:51.322707+00:00,2026-08-01T23:54:47.066701+00:00,55.743994,56,2877.748356
NO_ACCEPTED_PREDICTION_BOOK,6811250,6811250,2026-08-01T23:54:48.098990+00:00,2026-08-01T23:54:50.106796+00:00,2.007806,3,2136.06892
ACTIVE_MATCH,6811250,6811250,2026-08-01T23:54:51.095345+00:00,2026-08-01T23:54:58.167130+00:00,7.071785,8,150.692472
NO_ACCEPTED_PREDICTION_BOOK,6811250,6811250,2026-08-01T23:54:59.151438+00:00,2026-08-01T23:54:59.151438+00:00,0.0,1,9.70178
NO_ACCEPTED_PREDICTION_BOOK,6811259,6811259,2026-08-01T23:55:03.157769+00:00,2026-08-01T23:55:03.157769+00:00,0.0,1,131.51314
ACTIVE_MATCH,6811259,6811259,2026-08-01T23:55:04.070230+00:00,2026-08-01T23:55:46.464296+00:00,42.394066,43,2436.498192
NO_ACCEPTED_PREDICTION_BOOK,6811259,6811259,2026-08-01T23:55:47.615230+00:00,2026-08-01T23:55:49.460661+00:00,1.845431,3,2508.834292
ACTIVE_MATCH,6811259,6811259,2026-08-01T23:55:50.466284+00:00,2026-08-01T23:56:46.961373+00:00,56.495089,57,2847.146284
NO_ACCEPTED_PREDICTION_BOOK,6811259,6811259,2026-08-01T23:56:48.100871+00:00,2026-08-01T23:56:49.971720+00:00,1.870849,3,2139.825832
ACTIVE_MATCH,6811259,6811259,2026-08-01T23:56:50.971980+00:00,2026-08-01T23:57:46.374302+00:00,55.402322,56,2082.487752
NO_ACCEPTED_PREDICTION_BOOK,6811259,6811259,2026-08-01T23:57:47.445581+00:00,2026-08-01T23:57:50.397593+00:00,2.952012,4,2841.845544
ACTIVE_MATCH,6811259,6811259,2026-08-01T23:57:51.418402+00:00,2026-08-01T23:58:46.864178+00:00,55.445776,54,2534.19812
NO_ACCEPTED_PREDICTION_BOOK,6811259,6811259,2026-08-01T23:58:47.888053+00:00,2026-08-01T23:58:49.899044+00:00,2.010991,3,2666.956508
ACTIVE_MATCH,6811259,6811259,2026-08-01T23:58:50.878056+00:00,2026-08-01T23:59:46.260632+00:00,55.382576,56,1999.680964
NO_MICRO_SNAPSHOT,6811259,6811259,2026-08-01T23:59:47.288197+00:00,2026-08-01T23:59:47.288197+00:00,0.0,1,3027.24602
NO_ACCEPTED_PREDICTION_BOOK,6811259,6811259,2026-08-01T23:59:48.304159+00:00,2026-08-01T23:59:50.290390+00:00,1.986231,3,2092.480324
ACTIVE_MATCH,6811259,6811259,2026-08-01T23:59:51.328710+00:00,2026-08-01T23:59:58.394148+00:00,7.065438,8,138.449952
NO_ACCEPTED_PREDICTION_BOOK,6811259,6811259,2026-08-01T23:59:59.414884+00:00,2026-08-01T23:59:59.414884+00:00,0.0,1,72.671196
NO_ACCEPTED_PREDICTION_BOOK,6811266,6811266,2026-08-02T00:00:04.728233+00:00,2026-08-02T00:00:04.728233+00:00,0.0,1,54.539716
ACTIVE_MATCH,6811266,6811266,2026-08-02T00:00:05.594491+00:00,2026-08-02T00:00:46.997569+00:00,41.403078,42,2809.509324
NO_MICRO_SNAPSHOT,6811266,6811266,2026-08-02T00:00:48.168807+00:00,2026-08-02T00:00:49.004097+00:00,0.83529,2,3841.380988
NO_ACCEPTED_PREDICTION_BOOK,6811266,6811266,2026-08-02T00:00:50.028297+00:00,2026-08-02T00:00:52.039297+00:00,2.011,3,1981.89094
ACTIVE_MATCH,6811266,6811266,2026-08-02T00:00:53.049535+00:00,2026-08-02T00:01:46.546399+00:00,53.496864,54,2200.980632
NO_MICRO_SNAPSHOT,6811266,6811266,2026-08-02T00:01:47.578908+00:00,2026-08-02T00:01:47.578908+00:00,0.0,1,3233.489304
NO_ACCEPTED_PREDICTION_BOOK,6811266,6811266,2026-08-02T00:01:48.722253+00:00,2026-08-02T00:01:50.602266+00:00,1.880013,3,2690.199144
ACTIVE_MATCH,6811266,6811266,2026-08-02T00:01:51.578627+00:00,2026-08-02T00:02:47.059727+00:00,55.4811,56,2812.721948
NO_ACCEPTED_PREDICTION_BOOK,6811266,6811266,2026-08-02T00:02:48.064843+00:00,2026-08-02T00:02:51.104695+00:00,3.039852,4,2962.921592
ACTIVE_MATCH,6811266,6811266,2026-08-02T00:02:52.094009+00:00,2026-08-02T00:03:46.574581+00:00,54.480572,55,2340.971192
NO_MICRO_SNAPSHOT,6811266,6811266,2026-08-02T00:03:47.591005+00:00,2026-08-02T00:03:47.591005+00:00,0.0,1,3357.395384
NO_ACCEPTED_PREDICTION_BOOK,6811266,6811266,2026-08-02T00:03:48.590803+00:00,2026-08-02T00:03:50.595864+00:00,2.005061,3,2576.568656
ACTIVE_MATCH,6811266,6811266,2026-08-02T00:03:51.588483+00:00,2026-08-02T00:04:25.970668+00:00,34.382185,35,125.34288
NO_ACCEPTED_PREDICTION_BOOK,6811266,6811266,2026-08-02T00:04:26.988499+00:00,2026-08-02T00:04:47.165706+00:00,20.177207,21,2724.507584
NO_MICRO_SNAPSHOT,6811266,6811266,2026-08-02T00:04:48.148935+00:00,2026-08-02T00:04:55.239975+00:00,7.09104,8,6763.62464
NO_ACCEPTED_PREDICTION_BOOK,6811266,6811266,2026-08-02T00:04:56.265504+00:00,2026-08-02T00:04:59.321170+00:00,3.055666,4,2452.347
NO_ACCEPTED_PREDICTION_BOOK,6811277,6811277,2026-08-02T00:05:05.055543+00:00,2026-08-02T00:05:05.055543+00:00,0.0,1,29.64456
ACTIVE_MATCH,6811277,6811277,2026-08-02T00:05:05.916734+00:00,2026-08-02T00:05:46.349211+00:00,40.432477,41,2144.24968
NO_MICRO_SNAPSHOT,6811277,6811277,2026-08-02T00:05:47.486426+00:00,2026-08-02T00:05:47.486426+00:00,0.0,1,3281.464912
NO_ACCEPTED_PREDICTION_BOOK,6811277,6811277,2026-08-02T00:05:48.326968+00:00,2026-08-02T00:05:50.330782+00:00,2.003814,3,2676.999436
ACTIVE_MATCH,6811277,6811277,2026-08-02T00:05:51.360807+00:00,2026-08-02T00:06:46.865184+00:00,55.504377,56,2369.7423
NO_MICRO_SNAPSHOT,6811277,6811277,2026-08-02T00:06:48.030773+00:00,2026-08-02T00:06:48.030773+00:00,0.0,1,3435.286308
NO_ACCEPTED_PREDICTION_BOOK,6811277,6811277,2026-08-02T00:06:48.882775+00:00,2026-08-02T00:06:50.895680+00:00,2.012905,3,2583.28426
ACTIVE_MATCH,6811277,6811277,2026-08-02T00:06:51.911813+00:00,2026-08-02T00:07:47.411197+00:00,55.499384,56,2914.902628
NO_ACCEPTED_PREDICTION_BOOK,6811277,6811277,2026-08-02T00:07:48.575543+00:00,2026-08-02T00:07:50.418272+00:00,1.842729,3,2227.38936
ACTIVE_MATCH,6811277,6811277,2026-08-02T00:07:51.436472+00:00,2026-08-02T00:08:46.919024+00:00,55.482552,56,2623.311972
NO_ACCEPTED_PREDICTION_BOOK,6811277,6811277,2026-08-02T00:08:47.908831+00:00,2026-08-02T00:08:49.944663+00:00,2.035832,3,2887.060524
ACTIVE_MATCH,6811277,6811277,2026-08-02T00:08:50.947098+00:00,2026-08-02T00:09:46.545531+00:00,55.598433,55,2096.347036
NO_MICRO_SNAPSHOT,6811277,6811277,2026-08-02T00:09:47.566312+00:00,2026-08-02T00:09:47.566312+00:00,0.0,1,3117.128092
NO_ACCEPTED_PREDICTION_BOOK,6811277,6811277,2026-08-02T00:09:48.566806+00:00,2026-08-02T00:09:50.612627+00:00,2.045821,3,2339.671784
ACTIVE_MATCH,6811277,6811277,2026-08-02T00:09:51.599374+00:00,2026-08-02T00:09:57.638133+00:00,6.038759,7,136.41238
NO_ACCEPTED_PREDICTION_BOOK,6811277,6811277,2026-08-02T00:09:58.644153+00:00,2026-08-02T00:09:58.644153+00:00,0.0,1,56.788188
NO_ACCEPTED_PREDICTION_BOOK,6811289,6811289,2026-08-02T00:10:28.798931+00:00,2026-08-02T00:10:28.798931+00:00,0.0,1,44.010244
ACTIVE_MATCH,6811289,6811289,2026-08-02T00:10:29.703516+00:00,2026-08-02T00:10:46.873621+00:00,17.170105,18,2467.623992
NO_MICRO_SNAPSHOT,6811289,6811289,2026-08-02T00:10:48.051753+00:00,2026-08-02T00:10:48.051753+00:00,0.0,1,3033.91154
NO_ACCEPTED_PREDICTION_BOOK,6811289,6811289,2026-08-02T00:10:48.902441+00:00,2026-08-02T00:10:50.922921+00:00,2.02048,3,2183.22354
ACTIVE_MATCH,6811289,6811289,2026-08-02T00:10:51.943054+00:00,2026-08-02T00:11:46.469061+00:00,54.526007,55,2098.026264
NO_MICRO_SNAPSHOT,6811289,6811289,2026-08-02T00:11:47.484526+00:00,2026-08-02T00:11:47.484526+00:00,0.0,1,3113.491224
NO_ACCEPTED_PREDICTION_BOOK,6811289,6811289,2026-08-02T00:11:48.643981+00:00,2026-08-02T00:11:51.517512+00:00,2.873531,4,2994.166144
ACTIVE_MATCH,6811289,6811289,2026-08-02T00:11:52.502279+00:00,2026-08-02T00:12:47.464017+00:00,54.961738,53,2915.393296
NO_MICRO_SNAPSHOT,6811289,6811289,2026-08-02T00:12:48.451108+00:00,2026-08-02T00:12:48.451108+00:00,0.0,1,3055.475204
NO_ACCEPTED_PREDICTION_BOOK,6811289,6811289,2026-08-02T00:12:49.648450+00:00,2026-08-02T00:12:51.510386+00:00,1.861936,3,1858.133508
ACTIVE_MATCH,6811289,6811289,2026-08-02T00:12:52.516802+00:00,2026-08-02T00:13:47.514947+00:00,54.998145,55,2930.911416
NO_ACCEPTED_PREDICTION_BOOK,6811289,6811289,2026-08-02T00:13:48.520982+00:00,2026-08-02T00:13:50.721310+00:00,2.200328,3,2578.159184
ACTIVE_MATCH,6811289,6811289,2026-08-02T00:13:51.556346+00:00,2026-08-02T00:14:47.113440+00:00,55.557094,55,2760.7426
NO_MICRO_SNAPSHOT,6811289,6811289,2026-08-02T00:14:48.137406+00:00,2026-08-02T00:14:48.137406+00:00,0.0,1,3240.392492
NO_ACCEPTED_PREDICTION_BOOK,6811289,6811289,2026-08-02T00:14:49.148740+00:00,2026-08-02T00:14:51.171146+00:00,2.022406,3,2229.058604
ACTIVE_MATCH,6811289,6811289,2026-08-02T00:14:52.188418+00:00,2026-08-02T00:14:59.245601+00:00,7.057183,8,121.005924
NO_ACCEPTED_PREDICTION_BOOK,6811297,6811297,2026-08-02T00:15:04.970307+00:00,2026-08-02T00:15:04.970307+00:00,0.0,1,100.147428
ACTIVE_MATCH,6811297,6811297,2026-08-02T00:15:05.846116+00:00,2026-08-02T00:15:47.486312+00:00,41.640196,42,2914.423636
NO_MICRO_SNAPSHOT,6811297,6811297,2026-08-02T00:15:48.234006+00:00,2026-08-02T00:15:49.238973+00:00,1.004967,2,4667.084628
NO_ACCEPTED_PREDICTION_BOOK,6811297,6811297,2026-08-02T00:16:07.105948+00:00,2026-08-02T00:16:07.105948+00:00,0.0,1,8.811496
ACTIVE_MATCH,6811297,6811297,2026-08-02T00:16:07.777005+00:00,2026-08-02T00:17:09.417156+00:00,61.640151,62,2963.161996
NO_MICRO_SNAPSHOT,6811297,6811297,2026-08-02T00:17:10.413265+00:00,2026-08-02T00:17:15.482485+00:00,5.06922,6,6006.722956
NO_ACCEPTED_PREDICTION_BOOK,6811297,6811297,2026-08-02T00:17:16.482398+00:00,2026-08-02T00:17:18.494849+00:00,2.012451,3,2427.906948
ACTIVE_MATCH,6811297,6811297,2026-08-02T00:17:19.515665+00:00,2026-08-02T00:19:09.528330+00:00,110.012665,110,2928.157784
NO_ACCEPTED_PREDICTION_BOOK,6811297,6811297,2026-08-02T00:19:10.557543+00:00,2026-08-02T00:19:12.600948+00:00,2.043405,3,2721.788188
ACTIVE_MATCH,6811297,6811297,2026-08-02T00:19:13.563005+00:00,2026-08-02T00:19:58.996507+00:00,45.433502,46,168.317604
NO_ACCEPTED_PREDICTION_BOOK,6811300,6811300,2026-08-02T00:20:05.362239+00:00,2026-08-02T00:20:05.362239+00:00,0.0,1,92.635824
ACTIVE_MATCH,6811300,6811300,2026-08-02T00:20:06.217806+00:00,2026-08-02T00:20:09.268922+00:00,3.051116,4,2738.330212
NO_ACCEPTED_PREDICTION_BOOK,6811300,6811300,2026-08-02T00:20:10.267992+00:00,2026-08-02T00:20:12.285836+00:00,2.017844,3,2375.903436
ACTIVE_MATCH,6811300,6811300,2026-08-02T00:20:13.300032+00:00,2026-08-02T00:24:09.466230+00:00,236.166198,235,2694.113216
NO_MICRO_SNAPSHOT,6811300,6811300,2026-08-02T00:24:10.478640+00:00,2026-08-02T00:24:10.478640+00:00,0.0,1,3034.313372
NO_ACCEPTED_PREDICTION_BOOK,6811300,6811300,2026-08-02T00:24:11.489654+00:00,2026-08-02T00:24:13.506843+00:00,2.017189,3,2023.299484
ACTIVE_MATCH,6811300,6811300,2026-08-02T00:24:14.522903+00:00,2026-08-02T00:24:58.989781+00:00,44.466878,45,154.042692
NO_ACCEPTED_PREDICTION_BOOK,6811304,6811304,2026-08-02T00:25:05.354752+00:00,2026-08-02T00:25:05.354752+00:00,0.0,1,63.8256
ACTIVE_MATCH,6811304,6811304,2026-08-02T00:25:06.197545+00:00,2026-08-02T00:25:09.221223+00:00,3.023678,4,2464.039368
NO_MICRO_SNAPSHOT,6811304,6811304,2026-08-02T00:25:10.216119+00:00,2026-08-02T00:25:10.216119+00:00,0.0,1,3287.16876
NO_ACCEPTED_PREDICTION_BOOK,6811304,6811304,2026-08-02T00:25:11.264538+00:00,2026-08-02T00:25:13.254027+00:00,1.989489,3,2238.749688
ACTIVE_MATCH,6811304,6811304,2026-08-02T00:25:14.263511+00:00,2026-08-02T00:26:09.597911+00:00,55.3344,56,2995.590584
NO_ACCEPTED_PREDICTION_BOOK,6811304,6811304,2026-08-02T00:26:10.600515+00:00,2026-08-02T00:26:12.652313+00:00,2.051798,3,2113.420484
ACTIVE_MATCH,6811304,6811304,2026-08-02T00:26:13.665512+00:00,2026-08-02T00:27:09.112174+00:00,55.446662,56,2440.26108
NO_ACCEPTED_PREDICTION_BOOK,6811304,6811304,2026-08-02T00:27:10.127147+00:00,2026-08-02T00:27:13.137225+00:00,3.010078,4,2868.676692
ACTIVE_MATCH,6811304,6811304,2026-08-02T00:27:14.169004+00:00,2026-08-02T00:28:09.607709+00:00,55.438705,56,2804.119428
NO_MICRO_SNAPSHOT,6811304,6811304,2026-08-02T00:28:10.576525+00:00,2026-08-02T00:28:12.602379+00:00,2.025854,3,4109.116212
NO_ACCEPTED_PREDICTION_BOOK,6811304,6811304,2026-08-02T00:28:13.611337+00:00,2026-08-02T00:28:15.632613+00:00,2.021276,3,2084.81234
ACTIVE_MATCH,6811304,6811304,2026-08-02T00:28:16.660546+00:00,2026-08-02T00:29:09.018226+00:00,52.35768,53,2379.35642
NO_ACCEPTED_PREDICTION_BOOK,6811304,6811304,2026-08-02T00:29:10.033708+00:00,2026-08-02T00:29:12.062288+00:00,2.02858,3,2753.963068
ACTIVE_MATCH,6811304,6811304,2026-08-02T00:29:13.074290+00:00,2026-08-02T00:29:50.337342+00:00,37.263052,38,150.885768
NO_ACCEPTED_PREDICTION_BOOK,6811304,6811304,2026-08-02T00:29:51.347626+00:00,2026-08-02T00:29:59.415654+00:00,8.068028,9,70.758996
NO_ACCEPTED_PREDICTION_BOOK,6811312,6811312,2026-08-02T00:30:05.011861+00:00,2026-08-02T00:30:05.011861+00:00,0.0,1,114.601708
ACTIVE_MATCH,6811312,6811312,2026-08-02T00:30:05.877919+00:00,2026-08-02T00:30:08.906346+00:00,3.028427,4,2246.722784
NO_ACCEPTED_PREDICTION_BOOK,6811312,6811312,2026-08-02T00:30:09.914671+00:00,2026-08-02T00:30:11.951677+00:00,2.037006,3,2685.080452
ACTIVE_MATCH,6811312,6811312,2026-08-02T00:30:12.936739+00:00,2026-08-02T00:34:58.096440+00:00,285.159701,284,1146.3719
NO_ACCEPTED_PREDICTION_BOOK,6811312,6811312,2026-08-02T00:34:59.071002+00:00,2026-08-02T00:34:59.071002+00:00,0.0,1,34.760988
NO_ACCEPTED_PREDICTION_BOOK,6811322,6811322,2026-08-02T00:35:05.277822+00:00,2026-08-02T00:35:05.277822+00:00,0.0,1,127.858648
ACTIVE_MATCH,6811322,6811322,2026-08-02T00:35:06.160078+00:00,2026-08-02T00:39:59.352748+00:00,293.19267,292,1410.628352
NO_ACCEPTED_PREDICTION_BOOK,6811328,6811328,2026-08-02T00:40:03.006062+00:00,2026-08-02T00:40:03.006062+00:00,0.0,1,93.17538
ACTIVE_MATCH,6811328,6811328,2026-08-02T00:40:03.908108+00:00,2026-08-02T00:42:09.947609+00:00,126.039501,126,2981.230432
NO_ACCEPTED_PREDICTION_BOOK,6811328,6811328,2026-08-02T00:42:10.941705+00:00,2026-08-02T00:42:12.961844+00:00,2.020139,3,2112.15134
ACTIVE_MATCH,6811328,6811328,2026-08-02T00:42:13.955162+00:00,2026-08-02T00:43:09.347332+00:00,55.39217,56,2239.573096
NO_ACCEPTED_PREDICTION_BOOK,6811328,6811328,2026-08-02T00:43:10.365972+00:00,2026-08-02T00:43:12.374244+00:00,2.008272,3,2608.429132
ACTIVE_MATCH,6811328,6811328,2026-08-02T00:43:13.400624+00:00,2026-08-02T00:44:09.907225+00:00,56.506601,57,2805.969732
NO_ACCEPTED_PREDICTION_BOOK,6811328,6811328,2026-08-02T00:44:10.916794+00:00,2026-08-02T00:44:11.939209+00:00,1.022415,2,1892.782088
ACTIVE_MATCH,6811328,6811328,2026-08-02T00:44:12.967607+00:00,2026-08-02T00:44:58.303029+00:00,45.335422,46,155.413364
NO_ACCEPTED_PREDICTION_BOOK,6811328,6811328,2026-08-02T00:44:59.290291+00:00,2026-08-02T00:44:59.290291+00:00,0.0,1,20.425944
NO_ACCEPTED_PREDICTION_BOOK,6811335,6811335,2026-08-02T00:45:03.193714+00:00,2026-08-02T00:45:03.193714+00:00,0.0,1,38.23588
ACTIVE_MATCH,6811335,6811335,2026-08-02T00:45:04.075493+00:00,2026-08-02T00:45:09.099431+00:00,5.023938,6,2120.487812
NO_ACCEPTED_PREDICTION_BOOK,6811335,6811335,2026-08-02T00:45:10.108666+00:00,2026-08-02T00:45:12.154863+00:00,2.046197,3,2836.193944
ACTIVE_MATCH,6811335,6811335,2026-08-02T00:45:13.164370+00:00,2026-08-02T00:49:59.202549+00:00,286.038179,285,1329.211328
NO_ACCEPTED_PREDICTION_BOOK,6811338,6811338,2026-08-02T00:50:04.855257+00:00,2026-08-02T00:50:04.855257+00:00,0.0,1,95.623788
ACTIVE_MATCH,6811338,6811338,2026-08-02T00:50:05.738188+00:00,2026-08-02T00:54:57.942300+00:00,292.204112,291,1266.452936
NO_ACCEPTED_PREDICTION_BOOK,6811338,6811338,2026-08-02T00:54:58.968305+00:00,2026-08-02T00:54:58.968305+00:00,0.0,1,0.402952
NO_ACCEPTED_PREDICTION_BOOK,6811341,6811341,2026-08-02T00:55:05.422803+00:00,2026-08-02T00:55:05.422803+00:00,0.0,1,49.661844
ACTIVE_MATCH,6811341,6811341,2026-08-02T00:55:06.336725+00:00,2026-08-02T00:55:09.351716+00:00,3.014991,4,2113.552996
NO_ACCEPTED_PREDICTION_BOOK,6811341,6811341,2026-08-02T00:55:10.331931+00:00,2026-08-02T00:55:12.368030+00:00,2.036099,3,2784.164164
ACTIVE_MATCH,6811341,6811341,2026-08-02T00:55:13.361902+00:00,2026-08-02T00:56:09.856800+00:00,56.494898,57,2649.5615
NO_ACCEPTED_PREDICTION_BOOK,6811341,6811341,2026-08-02T00:56:10.822127+00:00,2026-08-02T00:56:12.852161+00:00,2.030034,3,2181.387496
ACTIVE_MATCH,6811341,6811341,2026-08-02T00:56:13.858148+00:00,2026-08-02T00:57:09.344224+00:00,55.486076,56,2029.2524
NO_ACCEPTED_PREDICTION_BOOK,6811341,6811341,2026-08-02T00:57:10.359841+00:00,2026-08-02T00:57:12.379800+00:00,2.019959,3,2299.567376
ACTIVE_MATCH,6811341,6811341,2026-08-02T00:57:13.388965+00:00,2026-08-02T00:58:09.904532+00:00,56.515567,57,2595.635268
NO_ACCEPTED_PREDICTION_BOOK,6811341,6811341,2026-08-02T00:58:10.909894+00:00,2026-08-02T00:58:11.904083+00:00,0.994189,2,1710.772812
ACTIVE_MATCH,6811341,6811341,2026-08-02T00:58:12.938997+00:00,2026-08-02T00:59:09.354147+00:00,56.41515,57,1942.286372
NO_ACCEPTED_PREDICTION_BOOK,6811341,6811341,2026-08-02T00:59:10.347536+00:00,2026-08-02T00:59:12.397994+00:00,2.050458,3,2396.569972
ACTIVE_MATCH,6811341,6811341,2026-08-02T00:59:13.377376+00:00,2026-08-02T00:59:33.554710+00:00,20.177334,21,143.0074
NO_ACCEPTED_PREDICTION_BOOK,6811341,6811341,2026-08-02T00:59:34.694460+00:00,2026-08-02T00:59:34.694460+00:00,0.0,1,123.059496
ACTIVE_MATCH,6811341,6811341,2026-08-02T00:59:35.549807+00:00,2026-08-02T00:59:58.769975+00:00,23.220168,24,146.685304
NO_ACCEPTED_PREDICTION_BOOK,6811350,6811350,2026-08-02T01:00:04.937542+00:00,2026-08-02T01:00:06.675497+00:00,1.737955,3,121.35206
ACTIVE_MATCH,6811350,6811350,2026-08-02T01:00:07.696994+00:00,2026-08-02T01:00:09.701031+00:00,2.004037,3,2369.989112
NO_ACCEPTED_PREDICTION_BOOK,6811350,6811350,2026-08-02T01:00:10.710720+00:00,2026-08-02T01:00:12.720055+00:00,2.009335,3,1996.5437
ACTIVE_MATCH,6811350,6811350,2026-08-02T01:00:13.765803+00:00,2026-08-02T01:01:26.287305+00:00,72.521502,73,943.01774
NO_ACCEPTED_PREDICTION_BOOK,6811350,6811350,2026-08-02T01:01:27.339134+00:00,2026-08-02T01:01:28.296115+00:00,0.956981,2,125.805848
ACTIVE_MATCH,6811350,6811350,2026-08-02T01:01:29.315181+00:00,2026-08-02T01:01:31.346826+00:00,2.031645,3,61.480816
NO_ACCEPTED_PREDICTION_BOOK,6811350,6811350,2026-08-02T01:01:32.372361+00:00,2026-08-02T01:01:33.511009+00:00,1.138648,2,142.93984
ACTIVE_MATCH,6811350,6811350,2026-08-02T01:01:34.403476+00:00,2026-08-02T01:01:36.390484+00:00,1.987008,3,64.6505
NO_ACCEPTED_PREDICTION_BOOK,6811350,6811350,2026-08-02T01:01:37.380297+00:00,2026-08-02T01:04:59.023311+00:00,201.643014,201,2725.27728
NO_ACCEPTED_PREDICTION_BOOK,6811372,6811372,2026-08-02T01:05:04.789833+00:00,2026-08-02T01:09:58.850360+00:00,294.060527,293,2366.836464
NO_ACCEPTED_PREDICTION_BOOK,6811381,6811381,2026-08-02T01:10:33.116324+00:00,2026-08-02T01:14:09.621753+00:00,216.505429,216,2481.88502
NO_MICRO_SNAPSHOT,6811381,6811381,2026-08-02T01:14:10.632530+00:00,2026-08-02T01:14:11.631710+00:00,0.99918,2,3580.715348
NO_ACCEPTED_PREDICTION_BOOK,6811381,6811381,2026-08-02T01:14:12.644927+00:00,2026-08-02T01:14:59.136067+00:00,46.49114,47,2567.498324
NO_ACCEPTED_PREDICTION_BOOK,6811388,6811388,2026-08-02T01:15:05.487562+00:00,2026-08-02T01:19:58.989028+00:00,293.501466,292,2332.504344
NO_ACCEPTED_PREDICTION_BOOK,6811391,6811391,2026-08-02T01:20:05.415653+00:00,2026-08-02T01:21:09.772058+00:00,64.356405,65,2176.382112
NO_MICRO_SNAPSHOT,6811391,6811391,2026-08-02T01:21:10.798214+00:00,2026-08-02T01:21:10.798214+00:00,0.0,1,3186.336712
NO_ACCEPTED_PREDICTION_BOOK,6811391,6811391,2026-08-02T01:21:11.825971+00:00,2026-08-02T01:23:09.612209+00:00,117.786238,118,2471.087376
NO_MICRO_SNAPSHOT,6811391,6811391,2026-08-02T01:23:10.601854+00:00,2026-08-02T01:23:13.631768+00:00,3.029914,4,4519.780084
NO_ACCEPTED_PREDICTION_BOOK,6811391,6811391,2026-08-02T01:23:14.660454+00:00,2026-08-02T01:24:10.101169+00:00,55.440715,56,2480.179956
NO_MICRO_SNAPSHOT,6811391,6811391,2026-08-02T01:24:11.090071+00:00,2026-08-02T01:24:11.090071+00:00,0.0,1,3463.85304
NO_ACCEPTED_PREDICTION_BOOK,6811391,6811391,2026-08-02T01:24:12.113900+00:00,2026-08-02T01:24:59.463552+00:00,47.349652,48,2500.646968
NO_ACCEPTED_PREDICTION_BOOK,6811392,6811392,2026-08-02T01:25:04.841624+00:00,2026-08-02T01:29:59.012600+00:00,294.170976,293,2268.759864
NO_ACCEPTED_PREDICTION_BOOK,6811399,6811399,2026-08-02T01:30:04.916552+00:00,2026-08-02T01:34:59.244199+00:00,294.327647,293,2375.245852
NO_ACCEPTED_PREDICTION_BOOK,6811445,6811445,2026-08-02T01:35:03.186218+00:00,2026-08-02T01:39:59.224856+00:00,296.038638,295,2373.27646
NO_ACCEPTED_PREDICTION_BOOK,6811448,6811448,2026-08-02T01:40:04.790209+00:00,2026-08-02T01:44:58.749068+00:00,293.958859,293,2301.802056
NO_ACCEPTED_PREDICTION_BOOK,6811465,6811465,2026-08-02T01:45:05.051924+00:00,2026-08-02T01:49:59.221415+00:00,294.169491,293,2866.487344
NO_ACCEPTED_PREDICTION_BOOK,6811482,6811482,2026-08-02T01:50:05.482056+00:00,2026-08-02T01:54:58.581900+00:00,293.099844,292,2323.016196
NO_ACCEPTED_PREDICTION_BOOK,6811487,6811487,2026-08-02T01:55:04.971621+00:00,2026-08-02T01:59:59.131463+00:00,294.159842,293,2195.959136
NO_ACCEPTED_PREDICTION_BOOK,6811508,6811508,2026-08-02T02:00:04.825270+00:00,2026-08-02T02:04:58.867097+00:00,294.041827,293,2180.71148
NO_ACCEPTED_PREDICTION_BOOK,6811546,6811546,2026-08-02T02:05:04.987677+00:00,2026-08-02T02:06:56.302334+00:00,111.314657,110,2224.6334
NO_ACCEPTED_PREDICTION_BOOK,6811546,6811546,2026-08-02T02:07:02.635402+00:00,2026-08-02T02:07:18.473853+00:00,15.838451,15,2307.519516
NO_ACCEPTED_PREDICTION_BOOK,6811546,6811546,2026-08-02T02:07:24.117767+00:00,2026-08-02T02:09:10.799755+00:00,106.681988,96,2848.01268
NO_MICRO_SNAPSHOT,6811546,6811546,2026-08-02T02:09:11.790444+00:00,2026-08-02T02:09:11.790444+00:00,0.0,1,3167.397124
NO_ACCEPTED_PREDICTION_BOOK,6811546,6811546,2026-08-02T02:09:12.905776+00:00,2026-08-02T02:09:59.222400+00:00,46.316624,47,2052.064772
NO_ACCEPTED_PREDICTION_BOOK,6811549,6811549,2026-08-02T02:10:04.358615+00:00,2026-08-02T02:14:58.912162+00:00,294.553547,293,2355.56256
NO_ACCEPTED_PREDICTION_BOOK,6811555,6811555,2026-08-02T02:15:05.251155+00:00,2026-08-02T02:16:10.729131+00:00,65.477976,66,2135.068208
NO_MICRO_SNAPSHOT,6811555,6811555,2026-08-02T02:16:11.784526+00:00,2026-08-02T02:16:11.784526+00:00,0.0,1,3116.93218
NO_ACCEPTED_PREDICTION_BOOK,6811555,6811555,2026-08-02T02:16:12.834787+00:00,2026-08-02T02:19:58.630683+00:00,225.795896,223,2345.870296
NO_ACCEPTED_PREDICTION_BOOK,6811564,6811564,2026-08-02T02:20:05.082320+00:00,2026-08-02T02:24:11.014393+00:00,245.932073,245,2906.283996
NO_MICRO_SNAPSHOT,6811564,6811564,2026-08-02T02:24:12.002244+00:00,2026-08-02T02:24:13.020874+00:00,1.01863,2,3459.136416
NO_ACCEPTED_PREDICTION_BOOK,6811564,6811564,2026-08-02T02:24:14.032622+00:00,2026-08-02T02:24:59.466394+00:00,45.433772,46,2447.38832
NO_ACCEPTED_PREDICTION_BOOK,6811568,6811568,2026-08-02T02:25:05.711486+00:00,2026-08-02T02:29:58.875746+00:00,293.16426,292,2439.932464
NO_ACCEPTED_PREDICTION_BOOK,6811573,6811573,2026-08-02T02:30:02.771060+00:00,2026-08-02T02:31:11.192576+00:00,68.421516,69,2401.9511
NO_MICRO_SNAPSHOT,6811573,6811573,2026-08-02T02:31:12.198833+00:00,2026-08-02T02:31:13.216991+00:00,1.018158,2,3848.381624
NO_ACCEPTED_PREDICTION_BOOK,6811573,6811573,2026-08-02T02:31:14.223404+00:00,2026-08-02T02:34:59.001818+00:00,224.778414,224,2841.968568
NO_ACCEPTED_PREDICTION_BOOK,6811581,6811581,2026-08-02T02:35:05.180919+00:00,2026-08-02T02:39:59.452874+00:00,294.271955,293,2610.067248
NO_ACCEPTED_PREDICTION_BOOK,6811583,6811583,2026-08-02T02:40:05.226133+00:00,2026-08-02T02:44:59.420563+00:00,294.19443,293,2508.692628
NO_ACCEPTED_PREDICTION_BOOK,6811594,6811594,2026-08-02T02:45:05.213407+00:00,2026-08-02T02:49:59.348420+00:00,294.135013,293,2372.242808
NO_ACCEPTED_PREDICTION_BOOK,6811599,6811599,2026-08-02T02:50:02.728412+00:00,2026-08-02T02:54:58.810305+00:00,296.081893,295,2549.086472
NO_ACCEPTED_PREDICTION_BOOK,6811608,6811608,2026-08-02T02:55:04.955775+00:00,2026-08-02T02:59:59.001141+00:00,294.045366,293,2497.019972
NO_ACCEPTED_PREDICTION_BOOK,6811624,6811624,2026-08-02T03:00:05.355730+00:00,2026-08-02T03:04:15.137159+00:00,249.781429,249,2664.639508
ACTIVE_MATCH,6811624,6811624,2026-08-02T03:04:16.123902+00:00,2026-08-02T03:04:32.224007+00:00,16.100105,17,130.300492
NO_ACCEPTED_PREDICTION_BOOK,6811624,6811624,2026-08-02T03:04:33.203846+00:00,2026-08-02T03:04:59.409309+00:00,26.205463,27,123.763924
NO_ACCEPTED_PREDICTION_BOOK,6811635,6811635,2026-08-02T03:05:02.879296+00:00,2026-08-02T03:09:59.068238+00:00,296.188942,295,2495.044216
NO_ACCEPTED_PREDICTION_BOOK,6811638,6811638,2026-08-02T03:10:04.689798+00:00,2026-08-02T03:14:58.989557+00:00,294.299759,293,2594.079188
NO_ACCEPTED_PREDICTION_BOOK,6811648,6811648,2026-08-02T03:15:04.922663+00:00,2026-08-02T03:19:59.060258+00:00,294.137595,293,2624.37204
NO_ACCEPTED_PREDICTION_BOOK,6811652,6811652,2026-08-02T03:20:03.204885+00:00,2026-08-02T03:21:12.722121+00:00,69.517236,70,2785.34416
NO_MICRO_SNAPSHOT,6811652,6811652,2026-08-02T03:21:13.731730+00:00,2026-08-02T03:21:13.731730+00:00,0.0,1,3016.05548
NO_ACCEPTED_PREDICTION_BOOK,6811652,6811652,2026-08-02T03:21:14.742346+00:00,2026-08-02T03:24:59.259122+00:00,224.516776,223,2554.346556
NO_ACCEPTED_PREDICTION_BOOK,6811655,6811655,2026-08-02T03:25:04.927352+00:00,2026-08-02T03:29:12.653929+00:00,247.726577,240,2719.05326
NO_MICRO_SNAPSHOT,6811655,6811655,2026-08-02T03:29:13.827345+00:00,2026-08-02T03:29:22.944881+00:00,9.117536,10,7525.249924
NO_ACCEPTED_PREDICTION_BOOK,6811655,6811655,2026-08-02T03:29:24.148118+00:00,2026-08-02T03:29:58.702026+00:00,34.553908,33,1983.946884
NO_ACCEPTED_PREDICTION_BOOK,6811662,6811662,2026-08-02T03:30:02.661446+00:00,2026-08-02T03:34:58.776929+00:00,296.115483,294,2755.357088
NO_ACCEPTED_PREDICTION_BOOK,6811669,6811669,2026-08-02T03:36:07.336115+00:00,2026-08-02T03:36:12.304571+00:00,4.968456,6,2127.24828
NO_MICRO_SNAPSHOT,6811669,6811669,2026-08-02T03:36:13.297350+00:00,2026-08-02T03:36:17.331147+00:00,4.033797,5,5143.206296
NO_ACCEPTED_PREDICTION_BOOK,6811669,6811669,2026-08-02T03:36:18.516746+00:00,2026-08-02T03:39:58.758963+00:00,220.242217,219,2735.931868
NO_ACCEPTED_PREDICTION_BOOK,6811672,6811672,2026-08-02T03:40:05.109039+00:00,2026-08-02T03:44:59.358568+00:00,294.249529,292,2765.494188
NO_ACCEPTED_PREDICTION_BOOK,6811683,6811683,2026-08-02T03:45:05.368280+00:00,2026-08-02T03:49:58.576054+00:00,293.207774,291,2858.694092
NO_ACCEPTED_PREDICTION_BOOK,6811686,6811686,2026-08-02T03:50:05.219463+00:00,2026-08-02T03:54:59.272762+00:00,294.053299,292,2493.759892
MARKET_ID_MISMATCH,6811715,6811686,2026-08-02T03:55:02.698147+00:00,2026-08-02T03:55:02.698147+00:00,0.0,1,73.321872
NO_ACCEPTED_PREDICTION_BOOK,6811715,6811715,2026-08-02T03:55:03.619151+00:00,2026-08-02T03:58:12.721509+00:00,189.102358,188,2650.568548
NO_MICRO_SNAPSHOT,6811715,6811715,2026-08-02T03:58:13.751346+00:00,2026-08-02T03:58:14.768307+00:00,1.016961,2,3264.966276
NO_ACCEPTED_PREDICTION_BOOK,6811715,6811715,2026-08-02T03:58:15.777203+00:00,2026-08-02T03:59:58.890863+00:00,103.11366,103,2410.300112
NO_ACCEPTED_PREDICTION_BOOK,6811746,6811746,2026-08-02T04:00:04.737215+00:00,2026-08-02T04:04:58.736920+00:00,293.999705,292,2828.15204
NO_ACCEPTED_PREDICTION_BOOK,6811752,6811752,2026-08-02T04:05:05.175414+00:00,2026-08-02T04:09:59.140075+00:00,293.964661,292,2676.780096
NO_ACCEPTED_PREDICTION_BOOK,6811755,6811755,2026-08-02T04:10:04.870802+00:00,2026-08-02T04:14:58.906168+00:00,294.035366,292,2567.197528
NO_ACCEPTED_PREDICTION_BOOK,6811757,6811757,2026-08-02T04:15:04.899506+00:00,2026-08-02T04:16:13.561447+00:00,68.661941,69,2787.109412
NO_MICRO_SNAPSHOT,6811757,6811757,2026-08-02T04:16:14.588088+00:00,2026-08-02T04:16:15.606436+00:00,1.018348,2,3908.728404
NO_ACCEPTED_PREDICTION_BOOK,6811757,6811757,2026-08-02T04:16:16.592820+00:00,2026-08-02T04:19:59.084364+00:00,222.491544,221,2922.344532
NO_ACCEPTED_PREDICTION_BOOK,6811763,6811763,2026-08-02T04:20:04.806968+00:00,2026-08-02T04:24:58.780766+00:00,293.973798,292,2600.52998
NO_ACCEPTED_PREDICTION_BOOK,6811767,6811767,2026-08-02T04:25:05.407532+00:00,2026-08-02T04:29:59.472149+00:00,294.064617,292,2624.901576
NO_ACCEPTED_PREDICTION_BOOK,6811780,6811780,2026-08-02T04:30:05.220958+00:00,2026-08-02T04:34:59.192160+00:00,293.971202,292,2473.110632
NO_ACCEPTED_PREDICTION_BOOK,6811810,6811810,2026-08-02T04:35:04.980970+00:00,2026-08-02T04:39:59.101067+00:00,294.120097,292,2575.11358
NO_ACCEPTED_PREDICTION_BOOK,6811813,6811813,2026-08-02T04:40:03.045858+00:00,2026-08-02T04:41:13.746827+00:00,70.700969,71,2641.315508
NO_MICRO_SNAPSHOT,6811813,6811813,2026-08-02T04:41:14.718803+00:00,2026-08-02T04:41:14.718803+00:00,0.0,1,3562.768356
NO_ACCEPTED_PREDICTION_BOOK,6811813,6811813,2026-08-02T04:41:15.715379+00:00,2026-08-02T04:44:59.200763+00:00,223.485384,222,2566.192356
NO_ACCEPTED_PREDICTION_BOOK,6811907,6811907,2026-08-02T04:45:04.894005+00:00,2026-08-02T04:49:59.146827+00:00,294.252822,292,2719.841784
NO_ACCEPTED_PREDICTION_BOOK,6811910,6811910,2026-08-02T04:50:04.616718+00:00,2026-08-02T04:54:58.677363+00:00,294.060645,292,2425.6004
NO_ACCEPTED_PREDICTION_BOOK,6811914,6811914,2026-08-02T04:55:05.400482+00:00,2026-08-02T04:59:59.489388+00:00,294.088906,292,2468.035012
NO_ACCEPTED_PREDICTION_BOOK,6811923,6811923,2026-08-02T05:00:05.022565+00:00,2026-08-02T05:04:59.069649+00:00,294.047084,292,2760.84644
MARKET_ID_MISMATCH,6811928,6811923,2026-08-02T05:05:05.354332+00:00,2026-08-02T05:05:05.354332+00:00,0.0,1,11.605996
NO_ACCEPTED_PREDICTION_BOOK,6811928,6811928,2026-08-02T05:05:06.256462+00:00,2026-08-02T05:09:14.025645+00:00,247.769183,246,2543.86192
NO_MICRO_SNAPSHOT,6811928,6811928,2026-08-02T05:09:15.004702+00:00,2026-08-02T05:09:15.004702+00:00,0.0,1,3289.668808
NO_ACCEPTED_PREDICTION_BOOK,6811928,6811928,2026-08-02T05:09:16.028814+00:00,2026-08-02T05:09:59.529253+00:00,43.500439,44,2875.32742
NO_ACCEPTED_PREDICTION_BOOK,6811930,6811930,2026-08-02T05:10:03.639669+00:00,2026-08-02T05:10:14.635925+00:00,10.996256,12,2760.544392
NO_MICRO_SNAPSHOT,6811930,6811930,2026-08-02T05:10:15.697083+00:00,2026-08-02T05:10:15.697083+00:00,0.0,1,3619.50742
NO_ACCEPTED_PREDICTION_BOOK,6811930,6811930,2026-08-02T05:10:16.704485+00:00,2026-08-02T05:14:58.824235+00:00,282.11975,280,2684.53158
NO_ACCEPTED_PREDICTION_BOOK,6811956,6811956,2026-08-02T05:15:05.012462+00:00,2026-08-02T05:19:59.088266+00:00,294.075804,292,2361.002804
NO_ACCEPTED_PREDICTION_BOOK,6811957,6811957,2026-08-02T05:20:02.898119+00:00,2026-08-02T05:24:59.095255+00:00,296.197136,294,2370.887556
NO_ACCEPTED_PREDICTION_BOOK,6811962,6811962,2026-08-02T05:25:04.582282+00:00,2026-08-02T05:25:14.576317+00:00,9.994035,11,2780.180384
NO_MICRO_SNAPSHOT,6811962,6811962,2026-08-02T05:25:15.577328+00:00,2026-08-02T05:25:16.600177+00:00,1.022849,2,3781.191072
NO_ACCEPTED_PREDICTION_BOOK,6811962,6811962,2026-08-02T05:25:17.746029+00:00,2026-08-02T05:29:58.812161+00:00,281.066132,279,2598.048908
NO_ACCEPTED_PREDICTION_BOOK,6811965,6811965,2026-08-02T05:30:05.494961+00:00,2026-08-02T05:34:58.629236+00:00,293.134275,291,2633.03762
NO_ACCEPTED_PREDICTION_BOOK,6812139,6812139,2026-08-02T05:35:05.135540+00:00,2026-08-02T05:39:59.246128+00:00,294.110588,292,2651.167636
NO_ACCEPTED_PREDICTION_BOOK,6812241,6812241,2026-08-02T05:40:02.844604+00:00,2026-08-02T05:44:59.124427+00:00,296.279823,294,2570.39828
NO_ACCEPTED_PREDICTION_BOOK,6812242,6812242,2026-08-02T05:45:04.674802+00:00,2026-08-02T05:49:58.725628+00:00,294.050826,292,2535.590856
MARKET_ID_MISMATCH,6812249,6812242,2026-08-02T05:50:05.154935+00:00,2026-08-02T05:50:06.949454+00:00,1.794519,3,81.42482
NO_ACCEPTED_PREDICTION_BOOK,6812249,6812249,2026-08-02T05:50:07.942896+00:00,2026-08-02T05:54:59.080191+00:00,291.137295,289,2632.839624
NO_ACCEPTED_PREDICTION_BOOK,6812254,6812254,2026-08-02T05:55:04.955562+00:00,2026-08-02T05:59:59.071511+00:00,294.115949,292,2431.71778
NO_ACCEPTED_PREDICTION_BOOK,6812263,6812263,2026-08-02T06:00:07.092980+00:00,2026-08-02T06:04:58.610678+00:00,291.517698,290,2665.196948
NO_ACCEPTED_PREDICTION_BOOK,6812274,6812274,2026-08-02T06:05:03.204114+00:00,2026-08-02T06:06:14.882286+00:00,71.678172,72,2572.291156
NO_MICRO_SNAPSHOT,6812274,6812274,2026-08-02T06:06:15.894051+00:00,2026-08-02T06:06:16.897378+00:00,1.003327,2,3360.074372
NO_ACCEPTED_PREDICTION_BOOK,6812274,6812274,2026-08-02T06:06:18.144600+00:00,2026-08-02T06:07:14.496621+00:00,56.352021,57,2006.2701
NO_MICRO_SNAPSHOT,6812274,6812274,2026-08-02T06:07:15.502379+00:00,2026-08-02T06:07:16.592065+00:00,1.089686,2,3277.310376
NO_ACCEPTED_PREDICTION_BOOK,6812274,6812274,2026-08-02T06:07:17.565921+00:00,2026-08-02T06:09:59.361964+00:00,161.796043,161,2473.161712
NO_ACCEPTED_PREDICTION_BOOK,6812276,6812276,2026-08-02T06:10:02.995395+00:00,2026-08-02T06:14:14.818310+00:00,251.822915,250,2818.63058
NO_MICRO_SNAPSHOT,6812276,6812276,2026-08-02T06:14:15.832475+00:00,2026-08-02T06:14:15.832475+00:00,0.0,1,3290.82078
NO_ACCEPTED_PREDICTION_BOOK,6812276,6812276,2026-08-02T06:14:16.847973+00:00,2026-08-02T06:14:59.339500+00:00,42.491527,43,2594.99428
NO_ACCEPTED_PREDICTION_BOOK,6812284,6812284,2026-08-02T06:15:04.894735+00:00,2026-08-02T06:19:58.801330+00:00,293.906595,292,2666.64422
NO_ACCEPTED_PREDICTION_BOOK,6812287,6812287,2026-08-02T06:20:05.378482+00:00,2026-08-02T06:24:59.331556+00:00,293.953074,292,2485.112228
NO_ACCEPTED_PREDICTION_BOOK,6812290,6812290,2026-08-02T06:25:05.142819+00:00,2026-08-02T06:29:59.079547+00:00,293.936728,292,2903.39056
NO_ACCEPTED_PREDICTION_BOOK,6812297,6812297,2026-08-02T06:30:03.179983+00:00,2026-08-02T06:33:15.150666+00:00,191.970683,191,2638.160228
NO_MICRO_SNAPSHOT,6812297,6812297,2026-08-02T06:33:16.130970+00:00,2026-08-02T06:33:16.130970+00:00,0.0,1,3212.803812
NO_ACCEPTED_PREDICTION_BOOK,6812297,6812297,2026-08-02T06:33:17.147205+00:00,2026-08-02T06:34:59.312762+00:00,102.165557,102,2682.16394
NO_ACCEPTED_PREDICTION_BOOK,6812308,6812308,2026-08-02T06:35:05.527334+00:00,2026-08-02T06:39:58.591078+00:00,293.063744,291,2909.35078
NO_ACCEPTED_PREDICTION_BOOK,6812312,6812312,2026-08-02T06:40:05.287645+00:00,2026-08-02T06:44:59.483925+00:00,294.19628,292,2570.231264
NO_ACCEPTED_PREDICTION_BOOK,6812319,6812319,2026-08-02T06:45:05.259378+00:00,2026-08-02T06:49:59.396847+00:00,294.137469,292,2549.42368
NO_ACCEPTED_PREDICTION_BOOK,6812323,6812323,2026-08-02T06:50:05.449662+00:00,2026-08-02T06:54:59.520075+00:00,294.070413,292,2459.516096
NO_ACCEPTED_PREDICTION_BOOK,6812326,6812326,2026-08-02T06:55:03.298226+00:00,2026-08-02T06:59:59.460178+00:00,296.161952,294,2524.10656
NO_ACCEPTED_PREDICTION_BOOK,6812332,6812332,2026-08-02T07:00:05.222356+00:00,2026-08-02T07:04:59.137007+00:00,293.914651,292,2636.497012
NO_ACCEPTED_PREDICTION_BOOK,6812338,6812338,2026-08-02T07:05:02.972057+00:00,2026-08-02T07:09:59.088653+00:00,296.116596,294,2603.659464
NO_ACCEPTED_PREDICTION_BOOK,6812344,6812344,2026-08-02T07:10:32.679143+00:00,2026-08-02T07:14:59.504328+00:00,266.825185,265,2461.129608
NO_ACCEPTED_PREDICTION_BOOK,6812345,6812345,2026-08-02T07:15:04.965842+00:00,2026-08-02T07:19:58.974530+00:00,294.008688,292,2832.15268
NO_ACCEPTED_PREDICTION_BOOK,6812351,6812351,2026-08-02T07:20:04.925733+00:00,2026-08-02T07:24:59.169259+00:00,294.243526,292,2381.617084
NO_ACCEPTED_PREDICTION_BOOK,6812355,6812355,2026-08-02T07:25:05.816616+00:00,2026-08-02T07:29:58.972550+00:00,293.155934,291,2305.611928
MARKET_ID_MISMATCH,6812357,6812355,2026-08-02T07:30:03.994115+00:00,2026-08-02T07:30:03.994115+00:00,0.0,1,36.889428
NO_ACCEPTED_PREDICTION_BOOK,6812357,6812357,2026-08-02T07:30:04.226181+00:00,2026-08-02T07:34:59.462270+00:00,295.236089,293,2475.515192
NO_ACCEPTED_PREDICTION_BOOK,6812365,6812365,2026-08-02T07:35:02.965036+00:00,2026-08-02T07:39:59.133650+00:00,296.168614,294,2497.265692
NO_ACCEPTED_PREDICTION_BOOK,6812370,6812370,2026-08-02T07:40:05.515801+00:00,2026-08-02T07:44:58.648778+00:00,293.132977,291,2489.987916
NO_ACCEPTED_PREDICTION_BOOK,6812373,6812373,2026-08-02T07:45:04.900653+00:00,2026-08-02T07:49:59.014970+00:00,294.114317,292,2672.588252
NO_ACCEPTED_PREDICTION_BOOK,6812377,6812377,2026-08-02T07:50:05.379387+00:00,2026-08-02T07:54:58.585064+00:00,293.205677,291,2307.929068
NO_ACCEPTED_PREDICTION_BOOK,6812387,6812387,2026-08-02T07:55:04.668448+00:00,2026-08-02T07:59:58.869509+00:00,294.201061,292,2515.355764
NO_ACCEPTED_PREDICTION_BOOK,6812398,6812398,2026-08-02T08:00:05.819635+00:00,2026-08-02T08:04:17.307673+00:00,251.488038,250,2724.275388
NO_MICRO_SNAPSHOT,6812398,6812398,2026-08-02T08:04:18.327690+00:00,2026-08-02T08:04:19.347792+00:00,1.020102,2,3744.292284
NO_ACCEPTED_PREDICTION_BOOK,6812398,6812398,2026-08-02T08:04:20.485043+00:00,2026-08-02T08:04:58.802617+00:00,38.317574,39,2513.190156
NO_ACCEPTED_PREDICTION_BOOK,6812401,6812401,2026-08-02T08:05:02.633620+00:00,2026-08-02T08:09:58.636354+00:00,296.002734,294,2579.380156
NO_ACCEPTED_PREDICTION_BOOK,6812408,6812408,2026-08-02T08:10:05.026196+00:00,2026-08-02T08:14:59.148090+00:00,294.121894,292,1280.549376
NO_ACCEPTED_PREDICTION_BOOK,6812413,6812413,2026-08-02T08:15:05.768134+00:00,2026-08-02T08:19:58.729031+00:00,292.960897,291,1289.645344
NO_ACCEPTED_PREDICTION_BOOK,6812416,6812416,2026-08-02T08:20:05.459760+00:00,2026-08-02T08:24:58.705795+00:00,293.246035,291,1207.773832
NO_ACCEPTED_PREDICTION_BOOK,6812420,6812420,2026-08-02T08:25:05.579246+00:00,2026-08-02T08:29:58.789307+00:00,293.210061,291,1196.322604
NO_ACCEPTED_PREDICTION_BOOK,6812424,6812424,2026-08-02T08:30:05.528333+00:00,2026-08-02T08:34:58.577527+00:00,293.049194,291,2511.706764
NO_ACCEPTED_PREDICTION_BOOK,6812427,6812427,2026-08-02T08:35:05.162653+00:00,2026-08-02T08:39:59.463997+00:00,294.301344,292,2313.519632
NO_ACCEPTED_PREDICTION_BOOK,6812431,6812431,2026-08-02T08:40:03.062974+00:00,2026-08-02T08:44:59.296834+00:00,296.23386,294,2397.158588
NO_ACCEPTED_PREDICTION_BOOK,6812438,6812438,2026-08-02T08:45:05.323199+00:00,2026-08-02T08:49:59.465635+00:00,294.142436,292,2699.5252
NO_ACCEPTED_PREDICTION_BOOK,6812440,6812440,2026-08-02T08:50:05.466515+00:00,2026-08-02T08:54:58.610656+00:00,293.144141,291,2278.552716
NO_ACCEPTED_PREDICTION_BOOK,6812443,6812443,2026-08-02T08:55:05.607071+00:00,2026-08-02T08:59:58.626245+00:00,293.019174,291,2552.31496
NO_ACCEPTED_PREDICTION_BOOK,6812450,6812450,2026-08-02T09:00:04.973597+00:00,2026-08-02T09:04:59.210885+00:00,294.237288,292,2129.957624
NO_ACCEPTED_PREDICTION_BOOK,6812456,6812456,2026-08-02T09:05:03.118843+00:00,2026-08-02T09:09:59.249051+00:00,296.130208,294,2190.830452
NO_ACCEPTED_PREDICTION_BOOK,6812462,6812462,2026-08-02T09:10:05.248113+00:00,2026-08-02T09:14:59.316910+00:00,294.068797,292,2666.938532
MARKET_ID_MISMATCH,6812464,6812462,2026-08-02T09:15:02.706389+00:00,2026-08-02T09:15:02.706389+00:00,0.0,1,46.889492
NO_ACCEPTED_PREDICTION_BOOK,6812464,6812464,2026-08-02T09:15:03.607069+00:00,2026-08-02T09:19:58.988210+00:00,295.381141,293,2042.145008
NO_ACCEPTED_PREDICTION_BOOK,6812469,6812469,2026-08-02T09:20:05.847911+00:00,2026-08-02T09:24:58.955796+00:00,293.107885,291,2346.566968
NO_ACCEPTED_PREDICTION_BOOK,6812476,6812476,2026-08-02T09:25:03.121450+00:00,2026-08-02T09:29:59.250598+00:00,296.129148,294,2924.602208
NO_ACCEPTED_PREDICTION_BOOK,6812479,6812479,2026-08-02T09:30:05.180488+00:00,2026-08-02T09:34:59.237693+00:00,294.057205,292,2004.465372
NO_ACCEPTED_PREDICTION_BOOK,6812484,6812484,2026-08-02T09:35:05.325403+00:00,2026-08-02T09:39:59.558985+00:00,294.233582,292,1932.181112
NO_ACCEPTED_PREDICTION_BOOK,6812488,6812488,2026-08-02T09:40:05.699888+00:00,2026-08-02T09:44:58.865249+00:00,293.165361,290,2092.769792
NO_ACCEPTED_PREDICTION_BOOK,6812494,6812494,2026-08-02T09:45:05.636288+00:00,2026-08-02T09:49:58.789127+00:00,293.152839,291,2010.764292
NO_ACCEPTED_PREDICTION_BOOK,6812495,6812495,2026-08-02T09:50:05.461565+00:00,2026-08-02T09:54:59.531343+00:00,294.069778,292,1934.591316
NO_ACCEPTED_PREDICTION_BOOK,6812504,6812504,2026-08-02T09:55:03.552332+00:00,2026-08-02T09:59:58.690895+00:00,295.138563,293,1969.366992
NO_ACCEPTED_PREDICTION_BOOK,6812514,6812514,2026-08-02T10:00:03.297921+00:00,2026-08-02T10:04:59.308318+00:00,296.010397,294,2038.922248
NO_ACCEPTED_PREDICTION_BOOK,6812520,6812520,2026-08-02T10:05:05.274188+00:00,2026-08-02T10:09:59.169958+00:00,293.89577,292,2068.023324
NO_ACCEPTED_PREDICTION_BOOK,6812523,6812523,2026-08-02T10:10:05.076255+00:00,2026-08-02T10:14:59.138278+00:00,294.062023,292,2055.084632
NO_ACCEPTED_PREDICTION_BOOK,6812531,6812531,2026-08-02T10:15:07.547482+00:00,2026-08-02T10:19:59.523048+00:00,291.975566,290,2009.750096
NO_ACCEPTED_PREDICTION_BOOK,6812543,6812543,2026-08-02T10:20:05.526247+00:00,2026-08-02T10:24:58.641346+00:00,293.115099,291,2157.711428
NO_ACCEPTED_PREDICTION_BOOK,6812546,6812546,2026-08-02T10:25:04.997968+00:00,2026-08-02T10:29:59.080027+00:00,294.082059,292,1999.120556
NO_ACCEPTED_PREDICTION_BOOK,6812549,6812549,2026-08-02T10:30:05.512485+00:00,2026-08-02T10:34:59.492663+00:00,293.980178,292,2280.521676
NO_ACCEPTED_PREDICTION_BOOK,6812554,6812554,2026-08-02T10:35:31.091970+00:00,2026-08-02T10:39:59.053118+00:00,267.961148,266,2081.470196
NO_ACCEPTED_PREDICTION_BOOK,6812559,6812559,2026-08-02T10:40:05.779768+00:00,2026-08-02T10:44:58.778068+00:00,292.9983,291,2079.11712
NO_ACCEPTED_PREDICTION_BOOK,6812563,6812563,2026-08-02T10:45:03.189226+00:00,2026-08-02T10:49:59.400383+00:00,296.211157,294,2101.171036
NO_ACCEPTED_PREDICTION_BOOK,6812568,6812568,2026-08-02T10:50:05.070036+00:00,2026-08-02T10:54:59.150162+00:00,294.080126,292,2066.74512
NO_ACCEPTED_PREDICTION_BOOK,6812571,6812571,2026-08-02T10:55:05.213192+00:00,2026-08-02T10:59:59.124884+00:00,293.911692,291,2157.54066
NO_ACCEPTED_PREDICTION_BOOK,6812574,6812574,2026-08-02T11:00:04.700200+00:00,2026-08-02T11:04:58.910208+00:00,294.210008,292,2058.56142
NO_ACCEPTED_PREDICTION_BOOK,6812597,6812597,2026-08-02T11:05:05.402757+00:00,2026-08-02T11:09:58.540332+00:00,293.137575,291,2006.849056
NO_ACCEPTED_PREDICTION_BOOK,6812599,6812599,2026-08-02T11:10:51.446980+00:00,2026-08-02T11:14:59.126184+00:00,247.679204,246,2087.210684
NO_ACCEPTED_PREDICTION_BOOK,6812604,6812604,2026-08-02T11:15:05.459541+00:00,2026-08-02T11:19:58.659011+00:00,293.19947,291,2053.250556
NO_ACCEPTED_PREDICTION_BOOK,6812615,6812615,2026-08-02T11:20:05.656812+00:00,2026-08-02T11:24:58.828021+00:00,293.171209,290,2057.876292
NO_ACCEPTED_PREDICTION_BOOK,6812617,6812617,2026-08-02T11:25:05.795239+00:00,2026-08-02T11:29:58.952542+00:00,293.157303,291,2020.560624
NO_ACCEPTED_PREDICTION_BOOK,6812625,6812625,2026-08-02T11:30:03.473572+00:00,2026-08-02T11:34:58.608688+00:00,295.135116,293,2012.374012
NO_ACCEPTED_PREDICTION_BOOK,6812629,6812629,2026-08-02T11:35:04.979422+00:00,2026-08-02T11:39:59.050615+00:00,294.071193,292,2035.350232
NO_ACCEPTED_PREDICTION_BOOK,6812656,6812656,2026-08-02T11:40:05.250763+00:00,2026-08-02T11:44:59.418095+00:00,294.167332,292,2162.945904
NO_ACCEPTED_PREDICTION_BOOK,6812665,6812665,2026-08-02T11:45:05.429159+00:00,2026-08-02T11:49:58.545332+00:00,293.116173,290,2110.782048
NO_ACCEPTED_PREDICTION_BOOK,6812673,6812673,2026-08-02T11:50:02.922424+00:00,2026-08-02T11:54:58.947394+00:00,296.02497,293,2148.954064
NO_ACCEPTED_PREDICTION_BOOK,6812679,6812679,2026-08-02T11:55:05.387080+00:00,2026-08-02T11:59:58.729281+00:00,293.342201,291,2188.252076
NO_ACCEPTED_PREDICTION_BOOK,6812684,6812684,2026-08-02T12:00:06.769916+00:00,2026-08-02T12:04:21.212737+00:00,254.442821,253,2641.991424
NO_MICRO_SNAPSHOT,6812684,6812684,2026-08-02T12:04:21.892556+00:00,2026-08-02T12:04:21.892556+00:00,0.0,1,3321.810432
NO_ACCEPTED_PREDICTION_BOOK,6812684,6812684,2026-08-02T12:04:22.920414+00:00,2026-08-02T12:04:59.332759+00:00,36.412345,37,2796.663548
NO_ACCEPTED_PREDICTION_BOOK,6812709,6812709,2026-08-02T12:05:05.765773+00:00,2026-08-02T12:09:59.025600+00:00,293.259827,291,2188.952704
NO_ACCEPTED_PREDICTION_BOOK,6812712,6812712,2026-08-02T12:10:04.969143+00:00,2026-08-02T12:14:59.078855+00:00,294.109712,292,2095.27914
NO_ACCEPTED_PREDICTION_BOOK,6812716,6812716,2026-08-02T12:15:03.493822+00:00,2026-08-02T12:19:58.772495+00:00,295.278673,293,2232.541204
NO_ACCEPTED_PREDICTION_BOOK,6812721,6812721,2026-08-02T12:20:05.283077+00:00,2026-08-02T12:24:58.692296+00:00,293.409219,291,2228.227924
NO_ACCEPTED_PREDICTION_BOOK,6812729,6812729,2026-08-02T12:25:03.181157+00:00,2026-08-02T12:29:59.222487+00:00,296.04133,294,2138.651576
NO_ACCEPTED_PREDICTION_BOOK,6812731,6812731,2026-08-02T12:30:03.235996+00:00,2026-08-02T12:34:58.576912+00:00,295.340916,293,2346.137472
NO_ACCEPTED_PREDICTION_BOOK,6812741,6812741,2026-08-02T12:35:07.695388+00:00,2026-08-02T12:39:58.753163+00:00,291.057775,289,2179.751064
NO_ACCEPTED_PREDICTION_BOOK,6812743,6812743,2026-08-02T12:40:05.633027+00:00,2026-08-02T12:44:58.716265+00:00,293.083238,291,2251.833204
NO_ACCEPTED_PREDICTION_BOOK,6812747,6812747,2026-08-02T12:45:05.431798+00:00,2026-08-02T12:49:59.475539+00:00,294.043741,292,2229.746524
NO_ACCEPTED_PREDICTION_BOOK,6812754,6812754,2026-08-02T12:50:04.957505+00:00,2026-08-02T12:54:59.027292+00:00,294.069787,292,2231.372716
NO_ACCEPTED_PREDICTION_BOOK,6812757,6812757,2026-08-02T12:55:02.688552+00:00,2026-08-02T12:59:58.762366+00:00,296.073814,294,2167.878572
NO_ACCEPTED_PREDICTION_BOOK,6812770,6812770,2026-08-02T13:00:04.910603+00:00,2026-08-02T13:04:58.975327+00:00,294.064724,292,2223.74452
NO_ACCEPTED_PREDICTION_BOOK,6812779,6812779,2026-08-02T13:05:05.467366+00:00,2026-08-02T13:09:59.277985+00:00,293.810619,292,2217.151796
NO_ACCEPTED_PREDICTION_BOOK,6812780,6812780,2026-08-02T13:10:02.866466+00:00,2026-08-02T13:14:59.090654+00:00,296.224188,293,2170.038112
NO_ACCEPTED_PREDICTION_BOOK,6812786,6812786,2026-08-02T13:15:03.314616+00:00,2026-08-02T13:19:59.383341+00:00,296.068725,294,2182.932776
NO_ACCEPTED_PREDICTION_BOOK,6812791,6812791,2026-08-02T13:20:05.681999+00:00,2026-08-02T13:24:58.710189+00:00,293.02819,291,2287.250092
NO_ACCEPTED_PREDICTION_BOOK,6812830,6812830,2026-08-02T13:25:05.135218+00:00,2026-08-02T13:29:59.281765+00:00,294.146547,292,2349.645296
NO_ACCEPTED_PREDICTION_BOOK,6812833,6812833,2026-08-02T13:30:05.678549+00:00,2026-08-02T13:34:58.785043+00:00,293.106494,291,2251.02042
NO_ACCEPTED_PREDICTION_BOOK,6812841,6812841,2026-08-02T13:35:05.312208+00:00,2026-08-02T13:39:59.384286+00:00,294.072078,292,2274.624824
NO_ACCEPTED_PREDICTION_BOOK,6812843,6812843,2026-08-02T13:40:05.288286+00:00,2026-08-02T13:44:59.446792+00:00,294.158506,292,2322.33418
NO_ACCEPTED_PREDICTION_BOOK,6812847,6812847,2026-08-02T13:45:04.960673+00:00,2026-08-02T13:49:58.972623+00:00,294.01195,292,2366.963284
NO_ACCEPTED_PREDICTION_BOOK,6812854,6812854,2026-08-02T13:50:29.102246+00:00,2026-08-02T13:54:58.919808+00:00,269.817562,268,2188.46122
NO_ACCEPTED_PREDICTION_BOOK,6812864,6812864,2026-08-02T13:55:05.285227+00:00,2026-08-02T13:59:59.418493+00:00,294.133266,292,2136.05846
NO_ACCEPTED_PREDICTION_BOOK,6812866,6812866,2026-08-02T14:00:05.029629+00:00,2026-08-02T14:04:58.705998+00:00,293.676369,291,2210.21114
NO_ACCEPTED_PREDICTION_BOOK,6812876,6812876,2026-08-02T14:05:05.473519+00:00,2026-08-02T14:09:59.564566+00:00,294.091047,292,2277.776944
NO_ACCEPTED_PREDICTION_BOOK,6812880,6812880,2026-08-02T14:10:03.216467+00:00,2026-08-02T14:14:59.336817+00:00,296.12035,293,2293.469384
NO_ACCEPTED_PREDICTION_BOOK,6812887,6812887,2026-08-02T14:15:03.550224+00:00,2026-08-02T14:19:58.842988+00:00,295.292764,293,2400.752724
NO_ACCEPTED_PREDICTION_BOOK,6812889,6812889,2026-08-02T14:20:05.919701+00:00,2026-08-02T14:24:58.966268+00:00,293.046567,291,2289.752
NO_ACCEPTED_PREDICTION_BOOK,6812892,6812892,2026-08-02T14:25:05.314846+00:00,2026-08-02T14:29:58.732432+00:00,293.417586,291,2390.015792
NO_ACCEPTED_PREDICTION_BOOK,6812901,6812901,2026-08-02T14:30:30.946043+00:00,2026-08-02T14:34:58.716121+00:00,267.770078,266,2420.644624
NO_ACCEPTED_PREDICTION_BOOK,6812907,6812907,2026-08-02T14:35:05.486411+00:00,2026-08-02T14:39:58.577453+00:00,293.091042,291,2391.076336
NO_ACCEPTED_PREDICTION_BOOK,6812910,6812910,2026-08-02T14:40:03.131969+00:00,2026-08-02T14:44:59.180673+00:00,296.048704,294,2443.703088
NO_ACCEPTED_PREDICTION_BOOK,6812911,6812911,2026-08-02T14:45:05.491050+00:00,2026-08-02T14:49:58.545687+00:00,293.054637,289,2375.1465
NO_ACCEPTED_PREDICTION_BOOK,6812920,6812920,2026-08-02T14:50:03.590187+00:00,2026-08-02T14:54:58.931339+00:00,295.341152,293,2411.191104
NO_ACCEPTED_PREDICTION_BOOK,6812923,6812923,2026-08-02T14:55:05.111383+00:00,2026-08-02T14:59:59.174729+00:00,294.063346,292,2301.206016
NO_ACCEPTED_PREDICTION_BOOK,6812935,6812935,2026-08-02T15:00:05.148428+00:00,2026-08-02T15:04:59.273968+00:00,294.12554,292,2385.519356
NO_ACCEPTED_PREDICTION_BOOK,6812946,6812946,2026-08-02T15:05:05.521615+00:00,2026-08-02T15:09:59.505781+00:00,293.984166,292,2370.10616
NO_ACCEPTED_PREDICTION_BOOK,6812948,6812948,2026-08-02T15:10:04.876363+00:00,2026-08-02T15:11:23.649193+00:00,78.77283,78,2403.497024
NO_MICRO_SNAPSHOT,6812948,6812948,2026-08-02T15:11:24.631188+00:00,2026-08-02T15:11:24.631188+00:00,0.0,1,3113.102468
NO_ACCEPTED_PREDICTION_BOOK,6812948,6812948,2026-08-02T15:11:25.654020+00:00,2026-08-02T15:14:58.966672+00:00,213.312652,212,2908.633904
NO_ACCEPTED_PREDICTION_BOOK,6812956,6812956,2026-08-02T15:15:05.454752+00:00,2026-08-02T15:19:58.609069+00:00,293.154317,291,2206.794852
NO_ACCEPTED_PREDICTION_BOOK,6812958,6812958,2026-08-02T15:20:03.292010+00:00,2026-08-02T15:24:59.513696+00:00,296.221686,294,2333.465076
NO_ACCEPTED_PREDICTION_BOOK,6812962,6812962,2026-08-02T15:25:05.895006+00:00,2026-08-02T15:29:58.930935+00:00,293.035929,290,2257.965592
NO_ACCEPTED_PREDICTION_BOOK,6812970,6812970,2026-08-02T15:30:03.332814+00:00,2026-08-02T15:34:59.459530+00:00,296.126716,294,2303.825016
NO_ACCEPTED_PREDICTION_BOOK,6812977,6812977,2026-08-02T15:35:05.480680+00:00,2026-08-02T15:39:58.668330+00:00,293.18765,291,2265.470016
NO_ACCEPTED_PREDICTION_BOOK,6812978,6812978,2026-08-02T15:40:03.126479+00:00,2026-08-02T15:44:59.372331+00:00,296.245852,294,2279.205764
NO_ACCEPTED_PREDICTION_BOOK,6812985,6812985,2026-08-02T15:45:05.135895+00:00,2026-08-02T15:49:59.146574+00:00,294.010679,292,2202.151336
NO_ACCEPTED_PREDICTION_BOOK,6812992,6812992,2026-08-02T15:50:05.249871+00:00,2026-08-02T15:54:59.463799+00:00,294.213928,292,2223.942508
NO_ACCEPTED_PREDICTION_BOOK,6812994,6812994,2026-08-02T15:55:05.665452+00:00,2026-08-02T15:59:58.752544+00:00,293.087092,291,2148.739944
NO_ACCEPTED_PREDICTION_BOOK,6813005,6813005,2026-08-02T16:00:05.209989+00:00,2026-08-02T16:04:59.173389+00:00,293.9634,292,2196.496168
NO_ACCEPTED_PREDICTION_BOOK,6813027,6813027,2026-08-02T16:05:03.041790+00:00,2026-08-02T16:09:58.989952+00:00,295.948162,294,2200.259596
NO_ACCEPTED_PREDICTION_BOOK,6813030,6813030,2026-08-02T16:10:05.546773+00:00,2026-08-02T16:14:58.746409+00:00,293.199636,291,2156.213508
NO_ACCEPTED_PREDICTION_BOOK,6813037,6813037,2026-08-02T16:15:03.368331+00:00,2026-08-02T16:19:59.351814+00:00,295.983483,294,2151.807016
NO_ACCEPTED_PREDICTION_BOOK,6813054,6813054,2026-08-02T16:20:03.566810+00:00,2026-08-02T16:24:59.135341+00:00,295.568531,293,2214.820772
NO_ACCEPTED_PREDICTION_BOOK,6813058,6813058,2026-08-02T16:25:05.110004+00:00,2026-08-02T16:29:59.253634+00:00,294.14363,292,2167.674204
NO_ACCEPTED_PREDICTION_BOOK,6813063,6813063,2026-08-02T16:30:04.948358+00:00,2026-08-02T16:34:59.049493+00:00,294.101135,292,2144.38922
NO_ACCEPTED_PREDICTION_BOOK,6813069,6813069,2026-08-02T16:35:05.920890+00:00,2026-08-02T16:39:59.085837+00:00,293.164947,291,2137.849356
NO_ACCEPTED_PREDICTION_BOOK,6813073,6813073,2026-08-02T16:40:31.221949+00:00,2026-08-02T16:44:59.158103+00:00,267.936154,266,2208.677844
NO_ACCEPTED_PREDICTION_BOOK,6813077,6813077,2026-08-02T16:45:05.509949+00:00,2026-08-02T16:49:58.695345+00:00,293.185396,291,2191.834084
NO_ACCEPTED_PREDICTION_BOOK,6813081,6813081,2026-08-02T16:50:05.948105+00:00,2026-08-02T16:54:59.147553+00:00,293.199448,291,2286.30284
NO_ACCEPTED_PREDICTION_BOOK,6813084,6813084,2026-08-02T16:55:05.771435+00:00,2026-08-02T16:59:58.883366+00:00,293.111931,291,2177.112464
NO_ACCEPTED_PREDICTION_BOOK,6813090,6813090,2026-08-02T17:00:05.167662+00:00,2026-08-02T17:04:59.363723+00:00,294.196061,292,2150.999176
NO_ACCEPTED_PREDICTION_BOOK,6813099,6813099,2026-08-02T17:05:02.817860+00:00,2026-08-02T17:09:59.089319+00:00,296.271459,294,2184.358696
NO_ACCEPTED_PREDICTION_BOOK,6813101,6813101,2026-08-02T17:10:05.093682+00:00,2026-08-02T17:14:59.382121+00:00,294.288439,292,2403.1846
NO_ACCEPTED_PREDICTION_BOOK,6813117,6813117,2026-08-02T17:15:05.575827+00:00,2026-08-02T17:19:58.625277+00:00,293.04945,291,2309.4576
NO_ACCEPTED_PREDICTION_BOOK,6813135,6813135,2026-08-02T17:20:05.452379+00:00,2026-08-02T17:24:59.138568+00:00,293.686189,290,2384.016012
NO_ACCEPTED_PREDICTION_BOOK,6813140,6813140,2026-08-02T17:25:05.822156+00:00,2026-08-02T17:29:58.892983+00:00,293.070827,291,2315.156356
NO_ACCEPTED_PREDICTION_BOOK,6813143,6813143,2026-08-02T17:30:03.448687+00:00,2026-08-02T17:34:58.595968+00:00,295.147281,293,2408.107408
NO_ACCEPTED_PREDICTION_BOOK,6813149,6813149,2026-08-02T17:35:33.614323+00:00,2026-08-02T17:39:59.347920+00:00,265.733597,264,2376.490952
NO_ACCEPTED_PREDICTION_BOOK,6813150,6813150,2026-08-02T17:40:05.188683+00:00,2026-08-02T17:44:59.164564+00:00,293.975881,292,2388.524204
NO_ACCEPTED_PREDICTION_BOOK,6813159,6813159,2026-08-02T17:45:05.358011+00:00,2026-08-02T17:49:58.526178+00:00,293.168167,291,2403.630156
NO_ACCEPTED_PREDICTION_BOOK,6813163,6813163,2026-08-02T17:50:03.591634+00:00,2026-08-02T17:54:58.747837+00:00,295.156203,293,2405.362348
NO_ACCEPTED_PREDICTION_BOOK,6813169,6813169,2026-08-02T17:55:03.800812+00:00,2026-08-02T17:59:58.960959+00:00,295.160147,293,2369.613848
NO_ACCEPTED_PREDICTION_BOOK,6813187,6813187,2026-08-02T18:00:03.641178+00:00,2026-08-02T18:04:58.747766+00:00,295.106588,293,2087.548744
NO_ACCEPTED_PREDICTION_BOOK,6813199,6813199,2026-08-02T18:05:07.117988+00:00,2026-08-02T18:09:59.413686+00:00,292.295698,290,2151.520404
NO_ACCEPTED_PREDICTION_BOOK,6813210,6813210,2026-08-02T18:10:03.159424+00:00,2026-08-02T18:14:59.261542+00:00,296.102118,294,2263.188072
NO_ACCEPTED_PREDICTION_BOOK,6813222,6813222,2026-08-02T18:15:05.348217+00:00,2026-08-02T18:18:27.677329+00:00,202.329112,201,2555.402452
NO_MICRO_SNAPSHOT,6813222,6813222,2026-08-02T18:18:28.717193+00:00,2026-08-02T18:18:28.717193+00:00,0.0,1,3390.78654
NO_ACCEPTED_PREDICTION_BOOK,6813222,6813222,2026-08-02T18:18:29.785080+00:00,2026-08-02T18:19:58.770446+00:00,88.985366,89,2322.899436
NO_ACCEPTED_PREDICTION_BOOK,6813226,6813226,2026-08-02T18:20:05.748500+00:00,2026-08-02T18:22:28.203109+00:00,142.454609,142,2870.26092
NO_MICRO_SNAPSHOT,6813226,6813226,2026-08-02T18:22:29.235808+00:00,2026-08-02T18:22:35.279096+00:00,6.043288,7,6303.809116
NO_ACCEPTED_PREDICTION_BOOK,6813226,6813226,2026-08-02T18:22:36.301288+00:00,2026-08-02T18:24:58.772037+00:00,142.470749,142,2493.518044
NO_ACCEPTED_PREDICTION_BOOK,6813237,6813237,2026-08-02T18:25:05.634756+00:00,2026-08-02T18:29:58.738061+00:00,293.103305,291,2354.051036
NO_ACCEPTED_PREDICTION_BOOK,6813257,6813257,2026-08-02T18:30:03.517925+00:00,2026-08-02T18:34:58.648747+00:00,295.130822,293,2476.371792
NO_ACCEPTED_PREDICTION_BOOK,6813260,6813260,2026-08-02T18:35:05.084200+00:00,2026-08-02T18:39:59.236497+00:00,294.152297,292,2298.090432
NO_ACCEPTED_PREDICTION_BOOK,6813279,6813279,2026-08-02T18:40:08.360226+00:00,2026-08-02T18:41:14.073072+00:00,65.712846,66,1886.79322
NO_ACCEPTED_PREDICTION_BOOK,6813279,6813279,2026-08-02T18:41:32.004825+00:00,2026-08-02T18:44:59.764261+00:00,207.759436,202,2392.984288
NO_ACCEPTED_PREDICTION_BOOK,6813283,6813283,2026-08-02T18:45:05.380350+00:00,2026-08-02T18:49:59.435307+00:00,294.054957,292,2235.896412
MARKET_ID_MISMATCH,6813291,6813283,2026-08-02T18:50:02.911461+00:00,2026-08-02T18:50:02.911461+00:00,0.0,1,102.10542
NO_ACCEPTED_PREDICTION_BOOK,6813291,6813291,2026-08-02T18:50:03.817732+00:00,2026-08-02T18:54:59.099326+00:00,295.281594,293,2360.584588
NO_ACCEPTED_PREDICTION_BOOK,6813296,6813296,2026-08-02T18:55:05.320257+00:00,2026-08-02T18:59:13.877434+00:00,248.557177,247,2488.462044
NO_ACCEPTED_PREDICTION_BOOK,6813296,6813296,2026-08-02T18:59:27.845128+00:00,2026-08-02T18:59:59.961557+00:00,32.116429,33,129.118484
MARKET_ID_MISMATCH,6813303,6813296,2026-08-02T19:00:05.416479+00:00,2026-08-02T19:04:59.526880+00:00,294.110401,292,2286.66668
MARKET_ID_MISMATCH,6813313,6813296,2026-08-02T19:05:03.422353+00:00,2026-08-02T19:09:59.335061+00:00,295.912708,294,2283.237796
MARKET_ID_MISMATCH,6813315,6813296,2026-08-02T19:10:06.090134+00:00,2026-08-02T19:14:59.194040+00:00,293.103906,291,2374.189348
MARKET_ID_MISMATCH,6813323,6813296,2026-08-02T19:15:05.307116+00:00,2026-08-02T19:19:59.553539+00:00,294.246423,292,2412.823484
MARKET_ID_MISMATCH,6813334,6813296,2026-08-02T19:20:05.483472+00:00,2026-08-02T19:20:30.645653+00:00,25.162181,26,2812.509592
NO_MICRO_SNAPSHOT,6813334,6813296,2026-08-02T19:20:31.648467+00:00,2026-08-02T19:20:31.648467+00:00,0.0,1,3815.323544
MARKET_ID_MISMATCH,6813334,6813296,2026-08-02T19:20:34.067140+00:00,2026-08-02T19:24:59.025298+00:00,264.958158,264,2242.641304
MARKET_ID_MISMATCH,6813382,6813296,2026-08-02T19:25:05.611076+00:00,2026-08-02T19:29:59.606772+00:00,293.995696,292,2349.249296
MARKET_ID_MISMATCH,6813523,6813296,2026-08-02T19:30:03.723333+00:00,2026-08-02T19:34:59.694263+00:00,295.97093,294,2608.9747
MARKET_ID_MISMATCH,6813532,6813296,2026-08-02T19:35:05.709046+00:00,2026-08-02T19:39:59.766190+00:00,294.057144,292,2561.734396
MARKET_ID_MISMATCH,6813536,6813296,2026-08-02T19:40:03.128402+00:00,2026-08-02T19:41:30.232431+00:00,87.104029,88,2373.903144
NO_MICRO_SNAPSHOT,6813536,6813296,2026-08-02T19:41:31.240835+00:00,2026-08-02T19:41:31.240835+00:00,0.0,1,3067.638772
MARKET_ID_MISMATCH,6813536,6813296,2026-08-02T19:41:32.226654+00:00,2026-08-02T19:44:59.455824+00:00,207.22917,206,2435.857924
MARKET_ID_MISMATCH,6813559,6813296,2026-08-02T19:45:03.935227+00:00,2026-08-02T19:49:59.711149+00:00,295.775922,294,2284.931852
MARKET_ID_MISMATCH,6813562,6813296,2026-08-02T19:50:05.531416+00:00,2026-08-02T19:54:59.653241+00:00,294.121825,292,2489.387396
MARKET_ID_MISMATCH,6813570,6813296,2026-08-02T19:55:05.116375+00:00,2026-08-02T19:59:59.106430+00:00,293.990055,292,2509.786136
MARKET_ID_MISMATCH,6813575,6813296,2026-08-02T20:00:06.084309+00:00,2026-08-02T20:04:53.055070+00:00,286.970761,285,2538.897552
NO_ACCEPTED_PREDICTION_BOOK,6813594,6813594,2026-08-02T20:10:38.964288+00:00,2026-08-02T20:14:59.129250+00:00,260.164962,259,2333.4115
MARKET_ID_MISMATCH,6813603,6813594,2026-08-02T20:15:05.372225+00:00,2026-08-02T20:19:59.411198+00:00,294.038973,292,2630.856
MARKET_ID_MISMATCH,6813608,6813594,2026-08-02T20:20:03.187952+00:00,2026-08-02T20:23:39.281348+00:00,216.093396,215,2343.097136
NO_PREDICTION_MARKET_ID,6813608,,2026-08-02T20:23:50.657432+00:00,2026-08-02T20:23:50.657432+00:00,0.0,1,120.812364
NO_ACCEPTED_PREDICTION_BOOK,6813608,6813608,2026-08-02T20:23:51.475665+00:00,2026-08-02T20:24:59.237136+00:00,67.761471,68,2293.808856
MARKET_ID_MISMATCH,6813611,6813608,2026-08-02T20:25:05.934177+00:00,2026-08-02T20:29:59.970698+00:00,294.036521,292,2183.921084
MARKET_ID_MISMATCH,6813614,6813608,2026-08-02T20:30:03.274907+00:00,2026-08-02T20:34:59.471397+00:00,296.19649,294,2184.580856
MARKET_ID_MISMATCH,6813621,6813608,2026-08-02T20:35:05.686550+00:00,2026-08-02T20:39:59.834622+00:00,294.148072,292,2186.549648
MARKET_ID_MISMATCH,6813622,6813608,2026-08-02T20:40:05.157552+00:00,2026-08-02T20:44:59.180475+00:00,294.022923,292,2223.186684
MARKET_ID_MISMATCH,6813646,6813608,2026-08-02T20:45:05.066780+00:00,2026-08-02T20:49:59.148278+00:00,294.081498,292,2694.637924
MARKET_ID_MISMATCH,6813652,6813608,2026-08-02T20:50:03.352708+00:00,2026-08-02T20:54:59.405394+00:00,296.052686,294,2263.88738
MARKET_ID_MISMATCH,6813657,6813608,2026-08-02T20:55:03.290407+00:00,2026-08-02T20:55:07.237737+00:00,3.94733,5,108.672564
NO_ACCEPTED_PREDICTION_BOOK,6813657,6813657,2026-08-02T20:55:20.811786+00:00,2026-08-02T20:59:59.598979+00:00,278.787193,277,2142.5101
MARKET_ID_MISMATCH,6813672,6813657,2026-08-02T21:00:03.507326+00:00,2026-08-02T21:04:59.544132+00:00,296.036806,294,2000.006824
MARKET_ID_MISMATCH,6813679,6813657,2026-08-02T21:05:05.679005+00:00,2026-08-02T21:08:20.868265+00:00,195.18926,194,2386.252512
NO_ACCEPTED_PREDICTION_BOOK,6813684,6813684,2026-08-02T21:11:42.642458+00:00,2026-08-02T21:12:28.530252+00:00,45.887794,47,143.106152
NO_PREDICTION_MARKET_ID,6813684,,2026-08-02T21:12:38.923792+00:00,2026-08-02T21:12:38.923792+00:00,0.0,1,73.750928
NO_ACCEPTED_PREDICTION_BOOK,6813684,6813684,2026-08-02T21:12:39.604732+00:00,2026-08-02T21:14:59.054903+00:00,139.450171,139,2449.81226
NO_ACCEPTED_PREDICTION_BOOK,6813712,6813712,2026-08-02T21:15:20.328436+00:00,2026-08-02T21:19:59.783812+00:00,279.455376,278,2331.929268
MARKET_ID_MISMATCH,6813715,6813712,2026-08-02T21:20:05.428147+00:00,2026-08-02T21:24:44.171600+00:00,278.743453,277,2741.087096
NO_PREDICTION_MARKET_ID,6813715,,2026-08-02T21:24:59.460466+00:00,2026-08-02T21:24:59.460466+00:00,0.0,1,125.30712
MARKET_ID_MISMATCH,6813719,6813715,2026-08-02T21:25:06.063402+00:00,2026-08-02T21:29:59.137113+00:00,293.073711,291,2175.145008
MARKET_ID_MISMATCH,6813730,6813715,2026-08-02T21:30:05.206761+00:00,2026-08-02T21:34:49.208176+00:00,284.001415,282,2166.532384
NO_ACCEPTED_PREDICTION_BOOK,6813741,6813741,2026-08-02T21:36:20.904457+00:00,2026-08-02T21:36:21.426807+00:00,0.52235,2,39.801184
ACTIVE_MATCH,6813741,6813741,2026-08-02T21:36:22.441225+00:00,2026-08-02T21:39:59.827708+00:00,217.386483,216,1983.3084
NO_ACCEPTED_PREDICTION_BOOK,6813743,6813743,2026-08-02T21:40:05.432299+00:00,2026-08-02T21:40:05.432299+00:00,0.0,1,114.607708
ACTIVE_MATCH,6813743,6813743,2026-08-02T21:40:06.324074+00:00,2026-08-02T21:41:22.099032+00:00,75.774958,76,2162.239308
NO_ACCEPTED_PREDICTION_BOOK,6813743,6813743,2026-08-02T21:41:23.092909+00:00,2026-08-02T21:41:24.105192+00:00,1.012283,2,1752.881244
ACTIVE_MATCH,6813743,6813743,2026-08-02T21:41:25.121484+00:00,2026-08-02T21:42:17.495966+00:00,52.374482,51,155.576976
NO_ACCEPTED_PREDICTION_BOOK,6813743,6813743,2026-08-02T21:42:24.226968+00:00,2026-08-02T21:42:28.283255+00:00,4.056287,5,578.340636
ACTIVE_MATCH,6813743,6813743,2026-08-02T21:42:29.361064+00:00,2026-08-02T21:42:45.262050+00:00,15.900986,15,122.43112
NO_ACCEPTED_PREDICTION_BOOK,6813743,6813743,2026-08-02T21:42:46.325045+00:00,2026-08-02T21:42:46.325045+00:00,0.0,1,11.261192
ACTIVE_MATCH,6813743,6813743,2026-08-02T21:42:47.223397+00:00,2026-08-02T21:43:00.357927+00:00,13.13453,14,144.03538
NO_ACCEPTED_PREDICTION_BOOK,6813743,6813743,2026-08-02T21:43:01.376578+00:00,2026-08-02T21:44:59.964985+00:00,118.588407,118,2108.291828
NO_ACCEPTED_PREDICTION_BOOK,6813763,6813763,2026-08-02T21:45:05.391953+00:00,2026-08-02T21:45:05.391953+00:00,0.0,1,80.260704
ACTIVE_MATCH,6813763,6813763,2026-08-02T21:45:06.262074+00:00,2026-08-02T21:46:22.183643+00:00,75.921569,74,2147.046624
NO_ACCEPTED_PREDICTION_BOOK,6813763,6813763,2026-08-02T21:46:23.198908+00:00,2026-08-02T21:46:24.202819+00:00,1.003911,2,1687.02054
ACTIVE_MATCH,6813763,6813763,2026-08-02T21:46:25.238212+00:00,2026-08-02T21:49:22.451570+00:00,177.213358,176,2465.067732
NO_ACCEPTED_PREDICTION_BOOK,6813763,6813763,2026-08-02T21:49:23.311880+00:00,2026-08-02T21:49:25.446593+00:00,2.134713,3,1910.679008
ACTIVE_MATCH,6813763,6813763,2026-08-02T21:49:26.306734+00:00,2026-08-02T21:49:59.753085+00:00,33.446351,34,120.972216
NO_ACCEPTED_PREDICTION_BOOK,6813767,6813767,2026-08-02T21:50:06.123433+00:00,2026-08-02T21:50:06.123433+00:00,0.0,1,78.650484
ACTIVE_MATCH,6813767,6813767,2026-08-02T21:50:06.990601+00:00,2026-08-02T21:54:53.099180+00:00,286.108579,284,2307.597452
NO_ACCEPTED_PREDICTION_BOOK,6813767,6813767,2026-08-02T21:54:54.086167+00:00,2026-08-02T21:54:59.198731+00:00,5.112564,6,131.627528
NO_ACCEPTED_PREDICTION_BOOK,6813770,6813770,2026-08-02T21:55:05.602379+00:00,2026-08-02T21:55:05.602379+00:00,0.0,1,113.396308
ACTIVE_MATCH,6813770,6813770,2026-08-02T21:55:06.480532+00:00,2026-08-02T21:59:59.821250+00:00,293.340718,291,2262.97006
NO_ACCEPTED_PREDICTION_BOOK,6813778,6813778,2026-08-02T22:00:07.302755+00:00,2026-08-02T22:00:07.620514+00:00,0.317759,2,105.840392
ACTIVE_MATCH,6813778,6813778,2026-08-02T22:00:08.621829+00:00,2026-08-02T22:01:22.404569+00:00,73.78274,74,2228.866032
NO_ACCEPTED_PREDICTION_BOOK,6813778,6813778,2026-08-02T22:01:23.544118+00:00,2026-08-02T22:01:24.537171+00:00,0.993053,2,1893.874784
ACTIVE_MATCH,6813778,6813778,2026-08-02T22:01:25.593293+00:00,2026-08-02T22:02:22.161118+00:00,56.567825,57,2030.078652
NO_MICRO_SNAPSHOT,6813778,6813778,2026-08-02T22:02:23.247217+00:00,2026-08-02T22:02:24.165352+00:00,0.918135,2,3404.493608
NO_ACCEPTED_PREDICTION_BOOK,6813778,6813778,2026-08-02T22:02:25.206126+00:00,2026-08-02T22:02:27.243185+00:00,2.037059,3,2363.71972
ACTIVE_MATCH,6813778,6813778,2026-08-02T22:02:28.210238+00:00,2026-08-02T22:02:38.460619+00:00,10.250381,11,120.683224
NO_ACCEPTED_PREDICTION_BOOK,6813778,6813778,2026-08-02T22:02:40.739725+00:00,2026-08-02T22:02:41.748012+00:00,1.008287,2,22.625168
ACTIVE_MATCH,6813778,6813778,2026-08-02T22:02:42.771558+00:00,2026-08-02T22:03:22.820543+00:00,40.048985,40,2592.976176
NO_MICRO_SNAPSHOT,6813778,6813778,2026-08-02T22:03:23.818277+00:00,2026-08-02T22:03:25.786853+00:00,1.968576,3,4333.415496
NO_ACCEPTED_PREDICTION_BOOK,6813778,6813778,2026-08-02T22:03:26.773745+00:00,2026-08-02T22:03:30.399970+00:00,3.626225,4,2331.589448
ACTIVE_MATCH,6813778,6813778,2026-08-02T22:03:31.386608+00:00,2026-08-02T22:04:05.871174+00:00,34.484566,35,131.464008
NO_ACCEPTED_PREDICTION_BOOK,6813778,6813778,2026-08-02T22:04:07.008487+00:00,2026-08-02T22:04:59.511778+00:00,52.503291,53,2657.595308
NO_ACCEPTED_PREDICTION_BOOK,6813785,6813785,2026-08-02T22:05:05.581898+00:00,2026-08-02T22:05:05.581898+00:00,0.0,1,22.164984
ACTIVE_MATCH,6813785,6813785,2026-08-02T22:05:06.472327+00:00,2026-08-02T22:05:22.597748+00:00,16.125421,17,2316.997668
NO_ACCEPTED_PREDICTION_BOOK,6813785,6813785,2026-08-02T22:05:23.583579+00:00,2026-08-02T22:05:25.603695+00:00,2.020116,3,1927.543464
ACTIVE_MATCH,6813785,6813785,2026-08-02T22:05:26.631959+00:00,2026-08-02T22:06:22.195428+00:00,55.563469,56,1787.84554
NO_ACCEPTED_PREDICTION_BOOK,6813785,6813785,2026-08-02T22:06:23.193337+00:00,2026-08-02T22:06:25.315938+00:00,2.122601,3,2238.380312
ACTIVE_MATCH,6813785,6813785,2026-08-02T22:06:26.232229+00:00,2026-08-02T22:07:22.895619+00:00,56.66339,57,2502.083616
NO_ACCEPTED_PREDICTION_BOOK,6813785,6813785,2026-08-02T22:07:23.911562+00:00,2026-08-02T22:07:24.922624+00:00,1.011062,2,1702.944916
ACTIVE_MATCH,6813785,6813785,2026-08-02T22:07:25.997520+00:00,2026-08-02T22:09:22.310479+00:00,116.312959,116,2424.305708
NO_ACCEPTED_PREDICTION_BOOK,6813785,6813785,2026-08-02T22:09:23.331411+00:00,2026-08-02T22:09:25.331636+00:00,2.000225,3,1965.019056
ACTIVE_MATCH,6813785,6813785,2026-08-02T22:09:26.342021+00:00,2026-08-02T22:09:59.996629+00:00,33.654608,34,127.160592
NO_ACCEPTED_PREDICTION_BOOK,6813796,6813796,2026-08-02T22:10:05.664602+00:00,2026-08-02T22:10:05.664602+00:00,0.0,1,120.973412
ACTIVE_MATCH,6813796,6813796,2026-08-02T22:10:06.576456+00:00,2026-08-02T22:10:22.729039+00:00,16.152583,17,2340.265848
NO_ACCEPTED_PREDICTION_BOOK,6813796,6813796,2026-08-02T22:10:23.730394+00:00,2026-08-02T22:10:25.752650+00:00,2.022256,3,1943.183944
ACTIVE_MATCH,6813796,6813796,2026-08-02T22:10:26.791451+00:00,2026-08-02T22:11:22.790737+00:00,55.999286,55,2420.527496
NO_ACCEPTED_PREDICTION_BOOK,6813796,6813796,2026-08-02T22:11:23.796074+00:00,2026-08-02T22:11:24.798777+00:00,1.002703,2,1747.855816
ACTIVE_MATCH,6813796,6813796,2026-08-02T22:11:25.857357+00:00,2026-08-02T22:12:22.547927+00:00,56.69057,57,2257.143084
NO_ACCEPTED_PREDICTION_BOOK,6813796,6813796,2026-08-02T22:12:23.533353+00:00,2026-08-02T22:12:25.550179+00:00,2.016826,3,2126.806884
ACTIVE_MATCH,6813796,6813796,2026-08-02T22:12:26.577535+00:00,2026-08-02T22:13:22.167713+00:00,55.590178,56,1878.031124
NO_ACCEPTED_PREDICTION_BOOK,6813796,6813796,2026-08-02T22:13:23.175997+00:00,2026-08-02T22:13:25.220944+00:00,2.044947,3,2535.848272
ACTIVE_MATCH,6813796,6813796,2026-08-02T22:13:26.200726+00:00,2026-08-02T22:14:59.212843+00:00,93.012117,93,2301.126764
NO_ACCEPTED_PREDICTION_BOOK,6813800,6813800,2026-08-02T22:15:05.489289+00:00,2026-08-02T22:15:05.489289+00:00,0.0,1,96.36784
ACTIVE_MATCH,6813800,6813800,2026-08-02T22:15:06.336256+00:00,2026-08-02T22:15:22.547588+00:00,16.211332,17,2035.897096
NO_ACCEPTED_PREDICTION_BOOK,6813800,6813800,2026-08-02T22:15:23.547632+00:00,2026-08-02T22:15:25.594308+00:00,2.046676,3,2090.137328
ACTIVE_MATCH,6813800,6813800,2026-08-02T22:15:26.600716+00:00,2026-08-02T22:16:22.321396+00:00,55.72068,56,1921.986624
NO_ACCEPTED_PREDICTION_BOOK,6813800,6813800,2026-08-02T22:16:23.423956+00:00,2026-08-02T22:16:25.379284+00:00,1.955328,3,2502.383232
ACTIVE_MATCH,6813800,6813800,2026-08-02T22:16:26.354537+00:00,2026-08-02T22:17:23.013108+00:00,56.658571,57,2479.308768
NO_ACCEPTED_PREDICTION_BOOK,6813800,6813800,2026-08-02T22:17:24.009597+00:00,2026-08-02T22:17:25.123437+00:00,1.11384,2,1803.856516
ACTIVE_MATCH,6813800,6813800,2026-08-02T22:17:26.030644+00:00,2026-08-02T22:18:22.673745+00:00,56.643101,57,2176.852296
NO_ACCEPTED_PREDICTION_BOOK,6813800,6813800,2026-08-02T22:18:23.683564+00:00,2026-08-02T22:18:25.692752+00:00,2.009188,3,2039.593768
ACTIVE_MATCH,6813800,6813800,2026-08-02T22:18:26.728415+00:00,2026-08-02T22:19:22.394617+00:00,55.666202,56,2037.614888
NO_ACCEPTED_PREDICTION_BOOK,6813800,6813800,2026-08-02T22:19:23.431447+00:00,2026-08-02T22:19:25.405490+00:00,1.974043,3,2543.55406
ACTIVE_MATCH,6813800,6813800,2026-08-02T22:19:26.447907+00:00,2026-08-02T22:19:59.781857+00:00,33.33395,34,139.226696
NO_ACCEPTED_PREDICTION_BOOK,6813808,6813808,2026-08-02T22:20:03.471829+00:00,2026-08-02T22:20:05.374987+00:00,1.903158,3,74.695092
MARKET_ID_MISMATCH,6813808,6813800,2026-08-02T22:20:06.403640+00:00,2026-08-02T22:20:09.452786+00:00,3.049146,4,110.644336
NO_ACCEPTED_PREDICTION_BOOK,6813808,6813808,2026-08-02T22:20:10.474499+00:00,2026-08-02T22:20:10.474499+00:00,0.0,1,7.752072
ACTIVE_MATCH,6813808,6813808,2026-08-02T22:20:11.469177+00:00,2026-08-02T22:20:22.581422+00:00,11.112245,12,2179.17028
NO_ACCEPTED_PREDICTION_BOOK,6813808,6813808,2026-08-02T22:20:23.601472+00:00,2026-08-02T22:20:25.605421+00:00,2.003949,3,2232.9046
ACTIVE_MATCH,6813808,6813808,2026-08-02T22:20:26.632844+00:00,2026-08-02T22:21:22.210222+00:00,55.577378,56,1677.62348
NO_ACCEPTED_PREDICTION_BOOK,6813808,6813808,2026-08-02T22:21:23.212037+00:00,2026-08-02T22:21:25.220085+00:00,2.008048,3,2614.54868
ACTIVE_MATCH,6813808,6813808,2026-08-02T22:21:26.215037+00:00,2026-08-02T22:22:22.840395+00:00,56.625358,57,2438.862408
NO_ACCEPTED_PREDICTION_BOOK,6813808,6813808,2026-08-02T22:22:23.846289+00:00,2026-08-02T22:22:25.864287+00:00,2.017998,3,2022.975104
ACTIVE_MATCH,6813808,6813808,2026-08-02T22:22:26.883121+00:00,2026-08-02T22:23:22.502312+00:00,55.619191,56,2124.574136
NO_ACCEPTED_PREDICTION_BOOK,6813808,6813808,2026-08-02T22:23:23.536761+00:00,2026-08-02T22:23:25.539265+00:00,2.002504,3,2607.093112
ACTIVE_MATCH,6813808,6813808,2026-08-02T22:23:26.564230+00:00,2026-08-02T22:24:23.120804+00:00,56.556574,57,2534.672696
NO_ACCEPTED_PREDICTION_BOOK,6813808,6813808,2026-08-02T22:24:24.152403+00:00,2026-08-02T22:24:26.185774+00:00,2.033371,3,2667.6681
ACTIVE_MATCH,6813808,6813808,2026-08-02T22:24:27.178304+00:00,2026-08-02T22:24:59.807600+00:00,32.629296,32,130.908772
NO_ACCEPTED_PREDICTION_BOOK,6813827,6813827,2026-08-02T22:25:03.915313+00:00,2026-08-02T22:25:04.825347+00:00,0.910034,2,107.282004
ACTIVE_MATCH,6813827,6813827,2026-08-02T22:25:05.831668+00:00,2026-08-02T22:25:23.002810+00:00,17.171142,18,2560.374712
NO_ACCEPTED_PREDICTION_BOOK,6813827,6813827,2026-08-02T22:25:24.004893+00:00,2026-08-02T22:25:25.998419+00:00,1.993526,3,2257.707916
ACTIVE_MATCH,6813827,6813827,2026-08-02T22:25:27.029671+00:00,2026-08-02T22:26:22.641749+00:00,55.612078,56,2152.127092
NO_ACCEPTED_PREDICTION_BOOK,6813827,6813827,2026-08-02T22:26:23.642869+00:00,2026-08-02T22:26:25.663294+00:00,2.020425,3,2621.611808
ACTIVE_MATCH,6813827,6813827,2026-08-02T22:26:26.674086+00:00,2026-08-02T22:27:22.939299+00:00,56.265213,53,2341.863772
NO_ACCEPTED_PREDICTION_BOOK,6813827,6813827,2026-08-02T22:27:23.951419+00:00,2026-08-02T22:27:25.976116+00:00,2.024697,3,2041.829664
ACTIVE_MATCH,6813827,6813827,2026-08-02T22:27:26.988825+00:00,2026-08-02T22:28:22.646817+00:00,55.657992,56,2037.478924
NO_ACCEPTED_PREDICTION_BOOK,6813827,6813827,2026-08-02T22:28:23.679247+00:00,2026-08-02T22:28:25.692316+00:00,2.013069,3,2344.604152
ACTIVE_MATCH,6813827,6813827,2026-08-02T22:28:26.688166+00:00,2026-08-02T22:29:23.334520+00:00,56.646354,57,2778.029664
NO_ACCEPTED_PREDICTION_BOOK,6813827,6813827,2026-08-02T22:29:24.313353+00:00,2026-08-02T22:29:59.685709+00:00,35.372356,36,1802.15244
NO_ACCEPTED_PREDICTION_BOOK,6813844,6813844,2026-08-02T22:30:05.899558+00:00,2026-08-02T22:30:05.899558+00:00,0.0,1,21.465844
ACTIVE_MATCH,6813844,6813844,2026-08-02T22:30:06.786768+00:00,2026-08-02T22:30:22.934551+00:00,16.147783,17,2295.64914
NO_ACCEPTED_PREDICTION_BOOK,6813844,6813844,2026-08-02T22:30:23.954110+00:00,2026-08-02T22:30:25.981033+00:00,2.026923,3,2106.647748
ACTIVE_MATCH,6813844,6813844,2026-08-02T22:30:26.998340+00:00,2026-08-02T22:31:22.639110+00:00,55.64077,56,1899.911544
NO_ACCEPTED_PREDICTION_BOOK,6813844,6813844,2026-08-02T22:31:23.599938+00:00,2026-08-02T22:31:25.648713+00:00,2.048775,3,2324.605308
ACTIVE_MATCH,6813844,6813844,2026-08-02T22:31:26.634833+00:00,2026-08-02T22:32:23.256199+00:00,56.621366,57,2764.211812
NO_ACCEPTED_PREDICTION_BOOK,6813844,6813844,2026-08-02T22:32:24.303847+00:00,2026-08-02T22:32:26.281397+00:00,1.97755,3,2244.343532
ACTIVE_MATCH,6813844,6813844,2026-08-02T22:32:27.283197+00:00,2026-08-02T22:33:22.917510+00:00,55.634313,56,2175.783544
NO_ACCEPTED_PREDICTION_BOOK,6813844,6813844,2026-08-02T22:33:23.926796+00:00,2026-08-02T22:33:25.961213+00:00,2.034417,3,2205.406368
ACTIVE_MATCH,6813844,6813844,2026-08-02T22:33:26.930588+00:00,2026-08-02T22:34:22.603153+00:00,55.672565,56,2032.675596
NO_ACCEPTED_PREDICTION_BOOK,6813844,6813844,2026-08-02T22:34:23.594607+00:00,2026-08-02T22:34:25.621345+00:00,2.026738,3,2536.150396
ACTIVE_MATCH,6813844,6813844,2026-08-02T22:34:26.662559+00:00,2026-08-02T22:34:28.718360+00:00,2.055801,3,40.615328
NO_ACCEPTED_PREDICTION_BOOK,6813844,6813844,2026-08-02T22:34:29.713717+00:00,2026-08-02T22:34:59.059524+00:00,29.345807,30,131.150968
NO_ACCEPTED_PREDICTION_BOOK,6813846,6813846,2026-08-02T22:35:05.990884+00:00,2026-08-02T22:35:06.836418+00:00,0.845534,2,102.994704
ACTIVE_MATCH,6813846,6813846,2026-08-02T22:35:07.832489+00:00,2026-08-02T22:35:23.041053+00:00,15.208564,16,2423.614784
NO_ACCEPTED_PREDICTION_BOOK,6813846,6813846,2026-08-02T22:35:24.070272+00:00,2026-08-02T22:35:26.033006+00:00,1.962734,3,2142.201
ACTIVE_MATCH,6813846,6813846,2026-08-02T22:35:27.054572+00:00,2026-08-02T22:36:22.682140+00:00,55.627568,56,2138.94616
NO_ACCEPTED_PREDICTION_BOOK,6813846,6813846,2026-08-02T22:36:23.677608+00:00,2026-08-02T22:36:25.717465+00:00,2.039857,3,2739.334264
ACTIVE_MATCH,6813846,6813846,2026-08-02T22:36:26.714014+00:00,2026-08-02T22:37:23.376840+00:00,56.662826,57,2635.385392
NO_ACCEPTED_PREDICTION_BOOK,6813846,6813846,2026-08-02T22:37:24.327377+00:00,2026-08-02T22:37:26.353114+00:00,2.025737,3,1977.217348
ACTIVE_MATCH,6813846,6813846,2026-08-02T22:37:27.355159+00:00,2026-08-02T22:38:22.989232+00:00,55.634073,56,2295.050128
NO_ACCEPTED_PREDICTION_BOOK,6813846,6813846,2026-08-02T22:38:24.023773+00:00,2026-08-02T22:38:26.038196+00:00,2.014423,3,2402.241772
ACTIVE_MATCH,6813846,6813846,2026-08-02T22:38:27.068041+00:00,2026-08-02T22:39:22.721603+00:00,55.653562,56,2048.662716
NO_ACCEPTED_PREDICTION_BOOK,6813846,6813846,2026-08-02T22:39:23.724650+00:00,2026-08-02T22:39:25.791153+00:00,2.066503,3,2798.629716
ACTIVE_MATCH,6813846,6813846,2026-08-02T22:39:26.793120+00:00,2026-08-02T22:39:33.856496+00:00,7.063376,8,116.948092
NO_ACCEPTED_PREDICTION_BOOK,6813846,6813846,2026-08-02T22:39:34.864004+00:00,2026-08-02T22:39:59.179898+00:00,24.315894,25,123.421732
NO_ACCEPTED_PREDICTION_BOOK,6813848,6813848,2026-08-02T22:40:03.740412+00:00,2026-08-02T22:40:05.563043+00:00,1.822631,3,118.155604
ACTIVE_MATCH,6813848,6813848,2026-08-02T22:40:06.581388+00:00,2026-08-02T22:40:12.635712+00:00,6.054324,7,115.075868
NO_ACCEPTED_PREDICTION_BOOK,6813848,6813848,2026-08-02T22:40:29.669094+00:00,2026-08-02T22:40:30.260094+00:00,0.591,2,62.160452
ACTIVE_MATCH,6813848,6813848,2026-08-02T22:40:31.258853+00:00,2026-08-02T22:41:31.927621+00:00,60.668768,61,2782.662564
NO_ACCEPTED_PREDICTION_BOOK,6813848,6813848,2026-08-02T22:41:32.899077+00:00,2026-08-02T22:41:34.949637+00:00,2.05056,3,2318.345536
ACTIVE_MATCH,6813848,6813848,2026-08-02T22:41:35.930446+00:00,2026-08-02T22:42:31.561336+00:00,55.63089,56,2385.904264
NO_ACCEPTED_PREDICTION_BOOK,6813848,6813848,2026-08-02T22:42:32.588911+00:00,2026-08-02T22:42:34.578492+00:00,1.989581,3,2730.017396
ACTIVE_MATCH,6813848,6813848,2026-08-02T22:42:35.584544+00:00,2026-08-02T22:43:31.419516+00:00,55.834972,56,2126.62786
NO_ACCEPTED_PREDICTION_BOOK,6813848,6813848,2026-08-02T22:43:32.188218+00:00,2026-08-02T22:43:34.224723+00:00,2.036505,3,2757.226388
ACTIVE_MATCH,6813848,6813848,2026-08-02T22:43:35.249206+00:00,2026-08-02T22:44:32.011372+00:00,56.762166,57,2861.380632
NO_ACCEPTED_PREDICTION_BOOK,6813848,6813848,2026-08-02T22:44:32.825619+00:00,2026-08-02T22:44:59.141224+00:00,26.315605,27,2111.004556
MARKET_ID_MISMATCH,6813856,6813848,2026-08-02T22:45:05.916607+00:00,2026-08-02T22:50:00.006164+00:00,294.089557,292,2808.114384
MARKET_ID_MISMATCH,6813864,6813848,2026-08-02T22:50:03.163491+00:00,2026-08-02T22:54:59.323832+00:00,296.160341,294,2842.141484
MARKET_ID_MISMATCH,6813866,6813848,2026-08-02T22:55:05.175737+00:00,2026-08-02T22:59:59.337812+00:00,294.162075,292,2909.366464
MARKET_ID_MISMATCH,6813879,6813848,2026-08-02T23:00:06.022472+00:00,2026-08-02T23:02:31.544716+00:00,145.522244,145,2802.844828
NO_MICRO_SNAPSHOT,6813879,6813848,2026-08-02T23:02:32.568515+00:00,2026-08-02T23:02:32.568515+00:00,0.0,1,3116.790372
MARKET_ID_MISMATCH,6813879,6813848,2026-08-02T23:02:33.581759+00:00,2026-08-02T23:04:31.858325+00:00,118.276566,118,2701.189608
NO_MICRO_SNAPSHOT,6813879,6813848,2026-08-02T23:04:32.867265+00:00,2026-08-02T23:04:33.884410+00:00,1.017145,2,3381.174524
MARKET_ID_MISMATCH,6813879,6813848,2026-08-02T23:04:34.880994+00:00,2026-08-02T23:04:59.172518+00:00,24.291524,25,2329.508852
MARKET_ID_MISMATCH,6813883,6813848,2026-08-02T23:05:05.329796+00:00,2026-08-02T23:09:59.362535+00:00,294.032739,292,2825.347236
MARKET_ID_MISMATCH,6813887,6813848,2026-08-02T23:10:05.988400+00:00,2026-08-02T23:12:32.581567+00:00,146.593167,146,2938.811868
NO_MICRO_SNAPSHOT,6813887,6813848,2026-08-02T23:12:33.572236+00:00,2026-08-02T23:12:33.572236+00:00,0.0,1,3110.271368
MARKET_ID_MISMATCH,6813887,6813848,2026-08-02T23:12:34.793810+00:00,2026-08-02T23:14:59.219907+00:00,144.426097,144,2641.64856
MARKET_ID_MISMATCH,6813899,6813848,2026-08-02T23:15:05.455546+00:00,2026-08-02T23:17:31.803589+00:00,146.348043,146,2932.174292
NO_MICRO_SNAPSHOT,6813899,6813848,2026-08-02T23:17:32.865063+00:00,2026-08-02T23:17:32.865063+00:00,0.0,1,3405.047812
MARKET_ID_MISMATCH,6813899,6813848,2026-08-02T23:17:35.466996+00:00,2026-08-02T23:18:31.883857+00:00,56.416861,57,2334.945296
NO_MICRO_SNAPSHOT,6813899,6813848,2026-08-02T23:18:33.066395+00:00,2026-08-02T23:18:33.876613+00:00,0.810218,2,3756.442236
MARKET_ID_MISMATCH,6813899,6813848,2026-08-02T23:18:34.874156+00:00,2026-08-02T23:19:59.662304+00:00,84.788148,81,2834.918888
MARKET_ID_MISMATCH,6813926,6813848,2026-08-02T23:20:05.746589+00:00,2026-08-02T23:20:54.302502+00:00,48.555913,48,2801.230252
NO_ACCEPTED_PREDICTION_BOOK,6813926,6813926,2026-08-02T23:21:09.112886+00:00,2026-08-02T23:21:09.112886+00:00,0.0,1,51.863384
ACTIVE_MATCH,6813926,6813926,2026-08-02T23:21:09.773626+00:00,2026-08-02T23:22:11.454795+00:00,61.681169,62,2766.628008
NO_ACCEPTED_PREDICTION_BOOK,6813926,6813926,2026-08-02T23:22:12.451550+00:00,2026-08-02T23:22:14.491904+00:00,2.040354,3,2786.745348
ACTIVE_MATCH,6813926,6813926,2026-08-02T23:22:15.491855+00:00,2026-08-02T23:23:11.188508+00:00,55.696653,56,2521.37136
NO_ACCEPTED_PREDICTION_BOOK,6813926,6813926,2026-08-02T23:23:12.168646+00:00,2026-08-02T23:23:14.176615+00:00,2.007969,3,2420.211556
ACTIVE_MATCH,6813926,6813926,2026-08-02T23:23:15.212279+00:00,2026-08-02T23:24:11.032549+00:00,55.82027,56,2271.133264
NO_ACCEPTED_PREDICTION_BOOK,6813926,6813926,2026-08-02T23:24:11.859457+00:00,2026-08-02T23:24:13.851605+00:00,1.992148,3,2497.151976
ACTIVE_MATCH,6813926,6813926,2026-08-02T23:24:14.939667+00:00,2026-08-02T23:24:58.394056+00:00,43.454389,44,139.985728
NO_ACCEPTED_PREDICTION_BOOK,6813926,6813926,2026-08-02T23:24:59.383465+00:00,2026-08-02T23:24:59.383465+00:00,0.0,1,59.99204
MARKET_ID_MISMATCH,6813931,6813926,2026-08-02T23:25:05.357939+00:00,2026-08-02T23:26:10.979540+00:00,65.621601,66,2266.151924
NO_MICRO_SNAPSHOT,6813931,6813926,2026-08-02T23:26:11.995436+00:00,2026-08-02T23:26:11.995436+00:00,0.0,1,3125.500968
MARKET_ID_MISMATCH,6813931,6813926,2026-08-02T23:26:13.009203+00:00,2026-08-02T23:29:59.462724+00:00,226.453521,225,2790.496544
MARKET_ID_MISMATCH,6813936,6813926,2026-08-02T23:30:06.200907+00:00,2026-08-02T23:33:10.947116+00:00,184.746209,184,2903.76086
NO_MICRO_SNAPSHOT,6813936,6813926,2026-08-02T23:33:12.005777+00:00,2026-08-02T23:33:12.005777+00:00,0.0,1,3339.116496
MARKET_ID_MISMATCH,6813936,6813926,2026-08-02T23:33:12.960866+00:00,2026-08-02T23:34:59.180003+00:00,106.219137,106,2993.504536
MARKET_ID_MISMATCH,6813940,6813926,2026-08-02T23:35:05.663967+00:00,2026-08-02T23:39:59.663600+00:00,293.999633,292,2944.00164
MARKET_ID_MISMATCH,6813942,6813926,2026-08-02T23:40:06.073162+00:00,2026-08-02T23:43:55.300959+00:00,229.227797,228,2814.641116
